rentree,zone_geographique_d_origine,nationalite,code_nation,total_mobiles,mob_univ,mob_ec_commerce,mob_inge_univ,mob_inge_hors_univ,mob_ec_art,mob_autres_formations,mob_idf,mob_auvergnerhonealpes,mob_occitanie,mob_grandest,mob_hautsdefrance,mob_autres_regions,total_etrangers,etr_univ,etr_ec_commerce,etr_inge_univ,etr_inge_hors_univ,etr_ec_art,etr_autres_formations,etr_idf,etr_auvergnerhonealpes,etr_occitanie,etr_grandest,etr_hautsdefrance,etr_autres_regions,iso3,name_fr,bologne,oecd_members,ue27
2013,Afrique subsaharienne,AFRIQUE DU SUD,303,95,63,9,0,0,6,17,31,13,11,17,2,19,141,88,14,0,2,6,31,43,25,16,19,6,32,ZAF,Afrique du Sud,FALSE,FALSE,FALSE
2014,Afrique subsaharienne,AFRIQUE DU SUD,303,125,68,30,2,0,6,20,62,13,8,13,2,26,171,99,34,2,2,6,29,73,19,17,14,6,42,ZAF,Afrique du Sud,FALSE,FALSE,FALSE
2014,Afrique subsaharienne,BOTSWANA,347,15,11,2,2,0,2,2,2,2,2,2,2,5,17,12,2,2,2,2,2,2,2,2,2,2,5,BWA,Botswana,FALSE,FALSE,FALSE
2015,Afrique subsaharienne,BOTSWANA,347,13,8,2,2,0,0,2,2,2,2,2,2,5,15,9,2,2,2,0,2,2,2,2,2,2,5,BWA,Botswana,FALSE,FALSE,FALSE
2013,Afrique subsaharienne,BURKINA,331,1260,1049,34,23,60,9,85,251,212,116,92,91,498,1466,1161,62,24,66,13,140,335,239,132,104,105,551,BFA,Burkina Faso,FALSE,FALSE,FALSE
2014,Afrique subsaharienne,BURKINA,331,1334,1100,37,21,68,8,100,271,230,124,107,93,509,1509,1188,56,23,72,12,158,343,247,144,116,105,554,BFA,Burkina Faso,FALSE,FALSE,FALSE
2014,Afrique subsaharienne,BURUNDI,321,432,386,5,2,2,2,33,61,59,44,25,72,171,499,434,9,2,2,2,46,82,64,49,29,86,189,BDI,Burundi,FALSE,FALSE,FALSE
2015,Afrique subsaharienne,BURUNDI,321,448,402,2,2,7,5,29,52,53,46,22,98,177,505,440,5,2,8,6,44,70,56,52,24,110,193,BDI,Burundi,FALSE,FALSE,FALSE
2015,Afrique subsaharienne,CAMEROUN,322,4864,3190,392,254,495,14,519,1394,411,312,564,450,1733,6934,4555,520,267,595,18,979,2299,579,425,706,650,2275,CMR,Cameroun,FALSE,FALSE,FALSE
2014,Afrique subsaharienne,CONGO,324,2043,1673,53,18,43,27,229,618,218,140,205,220,642,3553,2743,111,25,75,33,566,1320,309,203,293,380,1048,COG,Congo,FALSE,FALSE,FALSE
2015,Afrique subsaharienne,CONGO,324,2272,1833,69,26,43,21,280,685,242,167,216,245,717,3957,2996,116,28,80,29,708,1472,354,244,307,419,1161,COG,Congo,FALSE,FALSE,FALSE
2013,Afrique subsaharienne,COTE D'IVOIRE,326,3632,2889,296,43,62,38,304,1101,450,444,246,271,1120,5032,3832,404,47,102,47,600,1763,551,544,316,381,1477,CIV,Côte dIvoire,FALSE,FALSE,FALSE
2015,Afrique subsaharienne,COTE D'IVOIRE,326,4733,3839,404,56,75,40,319,1242,648,576,337,338,1592,6258,4835,506,61,122,50,684,1956,744,678,404,478,1998,CIV,Côte dIvoire,FALSE,FALSE,FALSE
2013,Afrique subsaharienne,EGYPTE,301,1783,1643,36,2,12,13,75,544,396,101,53,54,635,1946,1741,48,2,17,21,115,653,405,107,59,58,664,EGY,Egypte,FALSE,FALSE,FALSE
2013,Afrique subsaharienne,ERYTHREE,317,2,2,0,0,0,2,2,2,0,0,0,0,2,5,2,0,0,0,2,2,2,0,0,0,0,2,ERI,Erythrée,FALSE,FALSE,FALSE
2013,Afrique subsaharienne,ETHIOPIE,315,199,166,2,2,2,2,23,26,56,59,5,12,41,249,199,2,2,8,2,34,38,63,63,8,22,55,ETH,Ethiopie,FALSE,FALSE,FALSE
2015,Afrique subsaharienne,GAMBIE,304,10,7,2,0,0,0,2,5,2,2,0,0,2,25,19,2,0,0,0,5,15,2,2,0,2,5,GMB,Gambie,FALSE,FALSE,FALSE
2014,Afrique subsaharienne,GUINEE,330,3164,2990,30,20,18,9,97,719,354,352,338,222,1179,3589,3265,47,23,27,13,214,879,386,388,364,261,1311,GIN,Guinée,FALSE,FALSE,FALSE
2015,Afrique subsaharienne,GUINEE-BISSAO,392,39,35,0,0,2,0,2,18,2,2,2,2,9,72,54,2,2,2,0,10,40,5,5,2,5,15,GNB,Guinée-Bissau,FALSE,FALSE,FALSE
2015,Afrique subsaharienne,KENYA,332,121,80,12,0,2,2,27,52,15,9,11,2,30,141,94,13,0,2,2,32,62,15,10,12,5,37,KEN,Kenya,FALSE,FALSE,FALSE
2015,Afrique subsaharienne,MALI,335,2332,2092,42,27,51,8,112,848,321,199,177,125,662,2721,2333,63,32,61,8,224,1101,334,221,187,146,732,MLI,Mali,FALSE,FALSE,FALSE
2014,Afrique subsaharienne,NAMIBIE,311,6,2,2,0,0,0,2,2,0,2,0,0,2,10,6,2,0,0,0,2,5,0,2,0,2,2,NAM,Namibie,FALSE,FALSE,FALSE
2014,Afrique subsaharienne,NIGERIA,338,316,198,44,2,0,2,68,87,54,24,27,12,112,401,252,54,2,2,5,84,125,57,25,27,18,149,NGA,Nigéria,FALSE,FALSE,FALSE
2014,Afrique subsaharienne,REP. CENTRAFRICAINE,323,401,352,7,5,5,2,30,88,45,44,32,40,152,638,523,14,6,11,2,82,170,64,57,48,60,239,CAF,République centrafricaine,FALSE,FALSE,FALSE
2014,Afrique subsaharienne,REP. DEM. CONGO,312,708,600,12,5,6,0,85,264,60,28,86,91,179,1293,990,24,6,16,2,256,579,95,51,114,164,290,COD,Congo (Rép. dém.),FALSE,FALSE,FALSE
2015,Afrique subsaharienne,REP. DEM. CONGO,312,796,673,13,2,5,0,102,265,78,32,105,110,206,1553,1174,27,2,15,2,333,678,142,52,146,209,326,COD,Congo (Rép. dém.),FALSE,FALSE,FALSE
2014,Afrique subsaharienne,RWANDA,340,406,358,5,2,2,7,31,64,79,27,26,75,135,619,514,9,6,11,9,70,114,105,43,37,113,207,RWA,Rwanda,FALSE,FALSE,FALSE
2015,Afrique subsaharienne,SAO TOME-ET-PRINCIPE,394,11,11,0,0,0,0,0,0,7,2,2,0,2,12,11,0,0,0,0,2,0,7,2,2,0,2,STP,Sao Tomé-et-Principe,FALSE,FALSE,FALSE
2014,Afrique subsaharienne,SENEGAL,341,7590,6350,212,244,401,33,350,2105,808,903,683,714,2377,8744,6916,293,256,512,42,725,2540,923,995,738,823,2725,SEN,Sénégal,FALSE,FALSE,FALSE
2015,Afrique subsaharienne,SENEGAL,341,7722,6331,314,246,408,35,388,2136,866,915,697,715,2393,8924,6905,392,260,523,49,795,2608,972,1025,767,838,2714,SEN,Sénégal,FALSE,FALSE,FALSE
2015,Afrique subsaharienne,SEYCHELLES,398,37,31,2,0,0,2,2,2,2,0,2,2,28,51,45,2,0,0,2,2,7,2,0,2,2,38,SYC,Seychelles,FALSE,FALSE,FALSE
2015,Afrique subsaharienne,SWAZILAND,391,2,2,0,0,0,0,0,2,2,2,0,0,2,6,5,2,0,0,0,0,2,2,2,0,0,2,SWZ,Eswatini,FALSE,FALSE,FALSE
2015,Afrique subsaharienne,TANZANIE,309,42,25,6,0,0,0,11,12,8,7,2,2,10,49,27,6,0,2,0,13,15,8,8,2,2,13,TZA,Tanzanie,FALSE,FALSE,FALSE
2015,Afrique subsaharienne,TOGO,345,1569,1306,59,14,42,8,140,392,197,138,157,186,499,2000,1590,83,17,59,13,238,581,234,165,198,232,590,TGO,Togo,FALSE,FALSE,FALSE
2015,Afrique subsaharienne,ZAMBIE,346,16,8,2,0,2,2,2,2,2,2,2,2,5,19,9,2,0,2,2,5,2,2,2,2,2,6,ZMB,Zambie,FALSE,FALSE,FALSE
2014,Amérique,ARGENTINE,415,773,531,23,6,64,20,129,425,83,65,54,17,129,892,604,35,6,78,24,145,475,89,79,61,25,163,ARG,Argentine,FALSE,FALSE,FALSE
2013,Amérique,BELIZE,429,2,2,2,0,0,0,2,2,0,0,0,2,2,5,2,2,0,0,0,2,2,0,0,0,2,2,BLZ,Belize,FALSE,FALSE,FALSE
2013,Amérique,BOLIVIE,418,250,184,9,0,21,11,25,72,68,43,14,6,47,325,222,16,2,28,15,43,100,76,53,15,12,69,BOL,Bolivie,FALSE,FALSE,FALSE
2014,Amérique,BRESIL,416,4645,2953,134,168,803,103,484,1896,820,325,251,243,1110,5321,3370,180,176,882,132,581,2178,879,380,272,280,1332,BRA,Brésil,FALSE,FALSE,FALSE
2015,Amérique,BRESIL,416,4506,2742,129,170,812,93,560,1858,793,344,279,224,1008,5238,3227,166,175,878,125,667,2107,870,419,300,280,1262,BRA,Brésil,FALSE,FALSE,FALSE
2013,Amérique,COLOMBIE,419,2886,2165,134,38,124,96,329,1159,471,325,240,76,615,3359,2454,167,42,162,128,406,1395,517,362,251,88,746,COL,Colombie,FALSE,TRUE,FALSE
2015,Amérique,CUBA,407,123,100,2,0,0,8,14,49,16,13,11,2,32,163,130,2,0,2,10,21,62,20,17,11,2,50,CUB,Cuba,FALSE,FALSE,FALSE
2014,Amérique,DOMINIQUE,438,46,40,0,0,0,0,6,20,2,0,2,0,23,87,72,0,0,2,0,14,23,2,2,2,2,55,DMA,Dominique,FALSE,FALSE,FALSE
2015,Amérique,EQUATEUR,420,447,345,24,2,5,16,54,182,115,52,21,13,64,564,421,31,2,12,19,77,248,130,59,29,18,80,ECU,Equateur,FALSE,FALSE,FALSE
2013,Amérique,ETATS-UNIS,404,4120,2862,286,8,19,70,875,1776,577,288,512,84,883,4903,3241,350,14,49,89,1160,2085,639,341,612,99,1127,USA,Etats-Unis,FALSE,TRUE,FALSE
2013,Amérique,GUATEMALA,409,92,77,6,2,2,2,2,17,20,23,7,2,22,126,100,6,2,7,2,9,24,26,29,9,5,33,GTM,Guatemala,FALSE,FALSE,FALSE
2013,Amérique,GUYANA,428,11,9,0,0,0,0,2,2,2,2,2,2,2,89,78,0,2,2,0,9,19,2,9,11,2,43,GUY,Guyana,FALSE,FALSE,FALSE
2015,Amérique,HONDURAS,411,87,62,7,0,2,2,14,21,20,21,2,0,23,102,71,9,0,2,2,17,25,21,28,2,0,25,HND,Honduras,FALSE,FALSE,FALSE
2014,Amérique,MEXIQUE,405,2497,1811,192,11,145,64,274,718,388,353,229,95,714,2808,1973,221,14,170,79,351,827,425,388,241,106,821,MEX,Mexique,FALSE,TRUE,FALSE
2013,Amérique,NICARAGUA,412,36,27,2,2,0,0,2,12,9,2,2,0,12,42,30,2,2,0,0,8,12,13,2,2,0,14,NIC,Nicaragua,FALSE,FALSE,FALSE
2013,Amérique,PANAMA,413,57,50,0,0,2,2,2,17,2,8,5,12,12,65,57,0,0,2,2,2,20,2,9,6,14,13,PAN,Panama,FALSE,FALSE,FALSE
2013,Amérique,PEROU,422,828,675,26,2,22,36,68,302,110,88,41,49,238,998,793,32,2,34,47,91,377,124,109,47,54,287,PER,Pérou,FALSE,FALSE,FALSE
2014,Amérique,PEROU,422,833,674,43,2,19,34,62,315,110,86,47,48,227,1019,801,49,2,31,44,93,404,119,104,55,52,285,PER,Pérou,FALSE,FALSE,FALSE
2013,Amérique,SAINT-VINCENT-ET-LES-GRENADINES,440,2,2,0,0,0,0,0,2,0,0,0,0,2,2,2,0,0,0,0,0,2,0,0,0,0,2,VCT,Saint-Vincent-et-les-Grenadines,FALSE,FALSE,FALSE
2014,Amérique,SAINT-VINCENT-ET-LES-GRENADINES,440,6,6,0,0,0,0,0,2,0,0,0,0,5,6,6,0,0,0,0,0,2,0,0,0,0,5,VCT,Saint-Vincent-et-les-Grenadines,FALSE,FALSE,FALSE
2013,Amérique,SALVADOR,414,178,150,10,2,0,5,10,37,58,31,10,5,37,214,172,10,2,2,6,21,50,70,32,10,7,45,SLV,Salvador,FALSE,FALSE,FALSE
2015,Amérique,SALVADOR,414,191,155,9,2,5,2,14,35,59,40,10,5,42,221,173,11,5,7,6,19,40,71,44,11,8,47,SLV,Salvador,FALSE,FALSE,FALSE
2015,Amérique,SURINAME,437,13,2,0,0,0,2,9,0,0,2,2,0,10,191,145,2,0,0,2,44,8,5,2,2,14,157,SUR,Suriname,FALSE,FALSE,FALSE
2014,Asie,BAHREIN,249,52,40,5,0,2,0,6,19,10,6,0,2,14,55,41,2,0,2,0,9,20,9,7,2,2,14,BHR,Bahreïn,FALSE,FALSE,FALSE
2013,Asie,BANGLADESH,246,84,71,2,0,2,0,10,22,16,13,7,0,26,149,120,2,2,2,0,23,74,16,16,13,0,30,BGD,Bangladesh,FALSE,FALSE,FALSE
2014,Asie,BRUNEI,225,12,10,0,0,2,0,2,2,0,5,0,2,2,16,14,0,0,2,0,2,2,0,6,0,2,5,BRN,Brunei,FALSE,FALSE,FALSE
2013,Asie,CAMBODGE,234,629,556,2,2,10,6,51,89,338,57,2,12,130,777,665,7,2,17,10,75,168,353,67,8,16,165,KHM,Cambodge,FALSE,FALSE,FALSE
2014,Asie,CAMBODGE,234,600,498,10,2,13,2,76,110,300,57,9,40,84,748,602,13,2,21,6,104,164,318,66,15,43,142,KHM,Cambodge,FALSE,FALSE,FALSE
2013,Asie,COREE DU NORD,238,211,20,24,0,0,148,19,167,9,8,2,2,22,284,32,25,0,2,191,35,225,10,11,6,2,31,PRK,Corée du Nord,FALSE,FALSE,FALSE
2014,Asie,COREE DU SUD,239,2423,1620,97,2,19,400,286,1112,370,120,240,39,542,2953,1892,141,2,42,525,349,1394,418,140,269,54,678,KOR,Corée du Sud,FALSE,TRUE,FALSE
2015,Asie,COREE DU SUD,239,2653,1701,121,0,31,497,303,1235,390,155,270,42,561,3176,1968,147,2,53,639,366,1516,437,175,298,51,699,KOR,Corée du Sud,FALSE,TRUE,FALSE
2014,Asie,JORDANIE,222,197,158,9,0,2,2,26,96,39,20,8,8,26,219,172,11,0,2,2,30,103,42,20,8,10,36,JOR,Jordanie,FALSE,FALSE,FALSE
2015,Asie,KAZAKHSTAN,256,493,411,28,6,2,13,34,138,61,54,107,22,111,655,553,31,6,2,19,44,157,69,157,119,25,128,KAZ,Kazakhstan,TRUE,FALSE,FALSE
2013,Asie,KOWEIT,240,112,97,5,0,0,0,10,30,15,21,19,2,26,120,101,6,0,0,0,13,32,15,23,20,2,28,KWT,Koweït,FALSE,FALSE,FALSE
2013,Asie,LAOS,241,68,55,2,2,0,2,7,17,11,17,7,0,16,104,79,2,2,0,2,17,34,14,21,11,0,24,LAO,Laos,FALSE,FALSE,FALSE
2014,Asie,LAOS,241,84,66,5,0,0,2,11,20,35,11,5,0,13,115,86,8,0,0,2,19,31,38,14,11,2,20,LAO,Laos,FALSE,FALSE,FALSE
2014,Asie,LIBAN,205,4210,3146,243,66,220,70,465,1485,613,378,255,321,1158,4716,3407,297,71,296,90,555,1713,661,414,276,388,1264,LBN,Liban,FALSE,FALSE,FALSE
2013,Asie,TADJIKISTAN,259,16,11,0,0,2,0,2,5,2,0,2,2,6,23,18,0,0,2,0,2,6,2,0,2,2,10,TJK,Tadjikistan,FALSE,FALSE,FALSE
2014,Asie,TADJIKISTAN,259,11,8,0,0,2,0,2,2,2,0,0,2,6,20,16,2,0,2,0,2,2,2,2,2,2,9,TJK,Tadjikistan,FALSE,FALSE,FALSE
2014,Asie,TAIWAN,236,895,468,137,2,16,144,129,400,139,37,55,26,238,1023,502,165,2,19,190,146,476,158,40,57,30,262,TWN,Taïwan,FALSE,FALSE,FALSE
2013,Asie,THAILANDE,219,537,411,43,0,13,10,60,139,63,107,23,16,189,648,474,55,2,17,15,86,181,71,115,35,23,223,THA,Thaïlande,FALSE,FALSE,FALSE
2013,Asie,TURQUIE,208,1902,1545,46,2,22,49,239,771,236,190,247,74,384,3047,2325,65,6,42,63,546,1174,342,250,451,135,695,TUR,Turquie,TRUE,TRUE,FALSE
2014,Europe,ALBANIE,125,522,437,11,2,11,25,35,181,79,52,63,11,136,688,552,14,2,18,32,68,219,112,59,102,16,180,ALB,Albanie,TRUE,FALSE,FALSE
2013,Europe,AUTRICHE,110,474,318,46,2,8,16,83,225,72,24,50,15,88,557,357,64,2,12,18,102,268,80,30,54,17,108,AUT,Autriche,TRUE,TRUE,TRUE
2014,Europe,BIELORUSSIE,148,308,272,11,0,2,7,15,87,39,19,21,12,130,386,325,16,0,8,9,28,108,46,31,24,21,156,BLR,Biélorussie,TRUE,FALSE,FALSE
2013,Europe,BOSNIE-HERZEGOVINE,118,80,55,6,0,2,2,15,27,17,2,11,2,20,166,122,8,2,2,2,31,50,42,8,18,2,44,BIH,Bosnie-Herzégovine,TRUE,FALSE,FALSE
2014,Europe,BOSNIE-HERZEGOVINE,118,77,55,2,0,2,2,14,34,10,5,8,2,19,177,124,8,2,2,2,39,52,41,9,29,2,42,BIH,Bosnie-Herzégovine,TRUE,FALSE,FALSE
2014,Europe,CROATIE,119,190,143,13,2,2,2,25,77,20,14,10,6,63,233,173,17,2,2,6,31,96,27,15,14,9,72,HRV,Croatie,TRUE,FALSE,TRUE
2013,Europe,ESPAGNE,134,5169,3740,265,54,457,118,535,1652,745,720,466,220,1366,6338,4472,327,60,594,151,734,2083,843,914,528,273,1697,ESP,Espagne,TRUE,TRUE,TRUE
2014,Europe,ESPAGNE,134,5492,3948,326,40,460,114,604,1859,749,814,495,170,1405,6661,4700,397,48,589,148,779,2225,848,1015,568,225,1780,ESP,Espagne,TRUE,TRUE,TRUE
2014,Europe,FINLANDE,105,293,197,34,0,13,9,40,101,55,33,26,5,73,363,239,43,2,16,17,46,129,61,39,27,12,95,FIN,Finlande,TRUE,TRUE,TRUE
2014,Europe,ISLANDE,102,35,23,2,0,0,2,2,14,2,5,2,2,9,45,29,5,0,0,6,5,19,5,6,2,2,11,ISL,Islande,TRUE,TRUE,FALSE
2013,Europe,MACEDOINE,156,155,127,2,0,7,2,17,47,35,14,18,7,34,185,144,2,0,7,2,27,58,43,14,22,7,41,MKD,Macédoine du Nord,TRUE,FALSE,FALSE
2013,Europe,MALTE,144,13,12,0,0,0,0,2,2,2,0,2,0,6,18,16,0,0,0,0,2,7,2,0,2,2,7,MLT,Malte,TRUE,FALSE,TRUE
2013,Europe,PAYS-BAS,135,597,416,62,0,2,23,93,259,71,78,41,19,129,1147,804,99,2,25,32,183,370,133,201,74,40,329,NLD,Pays-Bas,TRUE,TRUE,TRUE
2013,Europe,REPUBLIQUE TCHEQUE,116,684,566,25,0,14,6,73,202,101,70,62,30,219,810,639,31,2,20,11,105,246,112,85,70,32,265,CZE,République tchèque,TRUE,TRUE,TRUE
2013,Europe,ROUMANIE,114,3921,3328,66,16,106,65,340,1589,494,271,427,223,917,4567,3785,88,18,146,81,449,1922,535,317,454,251,1088,ROU,Roumanie,TRUE,FALSE,TRUE
2014,Europe,RUSSIE,123,3949,3000,345,11,41,126,426,1696,534,308,335,134,942,5099,3842,411,16,67,167,596,2039,643,478,460,166,1313,RUS,Russie,TRUE,FALSE,FALSE
2013,Europe,SAINT-MARIN,128,2,0,0,0,0,0,2,0,0,0,0,0,2,2,0,0,0,0,0,2,0,0,0,0,0,2,SMR,Saint-Marin,FALSE,FALSE,FALSE
2014,Europe,SAINT-MARIN,128,2,2,0,0,0,0,0,2,0,0,0,0,0,5,5,0,0,0,0,0,2,0,0,0,0,2,SMR,Saint-Marin,FALSE,FALSE,FALSE
2013,Europe,SERBIE,121,406,302,15,0,2,21,64,204,35,41,32,17,77,645,473,23,2,7,26,113,324,53,62,66,22,118,SRB,Serbie,TRUE,FALSE,FALSE
2014,Europe,UKRAINE,155,1345,1082,61,2,14,53,131,440,201,107,147,60,390,1685,1320,78,2,22,68,193,574,227,128,178,80,498,UKR,Ukraine,TRUE,FALSE,FALSE
2014,Maghreb,ALGERIE,352,16584,15210,198,70,106,209,791,7489,1442,1593,1256,1196,3608,21233,18740,374,104,202,268,1545,9319,2010,2008,1577,1680,4639,DZA,Algérie,FALSE,FALSE,FALSE
2014,Maghreb,MAURITANIE,336,1186,1072,20,8,26,2,58,389,97,122,75,63,440,1378,1211,26,10,36,2,93,467,114,130,84,96,487,MRT,Mauritanie,FALSE,FALSE,FALSE
2013,Océanie,FIDJI,508,5,2,0,0,0,0,2,2,0,0,0,2,2,10,8,0,0,0,0,2,2,2,2,0,2,2,FJI,Fidji,FALSE,FALSE,FALSE
2014,Océanie,ILES SALOMON,512,2,2,0,0,0,0,2,2,2,2,0,0,0,5,2,0,0,0,0,2,2,2,2,0,0,2,SLB,Îles Salomon,FALSE,FALSE,FALSE
2013,Océanie,NAURU,507,2,0,2,0,0,0,0,0,0,0,0,0,2,6,0,6,0,0,0,0,0,0,0,0,0,6,NRU,Nauru,FALSE,FALSE,FALSE
2014,Océanie,NAURU,507,2,0,2,0,0,0,0,0,0,0,0,0,2,2,0,2,0,0,0,0,0,0,0,0,0,2,NRU,Nauru,FALSE,FALSE,FALSE
2013,Océanie,REP. DES ILES PALAOS,517,0,0,0,0,0,0,0,0,0,0,0,0,0,2,0,0,0,0,0,2,0,0,0,0,0,2,PLW,Palaos,FALSE,FALSE,FALSE
2014,Océanie,TONGA,509,0,0,0,0,0,0,0,0,0,0,0,0,0,2,2,0,0,0,0,0,2,0,0,0,0,0,TON,Tonga,FALSE,FALSE,FALSE
2013,Océanie,VANUATU,514,2,2,0,0,0,0,2,0,0,0,0,0,2,8,6,0,0,0,0,2,2,0,0,0,0,7,VUT,Vanuatu,FALSE,FALSE,FALSE
2014,Océanie,VANUATU,514,5,2,0,2,0,0,2,2,0,0,0,0,2,12,10,0,2,0,0,2,2,2,2,0,0,7,VUT,Vanuatu,FALSE,FALSE,FALSE
2014,Amérique,SAINT-CHRISTOPHE-ET-NIEVES,442,2,2,0,0,0,0,2,2,0,0,0,0,2,2,2,0,0,0,0,2,2,0,0,0,0,2,KNA,Saint-Christophe-et-Niévès,FALSE,FALSE,FALSE
2015,Amérique,SAINT-CHRISTOPHE-ET-NIEVES,442,2,0,0,0,0,0,2,2,0,0,0,0,0,2,0,0,0,0,0,2,2,0,0,0,0,0,KNA,Saint-Christophe-et-Niévès,FALSE,FALSE,FALSE
2014,Océanie,KIRIBATI,513,0,0,0,0,0,0,0,0,0,0,0,0,0,0,0,0,0,0,0,0,0,0,0,0,0,0,KIR,Kiribati,FALSE,FALSE,FALSE
2015,Asie,KOWEIT,240,160,151,2,0,0,0,5,32,13,36,14,2,62,167,156,2,0,2,0,6,34,13,37,14,2,66,KWT,Koweït,FALSE,FALSE,FALSE
2017,Asie,MALAISIE,227,847,553,48,56,126,14,50,85,84,279,46,32,321,890,572,51,57,133,20,57,96,87,283,49,33,342,MYS,Malaisie,FALSE,FALSE,FALSE
2015,Asie,MONGOLIE,242,94,77,6,0,0,2,8,15,13,12,12,2,40,160,123,10,2,2,2,20,34,20,14,16,6,70,MNG,Mongolie,FALSE,FALSE,FALSE
2017,Asie,MONGOLIE,242,94,67,2,0,2,9,13,26,12,9,10,2,34,186,128,8,2,2,10,34,43,24,11,17,8,83,MNG,Mongolie,FALSE,FALSE,FALSE
2015,Asie,PAKISTAN,213,364,264,38,2,2,2,58,106,51,34,32,31,110,615,422,39,2,13,2,138,299,57,42,43,49,125,PAK,Pakistan,FALSE,FALSE,FALSE
2016,Asie,PAKISTAN,213,385,253,48,0,2,2,78,107,71,24,38,19,126,640,404,57,2,12,5,161,296,81,28,44,34,157,PAK,Pakistan,FALSE,FALSE,FALSE
2016,Asie,QATAR,248,80,63,8,0,0,0,9,21,6,2,0,7,43,86,67,9,0,0,0,10,24,7,2,0,7,45,QAT,Qatar,FALSE,FALSE,FALSE
2016,Asie,SINGAPOUR,226,191,47,72,0,14,8,50,141,24,2,2,2,16,214,57,75,0,19,8,55,152,29,7,5,2,17,SGP,Singapour,FALSE,FALSE,FALSE
2017,Asie,SINGAPOUR,226,227,51,74,0,16,12,74,166,17,9,8,2,25,254,60,80,0,21,12,81,179,24,10,9,2,29,SGP,Singapour,FALSE,FALSE,FALSE
2016,Asie,SRI LANKA,235,115,59,7,0,2,5,43,63,10,8,11,2,21,569,351,14,8,15,6,175,396,16,25,27,9,96,LKA,Sri Lanka,FALSE,FALSE,FALSE
2017,Asie,SYRIE,206,2057,1797,28,11,20,64,137,672,357,187,238,68,535,2361,2005,33,13,29,98,183,779,401,201,263,82,635,SYR,Syrie,FALSE,FALSE,FALSE
2015,Asie,TIMOR ORIENTAL,262,2,0,2,0,0,0,0,0,0,0,0,0,2,2,0,2,0,0,0,0,0,0,0,0,0,2,TLS,Timor oriental,FALSE,FALSE,FALSE
2017,Asie,VIETNAM,243,4847,3664,303,26,330,79,445,1446,671,509,309,291,1621,5569,4053,352,39,359,142,624,1733,743,575,348,314,1856,VNM,Viêt Nam,FALSE,FALSE,FALSE
2015,Asie,YEMEN,251,132,107,2,6,2,2,15,18,10,6,11,11,76,142,114,2,6,2,2,17,22,11,6,11,12,80,YEM,Yémen,FALSE,FALSE,FALSE
2017,Europe,ALLEMAGNE,109,7029,4823,970,41,206,135,854,2559,852,462,1237,192,1727,8422,5765,1140,48,267,174,1028,2952,984,621,1495,248,2122,DEU,Allemagne,TRUE,TRUE,TRUE
2015,Europe,AUTRICHE,110,508,331,63,2,7,7,99,241,64,23,57,12,111,600,390,76,2,11,12,110,275,71,29,70,17,138,AUT,Autriche,TRUE,TRUE,TRUE
2015,Europe,BELGIQUE,131,2562,1873,217,7,65,89,311,970,234,255,213,323,567,4411,3159,350,22,180,121,579,1397,467,558,335,549,1105,BEL,Belgique,TRUE,TRUE,TRUE
2016,Europe,BIELORUSSIE,148,304,259,21,2,0,9,14,67,49,16,23,10,139,418,336,28,2,2,12,35,99,56,29,35,18,181,BLR,Biélorussie,TRUE,FALSE,FALSE
2015,Europe,BULGARIE,111,1281,1092,42,2,21,47,75,357,174,146,218,71,315,1470,1210,53,2,24,60,119,421,198,164,230,88,369,BGR,Bulgarie,TRUE,FALSE,TRUE
2015,Europe,CROATIE,119,203,149,14,2,2,2,33,93,17,13,14,2,63,243,176,15,2,2,9,39,110,20,13,20,6,74,HRV,Croatie,TRUE,FALSE,TRUE
2016,Europe,CROATIE,119,204,142,18,2,2,9,32,77,15,18,16,12,66,251,170,23,2,2,10,43,93,17,20,22,13,86,HRV,Croatie,TRUE,FALSE,TRUE
2017,Europe,DANEMARK,101,238,136,40,2,0,22,39,142,27,14,18,2,35,311,176,56,2,2,27,48,163,36,24,25,2,60,DNK,Danemark,TRUE,TRUE,TRUE
2015,Europe,ESPAGNE,134,5523,4039,296,58,431,112,587,1889,758,823,451,196,1406,6785,4894,367,68,526,152,778,2254,891,1065,532,257,1786,ESP,Espagne,TRUE,TRUE,TRUE
2016,Europe,HONGRIE,112,530,393,29,2,7,5,95,176,89,40,44,35,146,606,426,35,2,10,13,121,203,99,47,52,39,166,HUN,Hongrie,FALSE,TRUE,TRUE
2015,Europe,IRLANDE,136,476,395,28,0,9,7,37,93,77,59,68,18,161,625,512,36,0,14,8,55,139,98,76,76,24,212,IRL,Irlande,TRUE,TRUE,TRUE
2016,Europe,LETTONIE,107,144,96,20,0,2,15,11,45,24,12,14,2,46,191,129,24,0,2,21,15,55,34,14,16,5,67,LVA,Lettonie,TRUE,TRUE,TRUE
2015,Europe,LIECHTENSTEIN,113,2,2,0,0,0,0,2,2,0,0,0,0,2,2,2,0,0,0,0,2,2,0,2,0,0,2,LIE,Liechtenstein,TRUE,FALSE,FALSE
2016,Europe,MACEDOINE,156,162,135,6,2,2,5,12,49,22,24,20,2,43,196,155,8,2,6,5,20,61,24,24,26,8,53,MKD,Macédoine du Nord,TRUE,FALSE,FALSE
2017,Europe,MACEDOINE,156,170,138,10,2,2,6,11,41,27,23,24,5,50,202,162,9,2,5,6,17,52,28,23,30,6,63,MKD,Macédoine du Nord,TRUE,FALSE,FALSE
2016,Europe,MALTE,144,24,19,2,0,0,0,2,2,7,0,5,2,8,31,25,2,0,0,2,2,2,8,0,5,2,13,MLT,Malte,TRUE,FALSE,TRUE
2017,Europe,MALTE,144,19,14,2,0,0,2,2,2,2,0,2,2,7,31,22,2,0,0,2,5,8,6,0,2,2,12,MLT,Malte,TRUE,FALSE,TRUE
2016,Europe,NORVEGE,103,384,178,57,0,65,14,70,126,45,117,11,2,83,448,226,61,0,67,17,77,146,56,125,13,2,104,NOR,Norvège,TRUE,TRUE,FALSE
2015,Europe,PAYS-BAS,135,657,435,65,2,8,27,121,286,74,65,43,25,164,1269,882,111,6,35,34,201,381,154,170,91,61,412,NLD,Pays-Bas,TRUE,TRUE,TRUE
2015,Europe,PORTUGAL,139,1430,891,123,2,34,68,312,656,164,119,146,36,309,4848,3329,243,20,96,90,1070,2353,488,340,323,188,1156,PRT,Portugal,TRUE,TRUE,TRUE
2015,Europe,REPUBLIQUE TCHEQUE,116,615,472,29,2,12,13,86,186,98,54,53,21,203,727,543,32,5,22,17,108,220,108,67,63,24,245,CZE,République tchèque,TRUE,TRUE,TRUE
2017,Europe,REPUBLIQUE TCHEQUE,116,532,403,25,5,6,18,75,164,97,50,49,20,152,649,474,31,5,23,19,97,208,112,64,57,25,183,CZE,République tchèque,TRUE,TRUE,TRUE
2016,Europe,SERBIE,121,477,369,19,0,2,16,70,175,54,37,61,14,136,719,539,32,0,6,18,124,302,79,44,92,19,183,SRB,Serbie,TRUE,FALSE,FALSE
2016,Europe,SUEDE,104,483,294,51,13,19,21,85,201,111,31,37,15,88,603,357,73,13,28,27,105,252,128,38,39,19,127,SWE,Suède,TRUE,TRUE,TRUE
2016,Europe,SUISSE,140,1309,946,90,0,6,97,170,435,212,96,218,24,324,2024,1408,185,5,30,122,274,579,437,158,291,42,517,CHE,Suisse,TRUE,TRUE,FALSE
2017,Europe,UKRAINE,155,1401,1124,81,2,12,49,131,462,245,110,158,59,367,1814,1400,118,5,22,76,193,653,288,144,188,69,472,UKR,Ukraine,TRUE,FALSE,FALSE
2016,Maghreb,ALGERIE,352,20992,19283,316,85,127,219,962,8091,1722,1879,1767,1485,6048,26022,23029,523,115,244,280,1831,10073,2294,2291,2122,1963,7279,DZA,Algérie,FALSE,FALSE,FALSE
2017,Maghreb,ALGERIE,352,25276,23167,448,108,142,240,1171,10245,2209,2193,2103,2474,6052,30435,26855,717,144,291,382,2046,12462,2801,2627,2405,2940,7200,DZA,Algérie,FALSE,FALSE,FALSE
2015,Maghreb,LIBYE,316,396,369,5,0,0,2,19,65,54,26,60,35,156,439,401,7,2,2,2,24,79,59,30,65,38,168,LBY,Libye,FALSE,FALSE,FALSE
2016,Maghreb,LIBYE,316,408,372,10,0,2,2,23,72,46,23,58,47,162,453,407,10,2,2,2,29,83,51,28,65,50,176,LBY,Libye,FALSE,FALSE,FALSE
2017,Maghreb,LIBYE,316,405,350,30,0,2,2,22,89,40,32,45,54,145,460,383,33,2,2,2,35,103,51,38,52,57,159,LBY,Libye,FALSE,FALSE,FALSE
2016,Maghreb,MAURITANIE,336,1016,868,27,20,40,2,59,253,104,96,77,63,423,1240,1012,38,21,53,2,114,337,113,104,91,103,492,MRT,Mauritanie,FALSE,FALSE,FALSE
2015,Maghreb,TUNISIE,351,10105,7654,310,217,684,117,1123,4010,1156,929,673,570,2767,12025,8690,417,234,866,153,1665,4976,1332,1061,749,644,3263,TUN,Tunisie,FALSE,FALSE,FALSE
2017,Nationalite non connue,"AUTRE PAYS, ETRANGER SANS AUTRE INDICATION",999,2193,60,386,2,111,105,1530,691,189,159,142,252,760,4023,92,538,2,360,409,2623,1134,345,313,298,573,1360,NA,NA,NA,NA,NA
2016,Océanie,AUSTRALIE,501,440,313,66,0,5,15,41,136,137,20,52,2,91,488,335,74,0,9,19,51,159,142,22,53,7,105,AUS,Australie,FALSE,TRUE,FALSE
2017,Océanie,NAURU,507,2,0,2,0,0,0,0,0,0,0,0,0,2,2,2,2,0,0,0,0,0,0,2,0,0,2,NRU,Nauru,FALSE,FALSE,FALSE
2016,Océanie,NOUVELLE ZELANDE,502,69,51,2,0,0,2,11,20,27,5,2,0,16,86,61,2,0,0,6,15,26,28,7,2,2,23,NZL,Nouvelle-Zélande,FALSE,TRUE,FALSE
2016,Océanie,PAPOUASIE-NOUVELLE-GUINEE,510,2,2,0,0,0,0,2,2,0,0,0,0,2,6,5,0,0,0,0,2,2,2,2,0,0,2,PNG,Papouasie-Nouvelle-Guinée,FALSE,FALSE,FALSE
2016,Océanie,TONGA,509,2,2,0,0,0,0,0,0,0,0,0,0,2,2,2,0,0,0,0,0,0,0,0,0,2,2,TON,Tonga,FALSE,FALSE,FALSE
2015,Océanie,VANUATU,514,8,6,0,2,0,0,2,2,0,2,0,2,5,15,13,0,2,0,0,2,2,0,2,2,2,6,VUT,Vanuatu,FALSE,FALSE,FALSE
2017,Afrique subsaharienne,BURUNDI,321,490,422,18,7,7,2,33,65,55,55,25,103,187,573,475,23,7,8,2,57,99,59,59,27,118,211,BDI,Burundi,FALSE,FALSE,FALSE
2016,Afrique subsaharienne,DJIBOUTI,399,1011,953,16,2,13,2,21,85,93,108,76,164,485,1170,1072,21,5,19,2,49,110,104,124,88,189,555,DJI,Djibouti,FALSE,FALSE,FALSE
2017,Afrique subsaharienne,EGYPTE,301,2284,1985,71,9,22,42,155,755,497,155,128,72,677,2580,2175,87,11,41,49,217,935,518,171,139,89,728,EGY,Egypte,FALSE,FALSE,FALSE
2016,Afrique subsaharienne,ERYTHREE,317,10,9,0,0,0,2,0,2,2,0,0,2,2,16,13,0,0,0,2,2,5,2,0,0,2,6,ERI,Erythrée,FALSE,FALSE,FALSE
2017,Afrique subsaharienne,ERYTHREE,317,12,10,0,0,0,0,2,2,2,0,0,2,7,29,22,0,0,2,0,5,8,2,0,2,2,16,ERI,Erythrée,FALSE,FALSE,FALSE
2017,Afrique subsaharienne,ETHIOPIE,315,211,167,2,2,2,2,29,22,61,43,14,9,62,292,227,8,2,8,2,41,36,73,56,18,13,96,ETH,Ethiopie,FALSE,FALSE,FALSE
2018,Afrique subsaharienne,ETHIOPIE,315,213,169,5,5,2,2,26,22,64,40,14,7,66,288,221,7,5,10,5,40,43,74,47,18,9,97,ETH,Ethiopie,FALSE,FALSE,FALSE
2017,Afrique subsaharienne,GABON,328,3649,2881,322,90,122,31,203,569,462,444,383,402,1389,4534,3310,418,93,169,50,494,787,568,517,451,496,1715,GAB,Gabon,FALSE,FALSE,FALSE
2018,Afrique subsaharienne,GABON,328,4034,3239,332,111,102,20,230,594,488,466,436,471,1579,4970,3681,452,114,155,33,535,827,583,550,516,578,1916,GAB,Gabon,FALSE,FALSE,FALSE
2016,Afrique subsaharienne,GHANA,329,248,190,20,0,2,2,35,57,43,17,32,11,88,323,253,20,0,2,2,46,78,46,21,34,12,132,GHA,Ghana,FALSE,FALSE,FALSE
2018,Afrique subsaharienne,GUINEE,330,3561,3283,82,28,24,12,132,722,495,352,314,361,1317,4199,3681,109,30,37,21,321,957,546,395,359,455,1487,GIN,Guinée,FALSE,FALSE,FALSE
2017,Afrique subsaharienne,GUINEE EQUATORIALE,314,50,44,2,0,0,0,2,8,12,6,2,12,8,66,55,6,0,0,0,5,14,14,7,5,15,11,GNQ,Guinée-Équatoriale,FALSE,FALSE,FALSE
2016,Afrique subsaharienne,MADAGASCAR,333,2980,2510,103,58,39,26,244,917,303,352,174,149,1085,4103,3211,147,71,100,35,539,1285,400,473,250,210,1485,MDG,Madagascar,FALSE,FALSE,FALSE
2017,Afrique subsaharienne,MADAGASCAR,333,3001,2487,148,58,41,33,234,989,331,344,186,140,1011,4229,3210,214,70,112,68,555,1421,438,483,268,197,1422,MDG,Madagascar,FALSE,FALSE,FALSE
2018,Afrique subsaharienne,MADAGASCAR,333,3180,2568,197,59,38,48,270,1089,344,348,189,149,1061,4383,3289,274,72,108,69,571,1484,437,473,287,204,1498,MDG,Madagascar,FALSE,FALSE,FALSE
2016,Afrique subsaharienne,MAURICE,390,1425,1173,59,16,20,33,124,346,110,204,60,75,630,1776,1391,78,17,43,39,208,486,137,237,77,98,741,MUS,Ile Maurice,FALSE,FALSE,FALSE
2017,Afrique subsaharienne,MOZAMBIQUE,393,50,44,2,0,0,0,2,10,9,5,2,2,20,56,49,2,0,0,0,5,10,9,6,2,2,25,MOZ,Mozambique,FALSE,FALSE,FALSE
2017,Afrique subsaharienne,NIGER,337,955,764,77,19,18,6,71,171,125,136,81,83,359,1069,827,86,21,24,8,103,207,135,149,88,94,396,NER,Niger,FALSE,FALSE,FALSE
2017,Afrique subsaharienne,OUGANDA,339,47,24,9,2,0,2,10,15,11,2,5,6,6,54,27,10,2,0,2,13,17,12,2,5,7,9,UGA,Uganda,FALSE,FALSE,FALSE
2016,Afrique subsaharienne,SAO TOME-ET-PRINCIPE,394,9,9,0,0,0,0,0,2,2,2,0,0,2,11,10,0,0,0,0,2,2,2,2,0,0,5,STP,Sao Tomé-et-Principe,FALSE,FALSE,FALSE
2017,Afrique subsaharienne,SEYCHELLES,398,28,24,2,0,0,0,2,2,2,2,2,2,16,42,34,2,0,0,0,7,7,2,5,2,2,24,SYC,Seychelles,FALSE,FALSE,FALSE
2017,Afrique subsaharienne,SOMALIE,318,20,16,2,0,2,0,2,2,2,2,2,2,7,58,47,2,0,2,0,8,7,2,9,2,2,32,SOM,Somalie,FALSE,FALSE,FALSE
2016,Afrique subsaharienne,SWAZILAND,391,2,2,0,0,0,0,0,0,2,2,0,0,2,6,5,2,0,0,0,0,2,2,2,0,0,2,SWZ,Eswatini,FALSE,FALSE,FALSE
2016,Afrique subsaharienne,TOGO,345,1851,1476,73,34,51,9,208,400,204,161,198,232,656,2293,1776,103,35,65,11,303,570,239,192,248,288,756,TGO,Togo,FALSE,FALSE,FALSE
2016,Amérique,ANTIGUA-ET-BARBUDA,441,2,2,2,0,0,0,0,2,0,2,0,0,2,5,2,2,0,0,0,0,2,0,2,0,0,2,ATG,Antigua-et-Barbuda,FALSE,FALSE,FALSE
2017,Amérique,ARGENTINE,415,759,473,44,17,65,40,120,356,98,65,57,23,160,858,531,52,17,69,50,139,408,101,73,61,28,187,ARG,Argentine,FALSE,FALSE,FALSE
2017,Amérique,BELIZE,429,5,2,0,0,0,0,2,2,0,2,0,0,2,5,2,0,0,0,0,2,2,0,2,0,0,2,BLZ,Belize,FALSE,FALSE,FALSE
2016,Amérique,BOLIVIE,418,341,227,23,2,21,14,54,92,88,48,14,14,85,410,267,26,2,24,17,74,126,94,51,20,18,101,BOL,Bolivie,FALSE,FALSE,FALSE
2016,Amérique,BRESIL,416,4472,2679,155,136,890,87,525,1660,815,339,275,229,1154,5221,3173,201,140,955,110,642,1895,900,406,315,253,1452,BRA,Brésil,FALSE,FALSE,FALSE
2017,Amérique,COSTA RICA,406,169,126,8,2,2,5,26,44,21,25,21,6,52,181,131,8,2,5,5,31,46,22,26,23,6,58,CRI,Costa Rica,FALSE,FALSE,FALSE
2016,Amérique,DOMINIQUE,438,43,36,2,0,0,2,2,15,10,2,2,2,10,81,65,2,0,0,2,11,17,13,2,8,2,38,DMA,Dominique,FALSE,FALSE,FALSE
2017,Amérique,EQUATEUR,420,523,379,37,2,13,24,66,189,141,67,25,17,84,642,459,43,5,15,31,89,253,151,75,32,24,107,ECU,Equateur,FALSE,FALSE,FALSE
2016,Amérique,GUYANA,428,12,7,2,0,0,0,2,2,2,2,2,2,5,99,80,2,2,2,0,15,13,2,11,7,10,54,GUY,Guyana,FALSE,FALSE,FALSE
2016,Amérique,HAITI,410,1020,884,6,2,5,10,113,428,89,100,43,48,312,2094,1675,18,7,16,14,364,875,130,154,89,73,773,HTI,Haïti,FALSE,FALSE,FALSE
2017,Amérique,NICARAGUA,412,56,41,2,2,2,2,9,11,6,15,5,2,18,66,50,2,2,2,2,9,13,9,16,5,2,22,NIC,Nicaragua,FALSE,FALSE,FALSE
2017,Amérique,PARAGUAY,421,133,107,5,0,0,2,17,59,13,19,9,0,33,149,118,5,0,2,6,19,65,14,23,10,0,37,PRY,Paraguay,FALSE,FALSE,FALSE
2016,Amérique,PEROU,422,972,787,47,2,23,38,76,282,120,106,72,48,344,1154,913,60,2,30,47,102,348,135,123,82,53,413,PER,Pérou,FALSE,FALSE,FALSE
2017,Amérique,SAINT-VINCENT-ET-LES-GRENADINES,440,2,2,2,0,0,0,0,2,0,0,0,0,2,2,2,2,0,0,0,0,2,0,0,0,0,2,VCT,Saint-Vincent-et-les-Grenadines,FALSE,FALSE,FALSE
2016,Amérique,SAINTE-LUCIE,439,23,19,0,0,0,2,2,2,2,2,2,0,18,54,42,0,0,0,2,11,2,2,2,2,0,46,LCA,Sainte-Lucie,FALSE,FALSE,FALSE
2016,Amérique,TRINITE-ET-TOBAGO,433,39,32,2,0,0,0,2,12,2,2,2,2,15,40,33,2,0,0,0,2,12,2,2,2,2,16,TTO,Trinité et Tobago,FALSE,FALSE,FALSE
2016,Asie,AFGHANISTAN,212,167,123,2,0,2,2,37,35,46,15,17,10,44,305,219,2,2,5,2,72,63,68,27,40,21,86,AFG,Afghanistan,FALSE,FALSE,FALSE
2016,Asie,BRUNEI,225,15,8,2,2,2,0,2,2,2,2,2,2,5,18,10,2,2,2,0,2,2,2,2,2,5,5,BRN,Brunei,FALSE,FALSE,FALSE
2017,Asie,BRUNEI,225,17,11,0,2,2,0,2,0,2,2,2,2,7,20,13,2,2,2,0,2,2,2,2,2,2,7,BRN,Brunei,FALSE,FALSE,FALSE
2016,Asie,COREE DU NORD,238,196,21,22,0,0,101,52,126,12,5,2,2,50,240,25,26,2,2,127,59,150,16,6,2,2,64,PRK,Corée du Nord,FALSE,FALSE,FALSE
2016,Asie,EMIRATS ARABES UNIS,247,142,123,11,2,2,0,2,97,5,8,2,2,26,156,129,11,2,2,2,10,102,5,8,5,2,33,ARE,Emirats arabes unis,FALSE,FALSE,FALSE
2017,Asie,GEORGIE,255,380,291,22,0,0,17,50,185,27,32,36,14,86,665,513,31,2,2,20,95,243,60,42,77,32,211,GEO,Géorgie,TRUE,FALSE,FALSE
2017,Asie,IRAN,204,1688,1355,51,6,11,63,202,663,263,88,261,78,335,1959,1522,63,9,17,91,257,802,279,104,289,89,396,IRN,Iran,FALSE,FALSE,FALSE
2016,Asie,ISRAEL,207,207,132,36,0,0,5,34,123,19,11,18,2,33,258,164,44,0,2,8,40,147,23,12,30,6,40,ISR,Israël,FALSE,TRUE,FALSE
2017,Asie,JAPON,217,1746,1035,100,2,44,264,302,767,259,103,106,62,449,1967,1115,116,2,55,343,336,894,290,107,112,68,496,JPN,Japon,FALSE,TRUE,FALSE
2018,Afrique subsaharienne,NIGER,337,994,822,78,17,14,7,56,176,145,140,76,83,374,1088,873,88,18,18,11,80,211,150,151,82,89,405,NER,Niger,FALSE,FALSE,FALSE
2018,Afrique subsaharienne,SOUDAN,343,280,253,5,0,0,7,15,87,21,19,14,25,114,327,292,5,0,2,7,22,95,25,23,17,32,135,SDN,Soudan,FALSE,FALSE,FALSE
2018,Afrique subsaharienne,ZIMBABWE,310,48,29,14,0,0,2,2,14,8,7,7,2,9,56,35,14,0,0,2,5,15,8,7,9,2,13,ZWE,Zimbabwe,FALSE,FALSE,FALSE
2018,Amérique,COLOMBIE,419,3820,2766,285,64,163,148,394,1265,650,403,313,112,1077,4361,3113,330,68,195,181,474,1490,688,456,330,124,1273,COL,Colombie,FALSE,TRUE,FALSE
2018,Amérique,EQUATEUR,420,541,389,39,2,17,23,69,189,154,67,28,17,86,656,452,57,5,21,31,90,246,169,76,36,23,106,ECU,Equateur,FALSE,FALSE,FALSE
2018,Amérique,HONDURAS,411,130,99,9,0,2,5,14,30,26,24,7,2,42,155,113,11,0,2,5,23,36,27,29,15,2,45,HND,Honduras,FALSE,FALSE,FALSE
2018,Amérique,JAMAIQUE,426,39,33,0,0,0,0,6,8,2,2,2,2,22,54,46,0,0,0,0,8,12,2,2,2,2,31,JAM,Jamaïque,FALSE,FALSE,FALSE
2018,Amérique,SAINT-VINCENT-ET-LES-GRENADINES,440,2,2,0,0,0,0,0,0,0,0,0,0,2,2,2,0,0,0,0,0,0,0,0,0,0,2,VCT,Saint-Vincent-et-les-Grenadines,FALSE,FALSE,FALSE
2018,Asie,IRAN,204,1992,1607,61,2,11,80,229,727,347,116,323,90,389,2245,1768,70,6,15,97,289,842,368,128,356,101,450,IRN,Iran,FALSE,FALSE,FALSE
2018,Asie,JAPON,217,1672,1043,131,2,56,207,232,721,270,107,109,65,400,1884,1143,142,2,63,279,253,847,297,114,113,68,445,JPN,Japon,FALSE,TRUE,FALSE
2018,Asie,KIRGHIZISTAN,257,71,57,5,0,2,2,6,23,10,2,7,2,25,106,86,5,2,2,2,9,30,13,2,17,6,36,KGZ,Kirghizistan,FALSE,FALSE,FALSE
2018,Asie,MACAO,232,0,0,0,0,0,0,0,0,0,0,0,0,0,0,0,0,0,0,0,0,0,0,0,0,0,0,MAC,Macao (Chine),FALSE,FALSE,FALSE
2018,Asie,PHILIPPINES,220,243,151,38,0,2,9,43,86,39,41,15,10,52,364,229,43,2,2,15,73,159,48,48,16,10,83,PHL,Philippines,FALSE,FALSE,FALSE
2018,Europe,ANDORRE,130,329,304,11,2,6,2,2,17,11,282,2,0,17,401,345,16,2,15,2,19,25,15,329,2,0,28,AND,Andorre,TRUE,FALSE,FALSE
2018,Europe,AUTRICHE,110,493,280,84,0,6,17,106,251,52,24,56,8,102,577,324,95,2,11,23,123,287,57,31,65,12,125,AUT,Autriche,TRUE,TRUE,TRUE
2018,Europe,BELGIQUE,131,2746,1913,303,13,51,151,315,1047,310,291,198,330,570,4691,3192,460,36,153,255,595,1537,536,596,348,546,1128,BEL,Belgique,TRUE,TRUE,TRUE
2018,Europe,BOSNIE-HERZEGOVINE,118,103,84,2,0,2,2,12,34,12,2,13,7,33,233,173,9,0,2,2,44,53,47,8,54,6,65,BIH,Bosnie-Herzégovine,TRUE,FALSE,FALSE
2018,Europe,CROATIE,119,233,141,45,0,2,9,37,99,17,21,11,16,69,273,167,50,0,2,11,43,112,19,20,17,18,87,HRV,Croatie,TRUE,FALSE,TRUE
2018,Europe,IRLANDE,136,654,467,131,0,2,8,46,117,117,87,112,13,208,816,579,151,0,9,14,63,154,129,115,115,23,280,IRL,Irlande,TRUE,TRUE,TRUE
2018,Europe,ITALIE,127,11357,7900,1548,27,284,291,1307,5242,1797,818,821,398,2281,14692,10170,1795,44,376,415,1892,6101,2435,1170,1108,551,3327,ITA,Italie,TRUE,TRUE,TRUE
2018,Europe,LIECHTENSTEIN,113,5,2,2,0,0,0,0,2,2,0,0,0,2,7,2,2,0,2,0,0,2,2,2,0,0,2,LIE,Liechtenstein,TRUE,FALSE,FALSE
2018,Europe,LUXEMBOURG,137,1417,1265,55,2,5,23,68,293,47,156,696,27,198,1757,1533,74,2,19,36,93,349,64,169,915,33,227,LUX,Luxembourg,TRUE,TRUE,TRUE
2018,Europe,MOLDAVIE,151,474,389,18,2,23,13,28,101,88,20,102,28,135,693,535,26,5,29,17,81,263,91,26,117,35,161,MDA,Moldavie,TRUE,FALSE,FALSE
2018,Europe,SERBIE,121,476,364,34,0,8,9,61,195,59,33,57,24,108,722,529,45,0,16,16,116,329,87,38,91,34,143,SRB,Serbie,TRUE,FALSE,FALSE
2018,Maghreb,MAURITANIE,336,1039,870,45,21,51,2,48,300,126,103,76,76,358,1266,1005,65,23,69,5,99,415,141,108,86,112,404,MRT,Mauritanie,FALSE,FALSE,FALSE
2018,Océanie,FIDJI,508,2,2,2,0,0,0,2,2,0,2,0,0,2,11,6,2,0,2,0,2,2,0,2,0,0,5,FJI,Fidji,FALSE,FALSE,FALSE
2018,Océanie,VANUATU,514,2,2,2,0,0,0,0,0,0,2,2,0,2,13,9,2,0,0,0,2,2,0,2,2,0,6,VUT,Vanuatu,FALSE,FALSE,FALSE
2019,Afrique subsaharienne,ANGOLA,395,439,346,9,10,24,2,46,59,85,31,64,46,154,936,649,27,10,26,9,215,225,158,61,103,83,306,AGO,Angola,FALSE,FALSE,FALSE
2019,Afrique subsaharienne,GUINEE,330,3609,3298,100,35,32,14,130,689,501,373,303,364,1379,4321,3698,135,37,48,20,383,956,564,424,348,469,1560,GIN,Guinée,FALSE,FALSE,FALSE
2019,Afrique subsaharienne,GUINEE EQUATORIALE,314,50,37,5,0,2,2,6,9,10,2,5,11,12,81,58,9,0,2,2,12,22,14,7,6,12,20,GNQ,Guinée-Équatoriale,FALSE,FALSE,FALSE
2019,Afrique subsaharienne,KENYA,332,180,101,21,0,2,7,47,61,20,20,16,7,56,203,117,22,0,6,7,51,72,24,22,16,9,60,KEN,Kenya,FALSE,FALSE,FALSE
2019,Afrique subsaharienne,LIBERIA,302,8,5,0,0,0,2,2,2,2,0,2,2,2,15,8,0,0,0,2,2,8,2,0,2,2,2,LBR,Liberia,FALSE,FALSE,FALSE
2019,Afrique subsaharienne,MALAWI,334,7,2,0,0,0,2,2,2,0,0,0,0,2,8,5,0,0,0,2,2,2,0,0,0,0,2,MWI,Malawi,FALSE,FALSE,FALSE
2019,Afrique subsaharienne,MOZAMBIQUE,393,68,60,2,0,0,0,7,13,14,10,5,2,24,78,66,2,0,0,2,10,15,15,10,8,2,27,MOZ,Mozambique,FALSE,FALSE,FALSE
2019,Afrique subsaharienne,OUGANDA,339,97,75,2,2,2,2,13,20,9,48,5,5,10,99,76,2,2,2,2,14,21,9,48,5,5,11,UGA,Uganda,FALSE,FALSE,FALSE
2019,Afrique subsaharienne,SENEGAL,341,11828,9551,765,304,550,69,589,3481,1319,1111,997,1124,3796,13663,10225,960,315,639,87,1437,4180,1484,1224,1114,1328,4333,SEN,Sénégal,FALSE,FALSE,FALSE
2019,Afrique subsaharienne,SWAZILAND,391,2,2,0,0,0,0,0,0,0,0,0,0,2,2,2,0,0,0,0,0,0,0,0,0,0,2,SWZ,Eswatini,FALSE,FALSE,FALSE
2019,Afrique subsaharienne,TANZANIE,309,47,25,5,0,0,2,16,9,9,6,2,0,21,54,29,5,0,0,2,19,13,9,6,2,0,24,TZA,Tanzanie,FALSE,FALSE,FALSE
2019,Amérique,BOLIVIE,418,368,250,25,2,32,19,41,114,86,57,10,23,78,465,316,33,2,37,25,53,164,95,64,15,27,100,BOL,Bolivie,FALSE,FALSE,FALSE
2019,Amérique,DOMINIQUE,438,44,41,0,0,0,2,2,22,6,2,2,2,12,109,91,0,0,0,2,17,32,9,5,6,2,53,DMA,Dominique,FALSE,FALSE,FALSE
2019,Amérique,EQUATEUR,420,541,391,41,2,13,24,69,179,135,73,26,29,99,644,451,56,2,15,33,85,232,147,80,35,36,114,ECU,Equateur,FALSE,FALSE,FALSE
2019,Amérique,GRENADE,435,10,2,2,0,0,0,6,7,0,2,0,0,2,12,2,2,0,0,0,7,9,0,2,0,0,2,GRD,Grenade,FALSE,FALSE,FALSE
2019,Amérique,GUATEMALA,409,170,111,10,2,6,13,28,48,37,26,12,8,39,224,141,18,2,6,17,40,60,41,32,18,12,61,GTM,Guatemala,FALSE,FALSE,FALSE
2019,Amérique,HONDURAS,411,124,101,6,0,2,8,6,32,27,18,2,2,40,153,117,7,0,2,8,17,38,28,22,16,5,44,HND,Honduras,FALSE,FALSE,FALSE
2019,Amérique,NICARAGUA,412,69,58,2,2,2,0,6,11,10,23,2,0,23,78,63,2,2,2,0,8,15,11,24,2,0,26,NIC,Nicaragua,FALSE,FALSE,FALSE
2019,Amérique,URUGUAY,423,96,70,7,2,5,2,12,47,2,13,6,2,23,105,72,9,2,6,2,13,49,6,15,6,2,26,URY,Uruguay,FALSE,FALSE,FALSE
2019,Asie,AZERBAIDJAN,253,762,715,18,0,2,8,20,57,31,42,535,9,88,866,788,24,2,2,12,38,80,39,53,553,14,127,AZE,Azerbaïdjan,TRUE,FALSE,FALSE
2019,Asie,BAHREIN,249,28,15,11,0,0,2,2,12,5,2,2,0,5,30,16,11,0,0,2,2,13,6,2,2,0,5,BHR,Bahreïn,FALSE,FALSE,FALSE
2019,Asie,BIRMANIE,224,38,19,2,0,2,2,10,16,2,6,2,2,13,41,20,2,0,2,2,12,19,2,6,2,2,13,MMR,Birmanie,FALSE,FALSE,FALSE
2019,Asie,GEORGIE,255,383,287,29,0,0,20,47,175,34,39,39,11,85,747,568,46,2,2,25,102,259,70,57,82,37,242,GEO,Géorgie,TRUE,FALSE,FALSE
2019,Asie,INDONESIE,231,963,675,139,2,5,60,83,241,108,193,78,53,290,1023,702,149,2,5,64,102,265,118,195,84,57,304,IDN,Indonésie,FALSE,FALSE,FALSE
2019,Asie,ISRAEL,207,170,92,34,0,0,21,23,103,14,5,19,2,25,221,122,47,0,2,21,30,134,18,6,26,5,32,ISR,Israël,FALSE,TRUE,FALSE
2019,Asie,SINGAPOUR,226,233,51,75,0,16,5,86,157,13,15,6,6,36,259,62,85,0,18,5,89,169,19,19,8,6,38,SGP,Singapour,FALSE,FALSE,FALSE
2019,Asie,TIMOR ORIENTAL,262,2,0,2,0,0,0,0,0,0,0,0,0,2,2,0,2,0,0,0,0,0,0,0,0,0,2,TLS,Timor oriental,FALSE,FALSE,FALSE
2019,Asie,TURKMENISTAN,260,29,27,2,0,0,0,2,5,2,8,2,2,11,33,28,2,0,0,2,2,5,5,8,2,2,13,TKM,Turkménistan,FALSE,FALSE,FALSE
2019,Europe,BULGARIE,111,850,664,66,2,14,32,73,268,109,108,152,40,173,1105,832,82,2,21,41,128,367,139,131,170,51,247,BGR,Bulgarie,TRUE,FALSE,TRUE
2019,Europe,CROATIE,119,198,126,40,0,2,7,24,94,15,12,12,6,59,237,149,48,0,2,8,30,107,21,14,16,7,72,HRV,Croatie,TRUE,FALSE,TRUE
2019,Europe,GRECE,126,2395,2052,89,6,32,53,163,949,181,236,341,80,608,2569,2170,106,6,38,66,183,1015,205,253,360,87,649,GRC,Grèce,TRUE,TRUE,TRUE
2019,Europe,ITALIE,127,11742,7983,1779,23,283,324,1350,5519,1777,826,839,391,2390,16014,10870,2056,54,385,439,2210,6570,2674,1294,1248,599,3629,ITA,Italie,TRUE,TRUE,TRUE
2019,Europe,LIECHTENSTEIN,113,2,0,2,0,0,0,0,2,2,0,0,0,0,2,2,2,0,0,0,0,2,2,2,0,0,0,LIE,Liechtenstein,TRUE,FALSE,FALSE
2019,Europe,LUXEMBOURG,137,1365,1205,55,2,12,30,62,319,36,146,661,35,168,1715,1474,92,2,20,39,87,371,59,155,880,40,210,LUX,Luxembourg,TRUE,TRUE,TRUE
2019,Europe,MONACO,138,182,114,29,2,5,9,22,42,12,8,2,5,112,347,200,54,5,16,25,47,74,28,22,7,13,203,MCO,Monaco,FALSE,FALSE,FALSE
2019,Europe,MONTENEGRO,120,43,35,2,0,0,2,2,17,2,2,7,0,14,67,49,2,0,2,2,9,19,8,2,19,0,19,MNE,Monténégro,TRUE,FALSE,FALSE
2019,Europe,SAINT-MARIN,128,0,0,0,0,0,0,0,0,0,0,0,0,0,2,2,0,0,0,0,2,0,2,0,0,0,2,SMR,Saint-Marin,FALSE,FALSE,FALSE
2019,Europe,SLOVAQUIE,117,271,172,21,2,12,18,46,87,36,27,58,2,59,354,226,29,2,16,23,56,106,56,36,74,6,76,SVK,Slovaquie,TRUE,TRUE,TRUE
2019,Europe,SUEDE,104,494,251,97,8,16,40,82,214,118,30,40,13,79,609,308,124,9,21,47,100,272,130,39,47,19,102,SWE,Suède,TRUE,TRUE,TRUE
2019,Maghreb,ALGERIE,352,24268,21987,555,149,225,325,1027,11000,2175,1980,1845,1922,5346,29527,25591,932,186,366,432,2020,13261,2773,2390,2153,2449,6501,DZA,Algérie,FALSE,FALSE,FALSE
2019,Maghreb,MAROC,350,36529,23612,4675,1573,3668,596,2405,8846,5590,3376,3676,3925,11116,43467,26388,5917,1640,4121,807,4594,11171,6279,4251,4236,4615,12915,MAR,Maroc,FALSE,FALSE,FALSE
2019,Nationalite non connue,"AUTRE PAYS, ETRANGER SANS AUTRE INDICATION",999,2883,25,666,0,192,294,1706,1146,287,173,138,330,809,4797,55,880,0,355,480,3027,1639,473,353,260,445,1627,NA,NA,NA,NA,NA
2019,Océanie,ILES MARSHALL,515,2,0,2,0,2,0,2,0,2,0,0,0,2,8,0,2,0,2,2,2,0,2,0,0,0,7,MHL,Îles Marshall,FALSE,FALSE,FALSE
2019,Océanie,MICRONESIE,516,2,2,0,0,0,0,0,0,0,2,0,0,0,2,2,0,0,0,0,0,0,0,2,0,0,0,FSM,Micronésie,FALSE,FALSE,FALSE
2020,Afrique subsaharienne,CONGO,324,4111,3134,397,44,83,47,406,1154,455,334,388,413,1367,6421,4568,556,52,116,70,1059,2193,632,455,513,663,1965,COG,Congo,FALSE,FALSE,FALSE
2020,Afrique subsaharienne,EGYPTE,301,2264,1851,145,8,42,55,163,899,453,188,108,78,538,2685,2126,185,13,64,65,232,1141,485,204,160,91,604,EGY,Egypte,FALSE,FALSE,FALSE
2020,Afrique subsaharienne,ETHIOPIE,315,246,181,7,2,8,6,40,42,56,52,11,11,74,310,222,9,5,10,7,57,54,70,61,17,11,97,ETH,Ethiopie,FALSE,FALSE,FALSE
2020,Afrique subsaharienne,GAMBIE,304,18,10,2,0,2,0,2,7,2,0,2,2,2,36,20,5,0,2,0,9,17,2,0,2,6,8,GMB,Gambie,FALSE,FALSE,FALSE
2020,Afrique subsaharienne,GUINEE EQUATORIALE,314,49,36,2,0,2,2,7,6,5,5,12,9,12,89,61,8,0,2,2,18,19,11,12,14,11,22,GNQ,Guinée-Équatoriale,FALSE,FALSE,FALSE
2020,Afrique subsaharienne,SENEGAL,341,12512,10046,743,263,675,71,714,3656,1396,1221,1030,1137,4072,14566,10813,969,283,774,91,1636,4410,1604,1352,1160,1339,4701,SEN,Sénégal,FALSE,FALSE,FALSE
2020,Afrique subsaharienne,SEYCHELLES,398,13,11,0,0,0,2,2,2,2,2,2,2,5,22,17,2,0,0,2,2,6,2,2,2,2,7,SYC,Seychelles,FALSE,FALSE,FALSE
2020,Afrique subsaharienne,SWAZILAND,391,2,0,2,0,0,0,0,2,0,0,0,0,0,2,0,2,0,0,0,0,2,0,2,0,0,0,SWZ,Eswatini,FALSE,FALSE,FALSE
2020,Afrique subsaharienne,TANZANIE,309,45,22,9,0,0,2,12,11,9,6,2,2,16,51,25,9,0,0,2,15,14,9,6,2,2,18,TZA,Tanzanie,FALSE,FALSE,FALSE
2020,Afrique subsaharienne,TCHAD,344,2131,1921,68,5,28,13,96,267,307,219,209,178,951,2380,2088,84,7,32,16,153,329,338,232,237,193,1051,TCD,Tchad,FALSE,FALSE,FALSE
2020,Amérique,COLOMBIE,419,3774,2731,318,58,186,156,325,1232,621,507,307,127,980,4258,3024,378,61,214,181,400,1406,664,564,328,141,1155,COL,Colombie,FALSE,TRUE,FALSE
2020,Amérique,HAITI,410,2191,1930,27,8,11,11,204,582,172,167,122,107,1041,3896,3105,61,13,28,18,671,1161,208,230,177,140,1980,HTI,Haïti,FALSE,FALSE,FALSE
2020,Amérique,PARAGUAY,421,77,53,2,0,2,2,15,37,8,15,2,2,12,94,65,2,0,2,2,19,45,9,17,6,2,16,PRY,Paraguay,FALSE,FALSE,FALSE
2020,Asie,ARABIE SAOUDITE,201,564,489,38,2,2,8,25,122,66,46,50,37,243,626,510,56,2,2,10,45,141,76,49,51,37,272,SAU,Arabie Saoudite,FALSE,FALSE,FALSE
2020,Asie,ARMENIE,252,1023,921,13,0,2,15,72,99,723,54,53,11,83,1846,1545,29,2,7,27,234,207,839,130,246,73,351,ARM,Arménie,TRUE,FALSE,FALSE
2020,Asie,BRUNEI,225,10,7,0,0,2,0,2,2,2,2,0,2,2,16,9,2,2,2,0,2,2,2,2,0,2,2,BRN,Brunei,FALSE,FALSE,FALSE
2020,Asie,CHYPRE,254,147,120,7,0,2,10,9,41,19,19,26,7,35,164,133,8,0,2,11,11,47,20,20,31,7,39,CYP,Chypre,TRUE,FALSE,TRUE
2020,Asie,INDE,223,5221,1182,2829,9,144,154,903,2405,400,350,222,490,1354,5774,1308,3094,11,162,208,991,2625,530,360,227,552,1480,IND,Inde,FALSE,FALSE,FALSE
2020,Asie,KAZAKHSTAN,256,459,330,48,2,7,28,44,113,80,52,81,23,110,544,386,53,2,9,35,59,134,88,60,92,30,140,KAZ,Kazakhstan,TRUE,FALSE,FALSE
2020,Asie,MACAO,232,2,0,2,0,0,0,0,2,0,0,0,0,0,2,0,2,0,0,0,0,2,0,0,0,0,0,MAC,Macao (Chine),FALSE,FALSE,FALSE
2020,Asie,MALAISIE,227,621,317,58,67,112,12,55,75,70,176,62,36,202,658,329,72,73,114,12,58,81,77,187,64,39,210,MYS,Malaisie,FALSE,FALSE,FALSE
2020,Asie,TURQUIE,208,2510,1889,109,5,55,94,358,952,336,241,309,94,578,4447,3106,183,18,86,135,919,1662,513,324,584,188,1176,TUR,Turquie,TRUE,TRUE,FALSE
2020,Asie,VIETNAM,243,4993,3650,352,24,326,158,483,1467,687,442,226,296,1875,5495,3909,412,31,347,189,607,1651,741,476,257,315,2055,VNM,Viêt Nam,FALSE,FALSE,FALSE
2020,Europe,ALLEMAGNE,109,5711,3586,1040,27,128,163,767,2415,523,310,1016,212,1235,7008,4391,1250,38,184,207,938,2801,701,443,1270,267,1526,DEU,Allemagne,TRUE,TRUE,TRUE
2020,Europe,ANDORRE,130,339,301,10,6,13,2,7,27,15,279,2,0,16,411,335,23,6,15,2,28,34,19,325,7,0,26,AND,Andorre,TRUE,FALSE,FALSE
2020,Europe,ITALIE,127,11260,7155,2067,25,262,304,1447,5484,1581,784,725,381,2305,16482,10747,2453,64,382,422,2414,6797,2688,1330,1231,627,3809,ITA,Italie,TRUE,TRUE,TRUE
2020,Europe,LITUANIE,108,223,124,24,0,2,24,49,117,33,16,12,10,35,286,162,34,0,2,29,59,135,39,28,18,11,55,LTU,Lituanie,TRUE,TRUE,TRUE
2020,Europe,MACEDOINE,156,124,90,7,0,7,2,16,41,20,15,12,2,34,165,120,10,0,7,5,23,54,26,15,20,2,46,MKD,Macédoine du Nord,TRUE,FALSE,FALSE
2020,Europe,SAINT-MARIN,128,2,2,0,0,0,0,0,0,0,0,0,0,2,2,2,0,0,0,2,2,2,2,0,0,0,2,SMR,Saint-Marin,FALSE,FALSE,FALSE
2020,Maghreb,ALGERIE,352,23851,21321,620,149,254,327,1180,10397,2103,2122,1914,1830,5485,29333,25143,1089,187,396,405,2113,12778,2749,2528,2233,2352,6693,DZA,Algérie,FALSE,FALSE,FALSE
2020,Océanie,FIDJI,508,5,2,0,0,0,2,2,2,0,2,2,0,2,13,2,0,0,2,2,5,5,0,2,2,0,6,FJI,Fidji,FALSE,FALSE,FALSE
2020,Océanie,NOUVELLE ZELANDE,502,49,22,14,0,0,9,2,31,2,8,0,0,8,61,30,16,0,0,10,5,34,2,9,0,0,15,NZL,Nouvelle-Zélande,FALSE,TRUE,FALSE
2021,Afrique subsaharienne,GABON,328,4427,3307,502,93,180,18,327,671,620,557,341,465,1773,5687,3910,701,98,221,29,728,945,779,686,450,598,2229,GAB,Gabon,FALSE,FALSE,FALSE
2021,Afrique subsaharienne,LESOTHO,348,5,5,0,0,0,0,0,0,2,0,0,2,2,6,6,0,0,0,0,0,0,2,0,0,2,2,LSO,Lesotho,FALSE,FALSE,FALSE
2021,Afrique subsaharienne,SENEGAL,341,13122,10335,912,283,731,61,800,3842,1500,1252,992,1122,4414,15264,11147,1142,303,815,78,1779,4629,1690,1369,1125,1352,5099,SEN,Sénégal,FALSE,FALSE,FALSE
2021,Afrique subsaharienne,SEYCHELLES,398,16,13,0,0,0,2,2,2,2,0,2,2,9,23,17,2,0,0,2,2,8,2,0,2,2,11,SYC,Seychelles,FALSE,FALSE,FALSE
2021,Afrique subsaharienne,SOMALIE,318,25,20,2,0,0,0,2,2,0,2,2,2,17,79,59,5,0,0,2,14,12,2,7,8,5,45,SOM,Somalie,FALSE,FALSE,FALSE
2021,Amérique,BARBADE,434,9,6,2,0,0,0,2,2,0,0,0,0,7,11,6,2,0,0,0,2,2,0,0,0,0,8,BRB,Barbade,FALSE,FALSE,FALSE
2021,Amérique,BOLIVIE,418,383,266,41,0,24,16,36,109,74,50,12,30,108,484,332,49,0,27,22,54,159,83,57,22,34,129,BOL,Bolivie,FALSE,FALSE,FALSE
2021,Amérique,BRESIL,416,4558,2673,356,75,769,151,534,1714,843,386,296,252,1067,5427,3290,421,78,797,183,658,2023,935,469,339,279,1382,BRA,Brésil,FALSE,FALSE,FALSE
2021,Amérique,HAITI,410,2571,2238,42,9,11,10,261,708,199,206,148,147,1163,4440,3582,94,15,28,24,697,1258,228,267,206,187,2294,HTI,Haïti,FALSE,FALSE,FALSE
2021,Amérique,NICARAGUA,412,72,62,2,2,0,2,2,17,10,22,2,2,19,85,70,2,2,0,2,8,21,12,25,2,2,21,NIC,Nicaragua,FALSE,FALSE,FALSE
2021,Amérique,SAINT-VINCENT-ET-LES-GRENADINES,440,2,2,0,0,0,0,0,2,0,0,0,0,2,2,2,0,0,0,0,0,2,0,0,0,0,2,VCT,Saint-Vincent-et-les-Grenadines,FALSE,FALSE,FALSE
2021,Amérique,URUGUAY,423,104,62,11,0,6,8,17,50,6,14,12,5,17,116,67,15,0,6,9,19,58,7,14,12,5,20,URY,Uruguay,FALSE,FALSE,FALSE
2021,Amérique,VENEZUELA,424,734,544,54,6,21,47,62,253,97,114,55,38,177,870,615,66,6,46,56,81,311,109,125,60,49,216,VEN,Venezuela,FALSE,FALSE,FALSE
2021,Asie,ARMENIE,252,1212,1090,20,0,2,14,85,121,807,119,54,20,91,2092,1746,55,2,10,27,252,248,954,208,231,79,372,ARM,Arménie,TRUE,FALSE,FALSE
2021,Asie,BAHREIN,249,73,68,2,0,0,0,2,20,8,2,2,2,40,79,68,5,0,0,2,5,24,9,2,2,2,39,BHR,Bahreïn,FALSE,FALSE,FALSE
2021,Asie,BRUNEI,225,12,9,0,0,2,0,2,2,0,7,0,0,2,14,10,0,2,2,0,2,2,0,7,0,2,2,BRN,Brunei,FALSE,FALSE,FALSE
2021,Asie,COREE DU NORD,238,131,10,42,0,0,35,44,65,35,2,10,2,18,141,10,43,0,0,41,47,68,38,2,11,2,21,PRK,Corée du Nord,FALSE,FALSE,FALSE
2021,Asie,COREE DU SUD,239,2035,1054,208,2,25,567,179,1136,249,122,113,56,359,2334,1197,253,2,37,630,214,1306,271,142,122,61,432,KOR,Corée du Sud,FALSE,TRUE,FALSE
2021,Asie,MALAISIE,227,662,335,91,53,108,13,62,92,82,165,55,50,218,701,347,101,59,111,14,69,99,87,177,58,51,229,MYS,Malaisie,FALSE,FALSE,FALSE
2021,Asie,OMAN,250,72,65,2,0,0,0,2,8,10,8,20,6,20,75,67,2,0,0,0,2,10,10,8,20,6,21,OMN,Oman,FALSE,FALSE,FALSE
2021,Asie,PAKISTAN,213,561,355,85,0,2,6,113,184,90,56,52,36,143,907,572,101,0,13,6,215,426,103,58,79,61,180,PAK,Pakistan,FALSE,FALSE,FALSE
2021,Asie,PALESTINE,261,221,193,6,2,2,2,16,71,24,29,14,21,62,286,247,9,2,5,2,20,80,33,31,22,33,87,PSE,Territoires palestiniens,FALSE,FALSE,FALSE
2021,Asie,TIMOR ORIENTAL,262,2,0,2,0,0,0,0,0,0,0,0,0,2,2,0,2,0,0,0,0,0,0,0,0,0,2,TLS,Timor oriental,FALSE,FALSE,FALSE
2021,Asie,TURKMENISTAN,260,22,18,2,0,2,2,2,10,2,2,2,0,5,28,22,2,0,2,2,2,12,2,2,2,0,7,TKM,Turkménistan,FALSE,FALSE,FALSE
2021,Europe,ANDORRE,130,313,272,7,5,12,2,14,25,19,244,2,2,23,384,305,15,5,15,5,39,36,22,291,2,2,30,AND,Andorre,TRUE,FALSE,FALSE
2021,Europe,GRECE,126,2802,2423,120,2,23,39,193,1120,195,208,529,80,670,3003,2563,141,2,27,49,219,1211,222,226,549,87,708,GRC,Grèce,TRUE,TRUE,TRUE
2021,Europe,HONGRIE,112,513,311,61,2,13,28,98,219,70,33,37,18,136,639,396,77,2,16,29,118,275,88,37,43,22,174,HUN,Hongrie,FALSE,TRUE,TRUE
2021,Europe,IRLANDE,136,919,611,176,2,11,27,92,204,165,112,125,25,288,1153,768,214,5,18,29,119,259,197,145,140,33,379,IRL,Irlande,TRUE,TRUE,TRUE
2021,Europe,ISLANDE,102,32,18,6,0,0,2,5,17,2,2,2,0,5,40,21,8,0,2,2,5,19,2,2,2,2,7,ISL,Islande,TRUE,TRUE,FALSE
2021,Europe,LUXEMBOURG,137,1369,1166,72,2,8,24,96,340,44,148,621,44,172,1725,1447,100,2,15,32,127,401,71,154,844,47,208,LUX,Luxembourg,TRUE,TRUE,TRUE
2021,Europe,ROUMANIE,114,2589,2057,119,7,40,73,293,1189,282,191,296,78,553,4279,3324,211,23,88,105,528,2097,401,296,387,132,966,ROU,Roumanie,TRUE,FALSE,TRUE
2021,Europe,SAINT-MARIN,128,2,2,0,0,0,0,0,2,0,0,0,0,2,6,5,0,0,0,0,2,2,2,2,0,0,2,SMR,Saint-Marin,FALSE,FALSE,FALSE
2021,Europe,SLOVAQUIE,117,257,167,30,2,2,14,41,89,38,23,31,9,67,339,219,38,2,8,18,53,107,51,31,49,12,89,SVK,Slovaquie,TRUE,TRUE,TRUE
2021,Maghreb,MAROC,350,38826,23375,6128,1690,4213,570,2850,9116,5782,3839,3506,4073,12510,46365,26322,7783,1786,4689,725,5060,11696,6452,4963,4077,4747,14430,MAR,Maroc,FALSE,FALSE,FALSE
2021,Océanie,AUSTRALIE,501,214,87,54,0,2,20,50,135,28,10,8,10,23,267,105,72,0,6,23,61,157,37,18,8,14,33,AUS,Australie,FALSE,TRUE,FALSE
2021,Océanie,ILES MARSHALL,515,9,0,0,0,6,0,2,2,0,0,0,7,2,9,0,0,0,6,0,2,2,0,0,0,7,2,MHL,Îles Marshall,FALSE,FALSE,FALSE
2021,Océanie,TONGA,509,2,2,0,0,0,0,0,0,0,0,0,0,2,2,2,0,0,0,0,0,2,0,0,0,0,2,TON,Tonga,FALSE,FALSE,FALSE
2022,Afrique subsaharienne,CAMEROUN,322,7552,3233,1850,173,1187,54,1055,2689,694,427,915,550,2277,9767,4321,2328,194,1277,72,1575,3764,907,539,1053,700,2804,CMR,Cameroun,FALSE,FALSE,FALSE
2022,Afrique subsaharienne,COTE D'IVOIRE,326,8523,5373,1670,101,471,105,803,2423,1185,682,563,646,3024,10691,6523,2006,109,519,131,1403,3525,1379,800,677,780,3530,CIV,Côte dIvoire,FALSE,FALSE,FALSE
2022,Afrique subsaharienne,ERYTHREE,317,16,15,0,0,0,0,2,2,2,0,2,0,9,68,52,2,2,2,2,10,16,8,0,9,2,31,ERI,Erythrée,FALSE,FALSE,FALSE
2022,Afrique subsaharienne,GHANA,329,431,310,54,0,17,2,46,79,46,53,31,36,186,494,342,59,0,17,2,72,106,56,58,33,37,204,GHA,Ghana,FALSE,FALSE,FALSE
2022,Afrique subsaharienne,GUINEE,330,2842,2408,168,28,49,19,170,618,383,256,221,262,1102,3860,2949,235,32,71,24,549,953,481,311,277,416,1422,GIN,Guinée,FALSE,FALSE,FALSE
2022,Afrique subsaharienne,LIBERIA,302,7,2,2,0,0,0,2,2,2,0,2,2,2,14,8,2,0,0,0,5,6,2,0,2,2,2,LBR,Liberia,FALSE,FALSE,FALSE
2022,Afrique subsaharienne,MALI,335,2275,1803,197,24,77,6,168,773,224,192,152,177,757,2929,2107,257,26,93,9,437,1225,258,211,180,214,841,MLI,Mali,FALSE,FALSE,FALSE
2022,Afrique subsaharienne,MAURICE,390,1238,836,80,24,29,151,118,425,115,124,61,53,460,1575,1045,115,24,38,160,193,574,152,144,78,66,561,MUS,Ile Maurice,FALSE,FALSE,FALSE
2022,Afrique subsaharienne,MOZAMBIQUE,393,106,71,14,2,0,2,17,22,18,14,10,2,41,112,75,14,2,0,2,17,26,18,15,11,2,41,MOZ,Mozambique,FALSE,FALSE,FALSE
2022,Afrique subsaharienne,SOMALIE,318,30,29,0,2,0,0,0,5,2,2,8,2,12,100,78,2,2,0,2,18,14,5,8,19,6,48,SOM,Somalie,FALSE,FALSE,FALSE
2022,Afrique subsaharienne,SWAZILAND,391,2,0,0,0,0,0,2,2,0,2,0,0,0,2,0,2,0,0,0,2,2,0,2,0,0,0,SWZ,Eswatini,FALSE,FALSE,FALSE
2022,Afrique subsaharienne,ZAMBIE,346,22,11,2,2,2,2,2,6,2,2,2,2,9,25,14,2,2,2,2,2,7,5,2,2,2,10,ZMB,Zambie,FALSE,FALSE,FALSE
2022,Afrique subsaharienne,ZIMBABWE,310,67,39,7,0,2,7,12,18,13,2,2,2,25,72,42,8,0,2,7,13,18,13,2,2,6,28,ZWE,Zimbabwe,FALSE,FALSE,FALSE
2022,Amérique,BAHAMAS,436,11,5,2,0,0,2,2,5,2,0,2,0,2,12,5,2,0,0,2,2,5,2,0,2,0,2,BHS,Bahamas,FALSE,FALSE,FALSE
2022,Amérique,BELIZE,429,2,2,0,0,0,2,2,2,0,0,2,0,2,2,2,0,0,0,2,2,2,0,0,2,0,2,BLZ,Belize,FALSE,FALSE,FALSE
2022,Amérique,CANADA,401,1873,1070,355,7,36,91,314,856,342,158,131,53,333,2209,1254,433,8,47,107,360,987,392,178,150,78,424,CAN,Canada,FALSE,TRUE,FALSE
2022,Amérique,SAINT-CHRISTOPHE-ET-NIEVES,442,2,2,2,0,0,0,0,2,0,0,0,0,2,9,6,2,0,2,0,2,2,2,0,2,0,2,KNA,Saint-Christophe-et-Niévès,FALSE,FALSE,FALSE
2022,Amérique,SAINT-VINCENT-ET-LES-GRENADINES,440,2,2,0,0,0,0,0,2,0,0,0,0,2,2,2,0,0,0,0,0,2,0,0,0,0,2,VCT,Saint-Vincent-et-les-Grenadines,FALSE,FALSE,FALSE
2022,Asie,CHINE,216,22724,9996,7828,216,1490,1115,2079,8665,2621,1760,1237,1717,6724,25605,11461,8337,258,1680,1268,2601,10487,2826,1833,1326,1817,7316,CHN,Chine,FALSE,FALSE,FALSE
2022,Asie,INDE,223,6603,1345,4032,6,108,179,933,3318,655,397,321,576,1336,6986,1485,4149,9,131,186,1026,3536,686,408,331,592,1433,IND,Inde,FALSE,FALSE,FALSE
2022,Asie,JAPON,217,1412,832,177,2,20,230,152,645,174,103,113,46,331,1631,932,196,2,33,283,183,751,208,113,117,53,389,JPN,Japon,FALSE,TRUE,FALSE
2022,Asie,LIBAN,205,10688,7029,1418,163,589,380,1109,4258,1484,1044,651,731,2520,11527,7458,1584,175,654,418,1238,4675,1608,1086,733,761,2664,LBN,Liban,FALSE,FALSE,FALSE
2022,Asie,SINGAPOUR,226,295,47,111,0,18,7,112,226,14,23,8,7,17,320,52,128,0,19,8,113,236,20,25,10,7,22,SGP,Singapour,FALSE,FALSE,FALSE
2022,Europe,BELGIQUE,131,2957,1936,418,9,52,173,369,1257,284,274,201,307,634,4871,3137,604,23,157,253,697,1732,513,575,335,545,1171,BEL,Belgique,TRUE,TRUE,TRUE
2022,Europe,BULGARIE,111,664,488,62,2,6,33,72,247,86,76,93,37,125,967,690,79,6,11,39,142,361,120,102,121,47,216,BGR,Bulgarie,TRUE,FALSE,TRUE
2022,Europe,GRECE,126,3037,2640,138,5,20,48,186,1190,210,261,640,85,651,3235,2769,163,5,28,56,214,1281,235,280,657,95,687,GRC,Grèce,TRUE,TRUE,TRUE
2022,Europe,ISLANDE,102,34,19,2,0,0,9,2,16,2,5,2,0,10,40,20,7,0,2,10,2,16,2,6,2,2,14,ISL,Islande,TRUE,TRUE,FALSE
2022,Europe,MALTE,144,39,17,7,0,0,8,7,19,8,2,2,2,5,44,19,8,0,2,9,7,23,8,2,2,2,6,MLT,Malte,TRUE,FALSE,TRUE
2022,Europe,MOLDAVIE,151,296,258,8,0,2,12,14,70,40,19,62,10,95,570,414,24,2,8,22,100,266,51,28,77,13,135,MDA,Moldavie,TRUE,FALSE,FALSE
2022,Europe,ROUMANIE,114,2391,1906,110,7,34,76,258,1218,246,185,229,64,449,4291,3235,217,23,93,111,612,2239,384,288,320,129,931,ROU,Roumanie,TRUE,FALSE,TRUE
2022,Europe,SUISSE,140,1562,901,228,2,14,165,251,717,229,89,233,26,268,2264,1296,368,2,34,215,347,891,449,128,314,36,446,CHE,Suisse,TRUE,TRUE,FALSE
2022,Europe,UKRAINE,155,2710,2093,166,6,28,213,204,772,358,244,381,157,798,3351,2519,207,11,45,247,322,1065,418,289,446,182,951,UKR,Ukraine,TRUE,FALSE,FALSE
2022,Maghreb,ALGERIE,352,25781,22200,1514,157,294,296,1320,10987,2182,2107,1515,2347,6643,32147,26533,2071,197,422,346,2578,13899,2889,2599,1860,2884,8016,DZA,Algérie,FALSE,FALSE,FALSE
2022,Océanie,FIDJI,508,6,2,2,0,0,0,2,2,2,2,0,0,2,14,6,2,0,2,0,2,2,2,2,2,2,5,FJI,Fidji,FALSE,FALSE,FALSE
2022,Océanie,NOUVELLE ZELANDE,502,48,28,12,0,0,2,7,24,12,2,2,0,5,59,36,13,0,0,2,9,24,16,6,2,0,10,NZL,Nouvelle-Zélande,FALSE,TRUE,FALSE
2023,Afrique subsaharienne,ANGOLA,395,424,295,26,19,33,8,43,79,77,32,57,47,132,995,621,63,25,40,13,233,258,190,61,98,107,281,AGO,Angola,FALSE,FALSE,FALSE
2023,Afrique subsaharienne,BURKINA,331,2002,1421,191,53,121,13,203,500,348,193,118,173,670,2309,1580,252,57,137,17,266,644,375,216,133,198,743,BFA,Burkina Faso,FALSE,FALSE,FALSE
2023,Afrique subsaharienne,CAMEROUN,322,8603,3495,2224,191,1451,62,1180,3212,866,466,857,684,2518,10880,4582,2759,215,1559,85,1680,4400,1053,566,978,815,3068,CMR,Cameroun,FALSE,FALSE,FALSE
2023,Afrique subsaharienne,COTE D'IVOIRE,326,9184,5343,2118,114,502,119,988,2933,1210,672,528,688,3153,11772,6544,2747,120,569,164,1628,4314,1410,830,662,845,3711,CIV,Côte dIvoire,FALSE,FALSE,FALSE
2023,Afrique subsaharienne,DJIBOUTI,399,661,532,43,2,9,2,70,126,73,67,38,93,264,799,610,67,7,14,6,95,167,89,81,51,106,305,DJI,Djibouti,FALSE,FALSE,FALSE
2023,Afrique subsaharienne,EGYPTE,301,2551,2035,198,18,51,70,179,1105,508,174,108,106,550,3119,2394,248,23,81,94,279,1450,545,188,182,133,621,EGY,Egypte,FALSE,FALSE,FALSE
2023,Afrique subsaharienne,OUGANDA,339,79,50,9,0,2,2,15,21,7,9,6,15,21,97,60,10,0,2,8,18,26,10,10,9,16,26,UGA,Uganda,FALSE,FALSE,FALSE
2023,Afrique subsaharienne,SAO TOME-ET-PRINCIPE,394,9,9,0,0,0,0,0,0,2,0,0,0,8,11,10,0,0,0,0,2,2,2,0,0,0,8,STP,Sao Tomé-et-Principe,FALSE,FALSE,FALSE
2023,Amérique,BAHAMAS,436,10,2,2,0,0,2,2,6,2,2,0,0,2,11,2,2,0,0,2,2,6,2,2,2,0,2,BHS,Bahamas,FALSE,FALSE,FALSE
2023,Amérique,COSTA RICA,406,219,157,22,2,6,2,29,74,39,31,17,14,44,242,175,24,2,6,2,32,81,41,37,21,14,48,CRI,Costa Rica,FALSE,FALSE,FALSE
2023,Amérique,HAITI,410,2524,2287,54,19,10,14,140,710,230,234,157,154,1039,4727,3652,126,25,21,36,867,1276,271,291,207,193,2489,HTI,Haïti,FALSE,FALSE,FALSE
2023,Amérique,JAMAIQUE,426,29,25,0,0,0,0,2,5,2,2,2,2,15,38,30,0,0,0,0,8,9,2,2,2,2,20,JAM,Jamaïque,FALSE,FALSE,FALSE
2023,Amérique,SURINAME,437,5,5,0,0,0,0,0,0,0,0,0,2,2,189,132,2,0,0,2,52,2,2,2,8,11,163,SUR,Suriname,FALSE,FALSE,FALSE
2023,Asie,BIRMANIE,224,67,37,12,0,0,8,10,29,9,8,2,2,17,76,42,14,0,0,10,10,34,9,8,2,2,21,MMR,Birmanie,FALSE,FALSE,FALSE
2023,Asie,CHINE,216,24174,10979,8591,171,1248,1002,2183,9051,2525,1715,1228,2424,7231,27123,12374,9130,197,1461,1190,2771,10957,2705,1778,1348,2529,7806,CHN,Chine,FALSE,FALSE,FALSE
2023,Asie,CHYPRE,254,226,158,25,0,2,18,22,86,26,29,31,12,42,249,170,30,0,2,21,25,101,27,30,35,12,44,CYP,Chypre,TRUE,FALSE,TRUE
2023,Asie,INDE,223,7344,1502,4524,2,112,209,993,3587,727,442,332,598,1658,7798,1643,4709,8,127,224,1087,3856,753,450,349,611,1779,IND,Inde,FALSE,FALSE,FALSE
2023,Asie,IRAK,203,188,159,5,2,2,2,17,45,43,8,16,17,59,565,427,10,2,13,10,101,110,98,21,85,47,204,IRQ,Irak,FALSE,FALSE,FALSE
2023,Asie,NEPAL,215,193,97,55,0,0,2,37,53,28,21,11,7,73,230,117,60,0,2,7,44,79,29,23,13,7,79,NPL,Népal,FALSE,FALSE,FALSE
2023,Asie,SYRIE,206,1247,1041,37,14,14,50,91,340,208,81,169,74,375,2454,1993,62,30,44,67,258,536,418,162,384,159,795,SYR,Syrie,FALSE,FALSE,FALSE
2023,Asie,TURKMENISTAN,260,21,13,2,0,2,2,2,10,2,2,2,2,2,27,16,2,0,2,2,2,11,2,2,2,2,6,TKM,Turkménistan,FALSE,FALSE,FALSE
2023,Asie,VIETNAM,243,4902,3419,468,15,288,182,530,1439,613,431,161,240,2018,5383,3676,553,19,306,222,607,1656,660,453,184,252,2178,VNM,Viêt Nam,FALSE,FALSE,FALSE
2023,Europe,ALBANIE,125,571,438,39,0,8,23,63,136,115,62,57,40,161,1428,970,86,6,28,37,301,200,331,142,221,93,441,ALB,Albanie,TRUE,FALSE,FALSE
2023,Europe,BOSNIE-HERZEGOVINE,118,105,83,7,0,2,2,11,42,9,2,6,8,36,208,153,11,0,2,2,40,54,47,5,41,10,51,BIH,Bosnie-Herzégovine,TRUE,FALSE,FALSE
2023,Europe,CROATIE,119,198,112,46,0,2,8,29,94,14,17,10,11,52,241,141,54,2,2,8,33,119,19,17,13,13,60,HRV,Croatie,TRUE,FALSE,TRUE
2023,Europe,ESTONIE,106,103,48,22,0,2,10,22,62,11,10,7,2,12,127,63,25,0,2,11,27,71,13,12,8,2,22,EST,Estonie,TRUE,TRUE,TRUE
2023,Europe,ISLANDE,102,31,16,7,0,0,5,2,15,2,2,2,2,8,37,18,8,0,2,6,2,19,2,2,2,2,8,ISL,Islande,TRUE,TRUE,FALSE
2023,Europe,LUXEMBOURG,137,1544,1282,108,2,13,41,99,404,60,180,660,41,199,1949,1610,143,2,18,50,127,473,78,189,922,52,235,LUX,Luxembourg,TRUE,TRUE,TRUE
2023,Europe,MALTE,144,35,21,2,0,0,2,6,10,9,5,2,2,9,39,24,2,0,2,2,6,12,9,5,2,2,11,MLT,Malte,TRUE,FALSE,TRUE
2023,Europe,PAYS-BAS,135,812,370,188,2,9,39,205,358,68,113,42,88,143,1548,850,253,10,39,60,336,551,165,209,88,143,392,NLD,Pays-Bas,TRUE,TRUE,TRUE
2023,Europe,SUISSE,140,1561,854,291,2,13,163,238,771,229,82,192,39,248,2298,1265,421,2,30,223,356,952,486,131,262,55,412,CHE,Suisse,TRUE,TRUE,FALSE
2023,Océanie,KIRIBATI,513,0,0,0,0,0,0,0,0,0,0,0,0,0,2,0,2,0,0,0,0,0,0,0,0,0,2,KIR,Kiribati,FALSE,FALSE,FALSE
2023,Océanie,NAURU,507,0,0,0,0,0,0,0,0,0,0,0,0,0,0,0,0,0,0,0,0,0,0,0,0,0,0,NRU,Nauru,FALSE,FALSE,FALSE
2023,Océanie,NOUVELLE ZELANDE,502,73,41,18,0,0,2,11,32,17,2,2,2,15,89,50,21,0,0,5,13,36,21,7,2,2,19,NZL,Nouvelle-Zélande,FALSE,TRUE,FALSE
2023,Océanie,SAMOA OCCIDENTALES,506,0,0,0,0,0,0,0,0,0,0,0,0,0,2,0,0,0,0,0,2,0,0,2,0,0,0,WSM,Samoa,FALSE,FALSE,FALSE
2023,Océanie,TONGA,509,2,2,2,0,0,0,0,2,0,0,0,0,0,2,2,2,0,2,0,0,2,0,0,0,0,0,TON,Tonga,FALSE,FALSE,FALSE
2023,Océanie,TUVALU,511,2,0,0,0,0,2,0,2,0,0,0,0,0,2,2,0,0,0,2,0,2,0,0,0,0,0,TUV,Tuvalu,FALSE,FALSE,FALSE
2024,Europe,ACORES,319,2,0,0,0,0,0,2,0,2,0,0,0,0,5,0,0,0,0,0,5,0,5,0,0,0,0,PRT,Portugal,TRUE,TRUE,TRUE
2024,Afrique subsaharienne,BENIN,327,7753,5517,766,92,600,76,702,1931,885,805,495,668,2969,8361,5859,843,98,632,83,846,2224,952,839,529,704,3113,BEN,Bénin,FALSE,FALSE,FALSE
2024,Afrique subsaharienne,CAMEROUN,322,10158,3840,2835,235,1783,68,1397,3988,982,540,929,848,2871,12291,4977,3191,258,1904,86,1875,4994,1178,663,1051,981,3424,CMR,Cameroun,FALSE,FALSE,FALSE
2024,Afrique subsaharienne,COTE D'IVOIRE,326,10101,5572,2453,136,558,113,1269,3522,1256,785,545,708,3285,12672,6938,2909,140,625,145,1915,4800,1483,934,692,863,3900,CIV,Côte dIvoire,FALSE,FALSE,FALSE
2024,Afrique subsaharienne,ETHIOPIE,315,338,258,13,2,6,2,57,53,70,86,13,12,104,439,310,26,2,10,5,86,75,93,97,23,17,134,ETH,Ethiopie,FALSE,FALSE,FALSE
2024,Afrique subsaharienne,GAMBIE,304,26,14,7,0,0,0,5,6,6,0,2,2,11,53,26,10,0,0,0,17,20,9,2,2,2,17,GMB,Gambie,FALSE,FALSE,FALSE
2024,Afrique subsaharienne,GUINEE EQUATORIALE,314,50,37,2,0,2,2,9,13,7,8,2,7,13,85,59,6,2,2,2,15,27,12,14,2,8,20,GNQ,Guinée-Équatoriale,FALSE,FALSE,FALSE
2024,Afrique subsaharienne,NIGERIA,338,992,540,200,2,16,30,203,248,156,82,56,58,392,1378,793,234,7,19,33,292,355,188,99,98,110,528,NGA,Nigéria,FALSE,FALSE,FALSE
2024,Afrique subsaharienne,RWANDA,340,367,253,46,2,7,5,55,96,64,22,30,55,100,589,404,60,2,13,6,103,150,102,30,49,91,167,RWA,Rwanda,FALSE,FALSE,FALSE
2024,Afrique subsaharienne,SENEGAL,341,16118,11748,1176,347,959,62,1826,4298,1802,1540,1305,1600,5573,17722,12571,1381,372,1044,69,2285,5025,1951,1622,1409,1697,6018,SEN,Sénégal,FALSE,FALSE,FALSE
2024,Amérique,BARBADE,434,2,2,0,0,0,2,0,2,0,0,0,0,2,2,2,0,0,0,2,0,2,0,0,0,0,2,BRB,Barbade,FALSE,FALSE,FALSE
2024,Amérique,BELIZE,429,2,0,2,0,2,2,0,2,0,0,0,0,0,2,0,2,0,2,2,0,2,0,0,0,0,0,BLZ,Belize,FALSE,FALSE,FALSE
2024,Amérique,BOLIVIE,418,393,263,36,2,26,21,44,121,62,75,27,31,77,468,317,42,2,31,23,52,146,66,95,35,34,92,BOL,Bolivie,FALSE,FALSE,FALSE
2024,Amérique,BRESIL,416,4800,2439,663,118,884,136,560,1762,840,383,249,541,1025,5737,3029,767,120,953,157,711,2131,943,464,283,574,1342,BRA,Brésil,FALSE,FALSE,FALSE
2024,Amérique,COLOMBIE,419,3265,1956,543,61,238,124,343,1146,459,463,261,147,789,3752,2240,615,60,270,146,421,1373,514,508,281,163,913,COL,Colombie,FALSE,TRUE,FALSE
2024,Amérique,GUATEMALA,409,189,110,29,2,5,11,31,62,36,26,9,9,47,253,145,44,2,5,16,40,84,42,35,22,9,61,GTM,Guatemala,FALSE,FALSE,FALSE
2024,Amérique,HAITI,410,2179,1950,52,18,11,17,131,635,206,202,135,136,865,4334,3362,104,24,23,37,784,1176,250,247,187,178,2296,HTI,Haïti,FALSE,FALSE,FALSE
2024,Amérique,HONDURAS,411,169,120,19,2,6,8,14,45,34,30,7,12,41,216,154,23,2,7,11,19,51,38,41,21,14,51,HND,Honduras,FALSE,FALSE,FALSE
2024,Asie,AZERBAIDJAN,253,1036,965,33,0,0,8,30,84,27,48,711,18,148,1199,1093,40,2,2,9,54,106,46,63,746,24,214,AZE,Azerbaïdjan,TRUE,FALSE,FALSE
2024,Asie,COREE DU NORD,238,111,13,25,0,0,39,34,77,2,2,8,5,16,137,15,26,0,0,58,38,83,17,2,8,6,19,PRK,Corée du Nord,FALSE,FALSE,FALSE
2024,Asie,INDE,223,8398,1590,5331,2,187,207,1079,3924,984,537,374,636,1943,9093,1746,5724,8,206,216,1193,4426,1032,547,392,647,2049,IND,Inde,FALSE,FALSE,FALSE
2024,Asie,IRAN,204,3255,2631,116,8,23,137,340,898,691,328,632,137,569,3640,2893,145,12,32,154,404,1029,745,355,664,167,680,IRN,Iran,FALSE,FALSE,FALSE
2024,Asie,ISRAEL,207,171,75,33,0,2,33,28,113,10,11,15,2,18,210,100,39,0,2,37,32,128,13,14,25,8,22,ISR,Israël,FALSE,TRUE,FALSE
2024,Asie,NEPAL,215,271,93,128,0,2,8,40,81,53,40,10,14,73,331,115,149,0,5,9,53,121,61,45,11,15,78,NPL,Népal,FALSE,FALSE,FALSE
2024,Asie,PAKISTAN,213,1034,621,183,2,8,18,203,302,233,52,57,76,314,1497,901,212,2,11,19,351,617,250,64,88,109,369,PAK,Pakistan,FALSE,FALSE,FALSE
2024,Asie,SINGAPOUR,226,272,50,113,0,15,6,88,185,29,23,6,2,25,303,55,132,0,16,10,90,204,35,23,9,2,28,SGP,Singapour,FALSE,FALSE,FALSE
2024,Asie,VIETNAM,243,5107,3542,516,16,292,159,582,1529,695,490,170,250,1973,5606,3826,593,19,312,183,673,1781,738,521,197,263,2106,VNM,Viêt Nam,FALSE,FALSE,FALSE
2024,Europe,BULGARIE,111,750,482,87,2,7,60,111,325,76,83,94,39,133,1135,730,123,2,15,67,196,458,114,116,129,54,264,BGR,Bulgarie,TRUE,FALSE,TRUE
2024,Europe,ESPAGNE,134,6487,4175,911,40,308,199,854,2367,958,950,477,294,1441,13097,8579,1295,88,472,306,2357,3752,1629,2683,841,664,3528,ESP,Espagne,TRUE,TRUE,TRUE
2024,Europe,ITALIE,127,13397,7806,3220,36,270,393,1672,7055,1714,909,756,529,2434,22042,13389,3964,125,504,537,3523,9198,3622,1814,1663,923,4822,ITA,Italie,TRUE,TRUE,TRUE
2024,Europe,LETTONIE,107,178,68,53,0,2,20,35,89,21,20,8,10,30,239,98,56,2,5,27,51,107,31,28,16,10,47,LVA,Lettonie,TRUE,TRUE,TRUE
2024,Europe,MONACO,138,155,99,12,2,2,9,30,43,9,2,2,5,93,285,156,39,2,10,23,56,75,28,9,5,9,159,MCO,Monaco,FALSE,FALSE,FALSE
2024,Europe,ROYAUME-UNI,132,2014,1252,380,2,13,101,266,801,337,228,107,60,481,3435,2108,600,15,56,168,488,1107,497,433,152,109,1137,GBR,Royaume-Uni,TRUE,TRUE,FALSE
2024,Europe,SAINT-MARIN,128,5,5,0,0,0,0,0,2,0,0,0,0,2,9,6,0,0,0,2,2,2,2,0,0,0,5,SMR,Saint-Marin,FALSE,FALSE,FALSE
2024,Europe,SERBIE,121,334,222,35,0,2,18,58,182,28,26,27,14,57,641,417,56,2,10,22,134,340,61,31,79,23,107,SRB,Serbie,TRUE,FALSE,FALSE
2024,Nationalite non connue,"AUTRE PAYS, ETRANGER SANS AUTRE INDICATION",999,2776,105,74,0,0,532,2065,1451,207,126,144,168,680,4512,156,89,0,0,889,3378,1991,369,259,253,271,1369,NA,NA,NA,NA,NA
2024,Océanie,SAMOA OCCIDENTALES,506,0,0,0,0,0,0,0,0,0,0,0,0,0,2,2,0,0,0,0,2,0,0,2,0,0,0,WSM,Samoa,FALSE,FALSE,FALSE
2024,Océanie,TUVALU,511,2,0,0,0,0,2,0,2,0,0,0,0,0,2,2,0,0,0,2,0,2,0,0,0,0,0,TUV,Tuvalu,FALSE,FALSE,FALSE
2024,Océanie,VANUATU,514,7,5,0,2,2,0,0,2,2,2,0,2,2,27,24,2,2,2,0,0,2,2,17,0,2,2,VUT,Vanuatu,FALSE,FALSE,FALSE
2013,Afrique subsaharienne,ANGOLA,395,181,146,5,2,2,2,20,28,22,23,20,17,71,421,322,12,5,7,6,69,97,65,44,40,36,139,AGO,Angola,FALSE,FALSE,FALSE
2013,Afrique subsaharienne,BENIN,327,1966,1619,50,27,110,14,146,525,266,143,160,188,684,2285,1792,93,31,122,20,227,666,292,160,175,217,775,BEN,Bénin,FALSE,FALSE,FALSE
2013,Afrique subsaharienne,BURUNDI,321,467,422,2,2,6,2,28,120,54,34,29,73,157,540,480,5,2,8,5,39,140,57,39,30,90,184,BDI,Burundi,FALSE,FALSE,FALSE
2013,Afrique subsaharienne,CAMEROUN,322,5081,3487,410,210,487,24,463,1485,503,279,565,434,1815,7257,4893,558,222,586,32,966,2540,697,372,689,622,2337,CMR,Cameroun,FALSE,FALSE,FALSE
2014,Afrique subsaharienne,CAP-VERT,396,78,62,2,0,0,2,12,29,2,7,5,13,21,196,143,2,0,2,5,44,100,8,8,11,16,53,CPV,Cap Vert,FALSE,FALSE,FALSE
2015,Afrique subsaharienne,ERYTHREE,317,5,5,0,0,0,0,0,2,0,0,0,0,2,13,11,0,0,0,0,2,2,2,0,0,2,8,ERI,Erythrée,FALSE,FALSE,FALSE
2014,Afrique subsaharienne,ETHIOPIE,315,179,152,2,0,2,2,18,27,53,47,2,11,37,244,197,5,0,9,2,31,39,56,56,10,19,64,ETH,Ethiopie,FALSE,FALSE,FALSE
2014,Afrique subsaharienne,GAMBIE,304,12,8,2,0,0,0,2,9,0,0,0,2,2,24,16,2,0,0,0,6,16,0,0,0,2,5,GMB,Gambie,FALSE,FALSE,FALSE
2013,Afrique subsaharienne,GHANA,329,204,172,10,0,0,2,21,31,30,19,33,14,77,274,235,11,0,0,2,27,54,32,20,36,14,118,GHA,Ghana,FALSE,FALSE,FALSE
2015,Afrique subsaharienne,MADAGASCAR,333,3007,2573,77,51,35,24,247,1061,285,346,177,143,995,4105,3247,117,64,97,31,549,1449,360,468,238,199,1391,MDG,Madagascar,FALSE,FALSE,FALSE
2013,Afrique subsaharienne,MALAWI,334,2,2,0,0,0,0,0,0,2,0,0,0,0,2,2,0,0,0,0,0,2,2,0,0,0,0,MWI,Malawi,FALSE,FALSE,FALSE
2014,Afrique subsaharienne,MAURICE,390,1314,1172,30,12,19,30,51,375,81,212,70,70,506,1604,1351,50,15,38,39,111,510,108,239,81,85,581,MUS,Ile Maurice,FALSE,FALSE,FALSE
2015,Afrique subsaharienne,MOZAMBIQUE,393,46,43,0,0,0,0,2,8,6,5,2,2,25,52,49,0,0,0,0,2,8,7,5,2,2,29,MOZ,Mozambique,FALSE,FALSE,FALSE
2013,Afrique subsaharienne,NAMIBIE,311,7,2,0,0,0,2,2,2,0,2,0,0,2,9,5,0,0,0,2,2,2,0,2,0,0,2,NAM,Namibie,FALSE,FALSE,FALSE
2015,Afrique subsaharienne,NAMIBIE,311,8,6,0,0,0,0,2,2,0,0,0,0,7,11,9,0,0,0,0,2,2,0,2,0,0,8,NAM,Namibie,FALSE,FALSE,FALSE
2013,Afrique subsaharienne,NIGER,337,708,597,24,17,26,2,43,134,85,89,59,59,282,817,665,30,18,34,2,69,172,93,100,63,67,322,NER,Niger,FALSE,FALSE,FALSE
2013,Afrique subsaharienne,NIGERIA,338,266,172,37,2,0,6,50,73,48,17,22,13,93,333,218,40,2,2,7,64,101,52,18,22,20,120,NGA,Nigéria,FALSE,FALSE,FALSE
2013,Afrique subsaharienne,SAO TOME-ET-PRINCIPE,394,22,17,2,0,0,0,2,2,9,2,2,0,6,26,20,2,0,0,0,2,2,10,2,2,0,8,STP,Sao Tomé-et-Principe,FALSE,FALSE,FALSE
2014,Afrique subsaharienne,SEYCHELLES,398,33,28,2,0,2,2,2,5,2,0,2,2,22,47,40,2,0,2,2,2,6,2,0,2,2,34,SYC,Seychelles,FALSE,FALSE,FALSE
2014,Afrique subsaharienne,SIERRA LEONE,342,12,9,2,0,0,0,2,6,2,2,0,0,2,22,16,2,0,0,0,5,12,2,2,0,2,5,SLE,Sierra Leone,FALSE,FALSE,FALSE
2015,Afrique subsaharienne,SOUDAN,343,65,59,2,0,0,0,5,23,7,6,8,2,18,95,86,2,0,0,0,8,29,9,7,11,5,34,SDN,Soudan,FALSE,FALSE,FALSE
2015,Afrique subsaharienne,TCHAD,344,650,546,19,2,11,2,67,112,106,71,85,48,228,804,641,27,2,16,5,111,154,127,84,99,52,288,TCD,Tchad,FALSE,FALSE,FALSE
2013,Amérique,ARGENTINE,415,723,485,14,12,63,17,132,364,93,72,46,16,132,827,553,20,12,69,22,151,411,103,82,55,20,156,ARG,Argentine,FALSE,FALSE,FALSE
2014,Amérique,BAHAMAS,436,2,0,2,0,0,2,0,2,0,0,0,0,2,5,2,2,0,0,2,2,2,0,0,0,0,2,BHS,Bahamas,FALSE,FALSE,FALSE
2015,Amérique,BAHAMAS,436,6,2,2,0,0,0,2,2,2,0,0,0,2,8,2,2,0,0,0,2,5,2,0,0,0,2,BHS,Bahamas,FALSE,FALSE,FALSE
2013,Amérique,BARBADE,434,9,7,2,0,0,0,2,2,2,2,0,2,2,12,8,2,0,2,0,2,2,2,2,0,2,2,BRB,Barbade,FALSE,FALSE,FALSE
2015,Amérique,BELIZE,429,2,0,0,0,0,0,2,0,0,2,0,0,2,2,0,0,0,0,0,2,0,0,2,0,0,2,BLZ,Belize,FALSE,FALSE,FALSE
2015,Amérique,CANADA,401,1662,1170,159,2,18,35,276,688,325,129,146,39,335,2000,1354,216,6,34,48,342,805,373,163,155,57,447,CAN,Canada,FALSE,TRUE,FALSE
2013,Amérique,CUBA,407,119,105,2,0,0,7,6,36,15,17,6,2,41,154,133,2,0,2,7,12,47,18,22,6,5,56,CUB,Cuba,FALSE,FALSE,FALSE
2015,Amérique,ETATS-UNIS,404,4804,2944,343,2,14,84,1416,2224,697,265,577,59,982,5699,3340,452,5,43,110,1749,2607,769,321,702,90,1210,USA,Etats-Unis,FALSE,TRUE,FALSE
2014,Amérique,GUATEMALA,409,95,77,2,2,2,2,9,18,23,21,9,2,22,128,98,2,2,9,2,14,24,31,27,10,2,33,GTM,Guatemala,FALSE,FALSE,FALSE
2015,Amérique,GUATEMALA,409,103,85,2,2,2,2,10,24,26,24,8,2,19,139,109,5,2,6,2,15,29,33,30,10,5,32,GTM,Guatemala,FALSE,FALSE,FALSE
2015,Amérique,JAMAIQUE,426,56,45,8,0,0,0,2,11,5,5,2,2,33,65,52,8,0,0,2,2,13,5,6,2,2,37,JAM,Jamaïque,FALSE,FALSE,FALSE
2015,Amérique,MEXIQUE,405,2614,1871,204,26,157,58,298,719,468,357,240,103,727,2935,2041,221,29,174,85,385,845,505,393,257,113,822,MEX,Mexique,FALSE,TRUE,FALSE
2014,Amérique,PANAMA,413,51,44,2,2,0,0,2,15,7,8,2,8,10,62,52,2,2,0,0,6,17,6,9,2,10,16,PAN,Panama,FALSE,FALSE,FALSE
2015,Amérique,PANAMA,413,62,46,5,0,0,2,9,21,6,5,5,7,18,69,50,5,0,0,2,12,23,6,6,6,8,20,PAN,Panama,FALSE,FALSE,FALSE
2014,Amérique,PARAGUAY,421,70,54,2,2,2,2,8,35,11,8,5,2,9,87,67,7,2,2,2,8,38,14,12,5,2,16,PRY,Paraguay,FALSE,FALSE,FALSE
2014,Amérique,REPUBLIQUE DOMINICAINE,408,149,106,25,0,8,2,7,41,25,36,9,0,38,177,128,27,0,8,2,11,46,25,41,9,2,53,DOM,République dominicaine,FALSE,FALSE,FALSE
2015,Amérique,SAINT-VINCENT-ET-LES-GRENADINES,440,6,6,0,0,0,0,0,0,0,2,0,0,5,6,6,0,0,0,0,0,0,0,2,0,0,5,VCT,Saint-Vincent-et-les-Grenadines,FALSE,FALSE,FALSE
2013,Asie,ARABIE SAOUDITE,201,518,437,22,2,7,2,46,162,68,32,38,35,183,588,474,43,2,7,2,57,205,72,38,41,36,196,SAU,Arabie Saoudite,FALSE,FALSE,FALSE
2014,Asie,ARABIE SAOUDITE,201,513,433,20,2,2,2,51,169,64,33,40,36,171,554,457,23,2,7,2,60,187,67,40,43,38,179,SAU,Arabie Saoudite,FALSE,FALSE,FALSE
2013,Asie,ARMENIE,252,681,628,6,0,0,11,36,113,407,31,36,12,82,1010,889,16,2,2,15,87,170,451,59,84,32,214,ARM,Arménie,TRUE,FALSE,FALSE
2015,Asie,AZERBAIDJAN,253,208,175,13,2,2,2,13,51,29,17,66,2,41,298,248,14,2,2,2,27,71,38,31,81,2,73,AZE,Azerbaïdjan,TRUE,FALSE,FALSE
2013,Asie,BHOUTAN,214,2,2,2,0,0,0,2,2,2,0,0,0,0,5,2,2,0,0,0,2,2,2,0,0,0,2,BTN,Bhoutan,FALSE,FALSE,FALSE
2014,Asie,BIRMANIE,224,20,13,2,2,0,2,2,8,2,2,0,0,8,26,15,2,2,0,2,7,11,2,5,0,0,9,MMR,Birmanie,FALSE,FALSE,FALSE
2013,Asie,CHINE,216,27498,17398,3818,596,2239,1170,2277,7705,4316,2570,2150,2416,8341,30154,18200,4503,618,2555,1508,2770,9307,4441,2679,2254,2521,8952,CHN,Chine,FALSE,FALSE,FALSE
2015,Asie,CHINE,216,25683,14965,4420,632,2360,1034,2272,7785,3886,2421,1870,1809,7912,27993,15898,4676,681,2632,1324,2782,9113,4026,2538,1965,1916,8435,CHN,Chine,FALSE,FALSE,FALSE
2014,Asie,COREE DU NORD,238,240,16,13,0,2,161,49,156,23,8,11,2,41,315,25,18,0,2,211,60,203,29,10,14,2,58,PRK,Corée du Nord,FALSE,FALSE,FALSE
2015,Asie,EMIRATS ARABES UNIS,247,180,162,10,2,2,0,2,131,7,9,2,2,27,191,170,11,2,2,0,5,134,7,11,2,2,33,ARE,Emirats arabes unis,FALSE,FALSE,FALSE
2015,Asie,INDONESIE,231,859,674,64,2,2,23,92,189,137,169,84,44,236,948,704,81,2,5,28,128,217,141,183,91,47,269,IDN,Indonésie,FALSE,FALSE,FALSE
2013,Asie,ISRAEL,207,204,152,14,0,0,8,30,138,19,12,14,2,18,264,191,19,0,2,11,42,171,23,13,22,7,28,ISR,Israël,FALSE,TRUE,FALSE
2014,Asie,ISRAEL,207,220,138,28,0,0,8,46,149,23,10,16,5,17,289,188,36,0,2,9,55,181,30,10,24,14,30,ISR,Israël,FALSE,TRUE,FALSE
2014,Asie,JAPON,217,1830,1126,70,2,52,278,302,857,278,94,105,55,441,2045,1214,86,2,57,361,323,986,297,102,113,65,482,JPN,Japon,FALSE,TRUE,FALSE
2015,Asie,JORDANIE,222,193,159,12,0,2,0,18,72,41,25,11,9,35,212,171,13,0,5,0,23,81,43,25,12,11,40,JOR,Jordanie,FALSE,FALSE,FALSE
2013,Asie,MALAISIE,227,969,766,9,40,110,8,36,47,86,419,51,42,324,1009,781,14,41,119,11,43,59,90,419,60,46,335,MYS,Malaisie,FALSE,FALSE,FALSE
2013,Asie,MONGOLIE,242,102,85,2,0,2,2,9,35,10,12,8,2,36,137,106,6,2,2,2,20,45,18,15,10,2,48,MNG,Mongolie,FALSE,FALSE,FALSE
2014,Asie,MONGOLIE,242,99,84,7,0,0,2,7,22,15,11,7,2,42,150,121,9,2,2,2,15,33,20,15,11,6,65,MNG,Mongolie,FALSE,FALSE,FALSE
2014,Asie,PALESTINE,261,221,184,2,2,5,2,28,102,27,24,13,11,44,235,195,2,2,5,2,31,107,27,25,14,12,50,PSE,Territoires palestiniens,FALSE,FALSE,FALSE
2014,Asie,PHILIPPINES,220,127,78,20,2,0,0,28,46,23,14,5,2,36,206,128,36,2,0,0,41,86,29,15,6,2,66,PHL,Philippines,FALSE,FALSE,FALSE
2014,Asie,SINGAPOUR,226,183,54,60,2,14,2,51,137,19,6,6,0,15,213,65,65,2,16,2,62,148,23,9,8,2,24,SGP,Singapour,FALSE,FALSE,FALSE
2013,Asie,TAIWAN,236,868,452,128,2,17,139,131,378,151,32,55,33,219,990,485,151,2,23,181,149,450,164,33,57,33,253,TWN,Taïwan,FALSE,FALSE,FALSE
2013,Asie,TIMOR ORIENTAL,262,0,0,0,0,0,0,0,0,0,0,0,0,0,2,0,2,0,0,0,0,0,0,0,0,2,0,TLS,Timor oriental,FALSE,FALSE,FALSE
2014,Europe,ANDORRE,130,244,226,6,2,2,2,7,15,5,208,0,2,15,321,270,9,2,16,2,22,24,9,257,2,2,28,AND,Andorre,TRUE,FALSE,FALSE
2013,Europe,CROATIE,119,195,158,6,0,2,5,23,80,18,15,15,5,62,235,179,11,0,2,7,34,101,24,15,19,7,69,HRV,Croatie,TRUE,FALSE,TRUE
2013,Europe,DANEMARK,101,180,122,17,0,2,9,30,96,23,14,13,7,27,252,169,24,2,5,12,41,132,31,18,14,9,48,DNK,Danemark,TRUE,TRUE,TRUE
2013,Europe,ESTONIE,106,107,77,6,0,2,7,16,40,20,12,11,2,20,126,89,7,0,2,7,21,49,23,16,11,5,22,EST,Estonie,TRUE,TRUE,TRUE
2013,Europe,GRECE,126,2292,1983,60,0,29,80,140,1074,221,313,206,75,403,2459,2095,69,0,33,100,162,1165,235,326,218,81,434,GRC,Grèce,TRUE,TRUE,TRUE
2013,Europe,LIECHTENSTEIN,113,2,2,0,0,0,0,0,2,0,0,2,0,0,2,2,0,0,2,0,0,2,0,0,2,0,0,LIE,Liechtenstein,TRUE,FALSE,FALSE
2014,Europe,LITUANIE,108,291,219,14,0,2,14,43,111,60,20,18,7,75,337,249,19,0,2,16,50,129,63,25,24,7,89,LTU,Lituanie,TRUE,TRUE,TRUE
2014,Europe,LUXEMBOURG,137,1415,1312,32,2,2,25,41,309,53,143,737,19,154,1711,1557,43,2,9,36,64,362,64,155,926,27,177,LUX,Luxembourg,TRUE,TRUE,TRUE
2014,Europe,MALTE,144,25,18,2,0,0,0,5,8,2,2,5,0,5,30,22,2,0,0,0,6,9,2,2,5,2,7,MLT,Malte,TRUE,FALSE,TRUE
2013,Europe,MOLDAVIE,151,843,741,10,0,48,17,27,207,118,68,151,32,267,1011,860,19,2,53,19,58,289,125,77,174,39,307,MDA,Moldavie,TRUE,FALSE,FALSE
2014,Europe,MOLDAVIE,151,801,697,10,2,43,10,40,203,115,64,145,36,238,957,806,20,2,46,14,68,285,120,73,163,40,276,MDA,Moldavie,TRUE,FALSE,FALSE
2014,Europe,MONACO,138,164,131,16,2,0,5,11,26,11,9,2,2,114,338,250,32,2,9,6,38,56,17,27,2,12,223,MCO,Monaco,FALSE,FALSE,FALSE
2013,Europe,MONTENEGRO,120,39,34,2,0,0,0,2,11,2,2,5,2,17,57,50,2,0,0,0,6,17,2,2,14,2,20,MNE,Monténégro,TRUE,FALSE,FALSE
2014,Europe,POLOGNE,122,1960,1542,88,2,50,68,208,804,225,167,161,90,513,2548,1960,110,7,83,90,298,1083,276,196,199,135,659,POL,Pologne,TRUE,TRUE,TRUE
2013,Europe,SLOVAQUIE,117,429,356,17,0,6,2,48,114,84,30,88,24,89,504,406,25,0,11,2,60,137,99,35,91,26,116,SVK,Slovaquie,TRUE,TRUE,TRUE
2014,Europe,SLOVENIE,145,84,66,5,0,2,2,10,33,14,2,9,2,21,95,74,5,0,2,2,12,37,14,2,13,5,23,SVN,Slovénie,TRUE,TRUE,TRUE
2013,Europe,SUEDE,104,474,314,45,9,22,13,71,208,97,31,36,16,86,589,378,60,9,25,19,98,258,108,40,40,23,120,SWE,Suède,TRUE,TRUE,TRUE
2013,Nationalite non connue,"AUTRE PAYS, ETRANGER SANS AUTRE INDICATION",999,3066,46,1431,0,20,857,712,2328,122,129,71,89,327,5031,101,2499,2,28,1113,1289,3562,213,233,128,146,749,NA,NA,NA,NA,NA
2013,Océanie,ILES SALOMON,512,2,2,0,0,0,0,0,0,2,0,0,0,0,2,2,0,0,0,0,0,0,2,0,0,0,0,SLB,Îles Salomon,FALSE,FALSE,FALSE
2014,Océanie,MICRONESIE,516,2,2,0,0,0,0,0,0,2,2,0,0,0,2,2,0,0,0,0,0,0,2,2,0,0,0,FSM,Micronésie,FALSE,FALSE,FALSE
2013,Océanie,NOUVELLE ZELANDE,502,76,67,2,0,0,2,7,17,27,8,2,2,20,85,74,2,0,0,2,8,20,27,9,2,2,25,NZL,Nouvelle-Zélande,FALSE,TRUE,FALSE
2014,Océanie,NOUVELLE ZELANDE,502,70,48,8,0,0,2,12,27,21,7,0,2,14,84,57,11,0,0,2,14,34,22,9,0,2,17,NZL,Nouvelle-Zélande,FALSE,TRUE,FALSE
2013,Océanie,TUVALU,511,0,0,0,0,0,0,0,0,0,0,0,0,0,2,0,0,0,0,0,2,0,0,0,2,0,0,TUV,Tuvalu,FALSE,FALSE,FALSE
2014,Océanie,TUVALU,511,0,0,0,0,0,0,0,0,0,0,0,0,0,0,0,0,0,0,0,0,0,0,0,0,0,0,TUV,Tuvalu,FALSE,FALSE,FALSE
2016,Asie,LAOS,241,76,57,2,0,0,2,14,15,28,11,2,0,21,111,82,5,0,2,2,20,26,36,15,2,0,31,LAO,Laos,FALSE,FALSE,FALSE
2016,Asie,MALDIVES,229,21,21,0,0,0,0,0,2,0,19,0,0,2,24,23,2,0,0,0,0,2,0,19,0,0,2,MDV,Maldives,FALSE,FALSE,FALSE
2017,Asie,MALDIVES,229,13,12,0,0,0,0,2,2,0,10,0,0,2,15,13,2,0,0,0,2,2,0,10,0,0,2,MDV,Maldives,FALSE,FALSE,FALSE
2016,Asie,NEPAL,215,102,58,24,0,2,2,17,26,19,11,11,5,30,128,71,26,0,2,2,26,41,21,13,11,6,36,NPL,Népal,FALSE,FALSE,FALSE
2016,Asie,OUZBEKISTAN,258,149,117,12,0,2,5,13,42,21,11,28,7,40,181,140,14,0,2,2,19,51,24,12,34,9,51,UZB,Ouzbékistan,FALSE,FALSE,FALSE
2015,Asie,PALESTINE,261,214,186,2,2,2,2,18,79,35,36,8,10,46,232,201,2,2,5,2,20,86,36,37,8,12,53,PSE,Territoires palestiniens,FALSE,FALSE,FALSE
2015,Asie,PHILIPPINES,220,145,89,23,2,2,2,30,60,16,17,2,7,42,231,145,26,2,2,2,57,107,18,23,2,9,70,PHL,Philippines,FALSE,FALSE,FALSE
2017,Asie,PHILIPPINES,220,210,118,43,0,0,8,41,93,31,27,10,8,41,321,193,50,0,2,11,66,160,34,33,10,9,75,PHL,Philippines,FALSE,FALSE,FALSE
2015,Asie,SYRIE,206,1527,1368,13,5,10,37,94,522,238,149,125,76,417,1689,1490,15,5,14,46,119,585,260,159,142,82,461,SYR,Syrie,FALSE,FALSE,FALSE
2016,Asie,SYRIE,206,1860,1670,17,8,11,49,105,526,331,157,211,64,571,2069,1827,22,10,18,60,132,587,354,168,235,69,656,SYR,Syrie,FALSE,FALSE,FALSE
2015,Asie,TADJIKISTAN,259,15,11,2,0,0,0,2,2,2,2,0,2,5,24,18,2,0,0,0,2,2,2,5,2,5,7,TJK,Tadjikistan,FALSE,FALSE,FALSE
2016,Asie,TIMOR ORIENTAL,262,2,0,2,0,0,0,0,0,0,0,0,0,2,2,0,2,0,0,0,0,0,0,0,0,0,2,TLS,Timor oriental,FALSE,FALSE,FALSE
2015,Asie,TURKMENISTAN,260,25,20,2,0,0,0,2,6,2,2,5,2,8,29,22,2,0,0,0,5,7,2,2,5,2,9,TKM,Turkménistan,FALSE,FALSE,FALSE
2015,Asie,TURQUIE,208,1955,1516,69,2,23,52,292,756,241,197,247,55,459,3354,2452,95,14,52,67,674,1253,370,260,453,144,874,TUR,Turquie,TRUE,TRUE,FALSE
2016,Asie,VIETNAM,243,4892,3789,187,27,319,88,482,1274,663,496,319,284,1856,5586,4195,226,38,345,116,666,1533,734,563,358,315,2083,VNM,Viêt Nam,FALSE,FALSE,FALSE
2016,Europe,ALBANIE,125,562,443,22,2,11,28,55,147,133,49,68,17,148,805,619,28,2,13,35,107,182,190,62,106,25,240,ALB,Albanie,TRUE,FALSE,FALSE
2017,Europe,ANDORRE,130,331,290,11,2,2,17,8,34,11,266,2,0,18,454,334,16,2,13,68,20,92,15,313,2,2,29,AND,Andorre,TRUE,FALSE,FALSE
2017,Europe,BELGIQUE,131,2684,1879,267,15,53,158,312,985,241,310,218,323,607,4739,3205,443,30,176,265,620,1482,493,630,371,553,1210,BEL,Belgique,TRUE,TRUE,TRUE
2015,Europe,DANEMARK,101,178,131,17,0,2,2,27,81,22,20,25,2,27,236,168,24,2,2,2,37,104,29,24,29,6,44,DNK,Danemark,TRUE,TRUE,TRUE
2017,Europe,ESPAGNE,134,5986,4104,458,65,545,148,666,1938,780,938,543,183,1604,7762,5227,605,73,651,216,990,2392,973,1338,665,261,2133,ESP,Espagne,TRUE,TRUE,TRUE
2015,Europe,ESTONIE,106,112,74,6,0,0,5,27,46,11,7,16,2,29,126,85,6,0,0,7,28,52,13,7,17,2,34,EST,Estonie,TRUE,TRUE,TRUE
2016,Europe,ESTONIE,106,110,76,5,0,0,2,28,44,16,8,10,2,28,129,91,6,0,0,2,31,47,18,10,11,5,38,EST,Estonie,TRUE,TRUE,TRUE
2017,Europe,FINLANDE,105,314,221,43,0,7,16,27,120,69,26,27,6,66,400,257,68,2,13,23,38,153,80,28,30,10,99,FIN,Finlande,TRUE,TRUE,TRUE
2016,Europe,KOSOVO,157,83,53,0,0,2,2,25,16,34,2,11,0,19,335,216,2,0,2,2,112,39,95,9,86,10,96,XKX,Kosovo,FALSE,FALSE,FALSE
2017,Europe,LETTONIE,107,124,91,13,0,0,14,6,41,18,15,11,2,37,170,120,15,0,2,22,12,55,27,18,11,2,55,LVA,Lettonie,TRUE,TRUE,TRUE
2017,Europe,LIECHTENSTEIN,113,2,2,2,0,0,2,0,2,0,0,0,0,0,2,2,2,0,0,2,0,2,0,0,0,0,0,LIE,Liechtenstein,TRUE,FALSE,FALSE
2017,Europe,LITUANIE,108,311,169,31,2,2,34,74,160,49,18,17,2,65,370,205,34,2,2,41,87,186,53,27,26,2,75,LTU,Lituanie,TRUE,TRUE,TRUE
2015,Europe,LUXEMBOURG,137,1444,1319,41,2,2,25,54,328,58,154,711,18,175,1728,1554,52,2,8,33,80,382,71,170,887,21,197,LUX,Luxembourg,TRUE,TRUE,TRUE
2015,Europe,MACEDOINE,156,150,128,2,2,0,2,14,59,26,21,19,2,22,177,149,5,2,0,2,18,68,29,21,27,2,29,MKD,Macédoine du Nord,TRUE,FALSE,FALSE
2016,Europe,MOLDAVIE,151,631,540,11,2,34,12,32,134,120,45,115,28,189,824,682,16,5,39,14,68,257,125,55,131,32,224,MDA,Moldavie,TRUE,FALSE,FALSE
2016,Europe,MONTENEGRO,120,47,35,5,0,0,0,7,19,2,2,5,0,18,62,47,6,0,0,0,9,20,5,2,14,0,20,MNE,Monténégro,TRUE,FALSE,FALSE
2017,Europe,MONTENEGRO,120,48,37,6,0,0,2,2,20,6,0,6,0,16,60,46,6,0,0,2,5,22,7,0,15,0,16,MNE,Monténégro,TRUE,FALSE,FALSE
2015,Europe,NORVEGE,103,370,198,55,0,52,5,60,124,38,110,13,12,73,430,237,60,0,55,10,68,149,45,117,14,14,91,NOR,Norvège,TRUE,TRUE,FALSE
2016,Europe,PORTUGAL,139,1460,865,146,2,34,70,341,585,148,134,145,38,410,5272,3538,296,26,123,110,1179,2389,504,402,347,177,1453,PRT,Portugal,TRUE,TRUE,TRUE
2016,Europe,RUSSIE,123,3813,2886,346,13,53,134,381,1412,610,207,374,160,1050,5208,3915,416,19,83,170,605,1824,744,354,522,212,1552,RUS,Russie,TRUE,FALSE,FALSE
2017,Europe,RUSSIE,123,3773,2751,401,8,55,169,389,1537,562,226,346,138,964,5294,3855,481,15,85,245,613,1986,731,374,552,186,1465,RUS,Russie,TRUE,FALSE,FALSE
2016,Europe,SLOVAQUIE,117,358,275,20,2,6,2,53,94,40,23,84,18,99,426,318,25,2,10,5,66,111,53,29,95,19,119,SVK,Slovaquie,TRUE,TRUE,TRUE
2016,Europe,SLOVENIE,145,100,62,14,0,2,2,19,37,11,10,5,2,35,111,69,15,0,2,5,21,39,13,10,8,2,39,SVN,Slovénie,TRUE,TRUE,TRUE
2017,Europe,SLOVENIE,145,103,63,10,0,2,6,22,45,15,6,7,2,26,118,72,11,0,2,8,25,51,16,7,10,2,30,SVN,Slovénie,TRUE,TRUE,TRUE
2017,Europe,SUISSE,140,1401,941,117,2,8,155,179,488,225,91,236,19,342,2093,1365,227,10,29,194,268,626,454,153,308,36,516,CHE,Suisse,TRUE,TRUE,FALSE
2015,Europe,UKRAINE,155,1346,1078,66,2,14,50,135,440,189,112,169,65,371,1720,1340,90,2,21,64,201,582,226,136,201,85,490,UKR,Ukraine,TRUE,FALSE,FALSE
2015,Maghreb,MAURITANIE,336,1058,941,17,11,38,2,49,323,97,110,64,69,395,1266,1081,27,13,51,2,92,406,112,117,76,110,445,MRT,Mauritanie,FALSE,FALSE,FALSE
2017,Maghreb,MAURITANIE,336,1035,869,42,20,42,5,57,327,117,104,72,53,362,1265,1006,57,21,58,8,115,419,134,111,82,91,428,MRT,Mauritanie,FALSE,FALSE,FALSE
2017,Maghreb,TUNISIE,351,10871,7864,614,256,784,141,1212,4260,1254,971,735,590,3061,12749,8842,760,272,953,214,1708,5140,1454,1090,807,665,3593,TUN,Tunisie,FALSE,FALSE,FALSE
2015,Nationalite non connue,"AUTRE PAYS, ETRANGER SANS AUTRE INDICATION",999,3390,28,884,2,34,1067,1376,2099,175,143,109,204,660,5282,55,1412,2,44,1402,2367,3000,305,247,192,294,1244,NA,NA,NA,NA,NA
2015,Nationalite non connue,SANS NATIONALITE,995,13,10,2,0,0,0,0,6,0,2,2,0,2,21,17,2,0,0,0,2,9,2,2,2,0,2,NA,NA,NA,NA,NA
2015,Océanie,FIDJI,508,8,6,0,0,0,0,2,2,0,2,2,0,2,16,10,0,0,0,0,6,2,0,7,2,0,5,FJI,Fidji,FALSE,FALSE,FALSE
2015,Océanie,MICRONESIE,516,2,2,0,0,0,0,0,0,2,2,0,0,0,5,5,0,0,0,0,0,0,2,2,0,0,0,FSM,Micronésie,FALSE,FALSE,FALSE
2017,Océanie,MICRONESIE,516,9,0,9,0,0,0,0,9,0,0,0,0,0,9,0,9,0,0,0,0,9,0,0,0,0,0,FSM,Micronésie,FALSE,FALSE,FALSE
2015,Océanie,NAURU,507,0,0,0,0,0,0,0,0,0,0,0,0,0,2,0,2,0,0,0,0,0,0,0,0,0,2,NRU,Nauru,FALSE,FALSE,FALSE
2016,Océanie,NAURU,507,2,0,2,0,0,0,0,0,0,0,0,0,2,2,0,2,0,0,0,0,0,0,0,0,0,2,NRU,Nauru,FALSE,FALSE,FALSE
2015,Océanie,NOUVELLE ZELANDE,502,77,58,2,0,0,2,14,30,26,9,2,0,11,88,63,5,0,0,2,18,34,27,11,2,0,15,NZL,Nouvelle-Zélande,FALSE,TRUE,FALSE
2017,Océanie,TONGA,509,0,0,0,0,0,0,0,0,0,0,0,0,0,2,2,0,0,0,0,0,0,0,0,0,0,2,TON,Tonga,FALSE,FALSE,FALSE
2017,Afrique subsaharienne,AFRIQUE DU SUD,303,186,90,52,2,2,18,23,78,24,28,24,2,30,239,116,57,2,5,23,36,99,26,39,24,2,47,ZAF,Afrique du Sud,FALSE,FALSE,FALSE
2018,Afrique subsaharienne,BENIN,327,3051,2391,194,27,189,34,216,741,449,256,266,221,1118,3415,2579,243,31,210,44,308,908,485,281,289,255,1197,BEN,Bénin,FALSE,FALSE,FALSE
2016,Afrique subsaharienne,BURUNDI,321,472,422,7,2,5,5,31,49,48,52,21,107,195,546,470,8,2,6,7,53,72,52,56,23,122,221,BDI,Burundi,FALSE,FALSE,FALSE
2017,Afrique subsaharienne,CONGO,324,2961,2322,180,33,51,33,342,788,353,219,305,331,965,4857,3555,275,41,88,53,845,1690,479,295,398,508,1487,COG,Congo,FALSE,FALSE,FALSE
2018,Afrique subsaharienne,EGYPTE,301,2215,1886,80,10,29,45,165,845,526,162,116,66,500,2562,2122,91,14,57,55,223,1063,546,178,138,82,555,EGY,Egypte,FALSE,FALSE,FALSE
2016,Afrique subsaharienne,GABON,328,3452,2787,232,61,132,25,215,473,403,396,334,399,1447,4222,3210,317,65,161,32,437,629,483,470,397,467,1776,GAB,Gabon,FALSE,FALSE,FALSE
2016,Afrique subsaharienne,GUINEE-BISSAO,392,36,31,2,0,0,0,2,15,2,5,2,2,8,71,53,5,2,0,0,12,36,6,6,2,2,16,GNB,Guinée-Bissau,FALSE,FALSE,FALSE
2016,Afrique subsaharienne,MALAWI,334,5,2,2,0,0,0,2,2,2,0,0,2,2,5,2,2,0,0,0,2,2,2,0,0,2,2,MWI,Malawi,FALSE,FALSE,FALSE
2016,Afrique subsaharienne,NIGER,337,866,723,38,21,19,10,55,125,105,121,80,78,357,968,781,47,23,22,11,84,146,118,131,90,91,392,NER,Niger,FALSE,FALSE,FALSE
2016,Afrique subsaharienne,NIGERIA,338,398,227,107,2,2,2,59,142,77,22,33,9,115,516,298,119,2,2,2,91,188,87,29,36,14,162,NGA,Nigéria,FALSE,FALSE,FALSE
2017,Afrique subsaharienne,NIGERIA,338,413,244,92,0,2,11,62,151,77,22,19,14,130,539,319,98,2,5,15,100,201,85,26,24,24,179,NGA,Nigéria,FALSE,FALSE,FALSE
2016,Afrique subsaharienne,REP. CENTRAFRICAINE,323,496,411,16,8,7,8,46,102,55,39,46,53,201,741,591,23,8,10,8,101,174,81,58,66,72,290,CAF,République centrafricaine,FALSE,FALSE,FALSE
2016,Afrique subsaharienne,RWANDA,340,377,322,10,2,2,2,37,67,75,35,18,51,131,634,506,18,2,13,5,88,128,105,49,36,103,213,RWA,Rwanda,FALSE,FALSE,FALSE
2016,Afrique subsaharienne,SENEGAL,341,8168,6524,403,279,477,39,446,2036,924,908,753,757,2790,9352,7116,507,289,566,47,827,2502,1022,999,809,870,3150,SEN,Sénégal,FALSE,FALSE,FALSE
2017,Afrique subsaharienne,SIERRA LEONE,342,16,12,2,0,0,0,2,2,2,2,2,2,5,32,24,2,0,0,0,5,8,2,2,2,5,10,SLE,Sierra Leone,FALSE,FALSE,FALSE
2016,Afrique subsaharienne,TANZANIE,309,44,24,10,0,0,0,10,14,8,2,2,2,13,47,26,10,0,0,0,11,15,8,2,2,2,15,TZA,Tanzanie,FALSE,FALSE,FALSE
2016,Afrique subsaharienne,TCHAD,344,753,635,30,5,19,5,59,113,112,83,108,72,265,895,722,35,7,23,9,99,149,127,93,114,76,336,TCD,Tchad,FALSE,FALSE,FALSE
2017,Afrique subsaharienne,TOGO,345,2226,1781,136,33,56,16,204,504,274,190,223,258,777,2719,2079,184,34,75,23,324,701,316,219,280,334,869,TGO,Togo,FALSE,FALSE,FALSE
2017,Afrique subsaharienne,ZIMBABWE,310,49,31,8,0,0,2,7,15,7,7,5,2,12,58,37,8,0,0,2,10,17,7,7,6,2,17,ZWE,Zimbabwe,FALSE,FALSE,FALSE
2017,Amérique,ANTIGUA-ET-BARBUDA,441,2,2,0,0,0,0,2,0,2,0,0,0,2,5,2,2,0,0,0,2,0,2,0,0,0,2,ATG,Antigua-et-Barbuda,FALSE,FALSE,FALSE
2016,Amérique,ARGENTINE,415,857,576,28,22,59,26,146,382,83,74,71,32,215,969,651,36,22,65,33,162,433,90,87,78,36,245,ARG,Argentine,FALSE,FALSE,FALSE
2016,Amérique,BAHAMAS,436,5,2,0,0,0,0,2,2,2,2,0,0,2,7,2,0,0,0,0,2,2,2,2,0,0,2,BHS,Bahamas,FALSE,FALSE,FALSE
2017,Amérique,BARBADE,434,8,2,2,0,0,2,2,2,2,0,0,0,2,9,2,2,0,0,2,2,2,2,0,0,0,2,BRB,Barbade,FALSE,FALSE,FALSE
2016,Amérique,BELIZE,429,0,0,0,0,0,0,0,0,0,0,0,0,0,2,2,0,0,0,0,0,0,2,0,0,0,0,BLZ,Belize,FALSE,FALSE,FALSE
2017,Amérique,BOLIVIE,418,316,218,24,2,25,13,33,107,80,38,14,14,63,392,264,31,2,31,18,45,143,88,44,19,16,82,BOL,Bolivie,FALSE,FALSE,FALSE
2017,Amérique,CANADA,401,1710,1070,200,8,21,77,334,765,340,115,141,32,317,2021,1241,245,10,42,99,384,889,390,135,156,45,406,CAN,Canada,FALSE,TRUE,FALSE
2016,Amérique,CHILI,417,797,513,68,6,66,26,118,290,97,79,52,38,241,904,585,73,7,73,34,132,320,113,93,56,46,276,CHL,Chili,FALSE,TRUE,FALSE
2017,Amérique,CHILI,417,799,492,70,5,73,40,119,319,104,83,40,41,212,918,573,74,6,78,47,140,365,115,89,43,46,260,CHL,Chili,FALSE,TRUE,FALSE
2016,Amérique,CUBA,407,109,90,2,0,0,5,13,40,14,8,6,2,39,148,120,2,0,2,6,19,53,20,13,8,2,50,CUB,Cuba,FALSE,FALSE,FALSE
2017,Amérique,DOMINIQUE,438,35,31,2,0,0,0,2,14,5,2,2,0,12,81,66,2,0,2,0,12,20,7,2,7,2,43,DMA,Dominique,FALSE,FALSE,FALSE
2017,Amérique,ETATS-UNIS,404,5334,2838,563,5,20,318,1590,2703,634,320,615,62,1000,6235,3201,703,6,62,350,1913,3081,708,374,731,88,1253,USA,Etats-Unis,FALSE,TRUE,FALSE
2017,Amérique,GRENADE,435,2,2,0,0,0,0,0,0,0,0,0,0,2,2,2,0,0,0,0,0,0,0,0,0,0,2,GRD,Grenade,FALSE,FALSE,FALSE
2017,Amérique,HONDURAS,411,115,92,8,0,2,2,10,23,30,22,5,0,35,136,105,9,0,2,2,16,29,30,27,10,2,37,HND,Honduras,FALSE,FALSE,FALSE
2016,Amérique,JAMAIQUE,426,50,46,2,0,0,0,2,10,2,5,2,2,27,58,53,2,0,0,0,2,11,2,6,2,2,32,JAM,Jamaïque,FALSE,FALSE,FALSE
2016,Amérique,SAINT-CHRISTOPHE-ET-NIEVES,442,2,2,0,0,0,0,2,2,0,0,0,0,0,2,2,0,0,0,0,2,2,0,0,0,0,0,KNA,Saint-Christophe-et-Niévès,FALSE,FALSE,FALSE
2016,Amérique,SURINAME,437,13,2,0,0,0,0,9,0,2,0,0,2,11,194,158,2,0,0,2,32,7,8,7,0,14,158,SUR,Suriname,FALSE,FALSE,FALSE
2016,Amérique,URUGUAY,423,70,55,2,0,2,2,8,25,10,9,5,2,20,81,63,2,2,2,2,10,29,11,10,5,2,25,URY,Uruguay,FALSE,FALSE,FALSE
2016,Amérique,VENEZUELA,424,778,605,37,2,20,34,81,277,134,105,46,31,185,905,680,40,2,35,41,107,323,151,113,51,34,233,VEN,Venezuela,FALSE,FALSE,FALSE
2017,Amérique,VENEZUELA,424,791,600,50,2,25,40,72,277,151,113,49,25,176,905,653,52,6,35,56,103,330,162,118,50,34,211,VEN,Venezuela,FALSE,FALSE,FALSE
2017,Asie,AFGHANISTAN,212,204,148,2,2,2,2,46,46,50,16,17,20,55,358,249,2,2,6,7,88,86,67,31,52,31,91,AFG,Afghanistan,FALSE,FALSE,FALSE
2017,Asie,ARABIE SAOUDITE,201,509,412,33,2,0,12,49,152,52,43,54,26,182,577,448,46,2,2,13,65,188,53,46,55,31,204,SAU,Arabie Saoudite,FALSE,FALSE,FALSE
2017,Asie,AZERBAIDJAN,253,485,440,10,2,2,15,17,47,24,33,316,10,55,579,516,13,2,2,17,29,71,35,45,334,12,82,AZE,Azerbaïdjan,TRUE,FALSE,FALSE
2017,Asie,BANGLADESH,246,200,143,17,0,2,5,34,87,18,18,23,6,48,336,232,21,2,2,6,73,190,22,23,28,12,61,BGD,Bangladesh,FALSE,FALSE,FALSE
2017,Asie,BHOUTAN,214,6,2,0,0,0,2,2,2,2,0,2,0,2,8,2,2,0,0,2,2,2,2,0,2,0,2,BTN,Bhoutan,FALSE,FALSE,FALSE
2017,Asie,CAMBODGE,234,589,453,14,13,13,2,93,121,298,35,14,23,98,750,571,17,14,14,9,125,188,319,40,24,26,153,KHM,Cambodge,FALSE,FALSE,FALSE
2017,Asie,CHINE,216,27766,14416,6134,636,2496,1741,2343,9163,3959,2432,2059,1581,8572,29984,15303,6478,688,2729,1929,2857,10498,4121,2516,2137,1663,9049,CHN,Chine,FALSE,FALSE,FALSE
2016,Asie,GEORGIE,255,383,298,18,0,0,8,59,176,32,32,43,8,92,625,476,28,2,2,12,105,226,63,40,76,25,195,GEO,Géorgie,TRUE,FALSE,FALSE
2016,Asie,IRAK,203,355,311,6,2,2,2,28,75,48,26,62,15,129,470,396,11,2,8,5,47,92,67,34,69,17,191,IRQ,Irak,FALSE,FALSE,FALSE
2017,Asie,ISRAEL,207,208,129,27,0,0,22,30,125,24,13,20,2,23,254,159,35,0,0,25,35,148,31,14,28,5,28,ISR,Israël,FALSE,TRUE,FALSE
2016,Asie,KAZAKHSTAN,256,501,397,31,5,2,9,58,130,64,62,107,24,114,565,441,34,5,2,12,72,148,72,72,118,26,129,KAZ,Kazakhstan,TRUE,FALSE,FALSE
2018,Afrique subsaharienne,MALAWI,334,5,2,2,0,0,0,2,2,0,0,0,0,2,7,5,2,0,0,0,2,2,0,2,0,0,2,MWI,Malawi,FALSE,FALSE,FALSE
2018,Afrique subsaharienne,REP. DEM. CONGO,312,1158,912,55,5,9,13,164,395,181,66,147,54,315,2176,1560,96,8,20,18,474,948,272,104,210,117,525,COD,Congo (Rép. dém.),FALSE,FALSE,FALSE
2018,Afrique subsaharienne,SWAZILAND,391,2,2,0,0,0,0,0,0,0,0,0,0,2,2,2,0,0,0,0,0,2,0,0,0,0,2,SWZ,Eswatini,FALSE,FALSE,FALSE
2018,Amérique,BARBADE,434,9,2,2,0,0,2,2,2,2,0,2,0,2,10,2,2,0,0,2,2,2,2,0,2,0,2,BRB,Barbade,FALSE,FALSE,FALSE
2018,Amérique,BELIZE,429,2,2,0,0,0,0,2,2,0,2,0,0,2,5,2,0,0,0,0,2,2,0,2,0,0,2,BLZ,Belize,FALSE,FALSE,FALSE
2018,Amérique,GUYANA,428,19,12,0,2,0,0,6,6,0,2,0,2,8,104,74,0,2,0,0,29,26,0,13,2,2,57,GUY,Guyana,FALSE,FALSE,FALSE
2018,Amérique,PANAMA,413,67,42,11,0,2,2,8,19,18,2,5,8,13,72,45,11,0,2,2,9,20,19,2,6,8,15,PAN,Panama,FALSE,FALSE,FALSE
2018,Amérique,PEROU,422,1055,661,74,52,108,48,112,386,145,118,78,70,258,1261,802,91,55,120,55,138,464,164,135,89,82,327,PER,Pérou,FALSE,FALSE,FALSE
2018,Amérique,TRINITE-ET-TOBAGO,433,25,19,2,0,0,0,2,7,5,2,2,0,8,30,23,2,0,0,0,2,7,5,2,2,0,13,TTO,Trinité et Tobago,FALSE,FALSE,FALSE
2018,Asie,ARMENIE,252,1237,1163,17,0,0,10,47,87,933,30,68,11,108,1895,1647,29,2,5,18,192,182,1014,99,219,56,325,ARM,Arménie,TRUE,FALSE,FALSE
2018,Asie,BAHREIN,249,29,22,2,0,0,2,2,8,9,0,2,2,9,31,22,2,0,0,2,2,9,10,0,2,2,9,BHR,Bahreïn,FALSE,FALSE,FALSE
2018,Asie,BHOUTAN,214,10,2,0,0,0,2,6,2,2,2,2,0,2,13,2,2,0,2,2,6,5,2,2,2,0,2,BTN,Bhoutan,FALSE,FALSE,FALSE
2018,Asie,COREE DU SUD,239,2790,1605,256,2,49,580,298,1374,466,175,197,61,517,3201,1816,272,2,65,711,335,1613,500,188,219,65,616,KOR,Corée du Sud,FALSE,TRUE,FALSE
2018,Asie,ISRAEL,207,202,124,38,0,0,22,18,119,23,15,27,5,13,243,152,44,0,0,24,23,139,24,17,35,7,21,ISR,Israël,FALSE,TRUE,FALSE
2018,Asie,LIBAN,205,5367,3763,408,114,310,158,614,1869,880,524,348,395,1351,5914,4021,502,119,370,195,707,2120,929,555,392,439,1479,LBN,Liban,FALSE,FALSE,FALSE
2018,Asie,MONGOLIE,242,107,73,7,0,2,7,19,35,13,6,11,5,37,222,154,8,2,2,10,43,64,29,8,21,12,88,MNG,Mongolie,FALSE,FALSE,FALSE
2018,Asie,OMAN,250,71,59,2,0,0,2,8,21,7,8,5,5,25,76,62,2,0,0,2,10,23,7,8,5,7,26,OMN,Oman,FALSE,FALSE,FALSE
2018,Asie,TURQUIE,208,2405,1811,119,6,36,79,354,928,337,209,316,75,540,4244,2961,164,13,76,122,908,1606,502,294,584,159,1099,TUR,Turquie,TRUE,TRUE,FALSE
2018,Europe,DANEMARK,101,220,115,44,2,2,17,40,132,31,17,14,6,20,299,155,59,2,5,27,51,167,41,25,18,8,40,DNK,Danemark,TRUE,TRUE,TRUE
2018,Europe,MACEDOINE,156,157,128,7,0,2,5,13,44,28,23,21,2,39,190,149,9,2,2,5,22,54,32,24,28,2,49,MKD,Macédoine du Nord,TRUE,FALSE,FALSE
2018,Europe,PORTUGAL,139,1544,849,189,6,28,67,405,661,163,139,184,45,352,6521,4253,428,42,129,159,1510,3107,671,508,418,201,1616,PRT,Portugal,TRUE,TRUE,TRUE
2018,Europe,REPUBLIQUE TCHEQUE,116,491,367,35,2,9,16,62,148,88,41,41,28,145,593,428,36,2,23,20,84,187,100,45,49,36,176,CZE,République tchèque,TRUE,TRUE,TRUE
2018,Europe,SUEDE,104,482,235,98,13,24,46,66,205,104,23,51,12,87,595,297,120,14,30,54,80,263,115,33,54,16,114,SWE,Suède,TRUE,TRUE,TRUE
2018,Nationalite non connue,SANS NATIONALITE,995,7,7,0,0,0,0,0,2,0,0,2,2,2,31,18,2,0,8,2,2,2,10,2,6,2,9,NA,NA,NA,NA,NA
2018,Océanie,ILES MARSHALL,515,2,0,0,0,2,0,2,0,0,0,2,0,2,6,0,0,0,2,2,2,0,0,0,2,0,5,MHL,Îles Marshall,FALSE,FALSE,FALSE
2018,Océanie,ILES SALOMON,512,2,2,0,0,0,0,2,0,0,0,0,2,2,2,2,0,0,0,0,2,0,0,0,0,2,2,SLB,Îles Salomon,FALSE,FALSE,FALSE
2018,Océanie,MICRONESIE,516,0,0,0,0,0,0,0,0,0,0,0,0,0,2,2,0,0,0,0,0,0,0,2,0,0,2,FSM,Micronésie,FALSE,FALSE,FALSE
2018,Océanie,NAURU,507,2,0,2,0,0,0,0,0,0,0,0,0,2,2,0,2,0,0,0,0,0,0,0,0,0,2,NRU,Nauru,FALSE,FALSE,FALSE
2018,Océanie,SAMOA OCCIDENTALES,506,2,0,2,0,0,0,0,0,0,0,2,0,0,2,2,2,0,0,0,2,2,0,2,2,0,0,WSM,Samoa,FALSE,FALSE,FALSE
2019,Afrique subsaharienne,CAP-VERT,396,55,26,2,0,2,2,24,24,6,5,2,2,15,277,147,5,2,2,2,120,180,15,7,5,15,55,CPV,Cap Vert,FALSE,FALSE,FALSE
2019,Afrique subsaharienne,COMORES,397,1399,1238,20,5,9,2,124,480,117,98,37,62,605,2900,2277,42,6,16,6,553,628,258,216,72,96,1630,COM,Comores,FALSE,FALSE,FALSE
2019,Afrique subsaharienne,EGYPTE,301,2222,1855,103,10,38,50,166,798,539,174,110,72,529,2581,2085,132,16,59,61,228,1008,573,189,144,84,583,EGY,Egypte,FALSE,FALSE,FALSE
2019,Afrique subsaharienne,GHANA,329,433,285,44,2,25,9,69,83,82,58,45,38,127,511,340,48,2,25,10,87,108,86,61,53,40,163,GHA,Ghana,FALSE,FALSE,FALSE
2019,Afrique subsaharienne,MALI,335,2519,2118,129,26,55,16,175,862,374,232,174,166,711,3137,2443,162,28,68,20,416,1295,405,251,191,201,794,MLI,Mali,FALSE,FALSE,FALSE
2019,Afrique subsaharienne,NAMIBIE,311,7,2,2,0,0,2,0,6,0,0,0,0,2,12,2,5,0,0,2,2,8,0,0,0,0,2,NAM,Namibie,FALSE,FALSE,FALSE
2019,Afrique subsaharienne,NIGERIA,338,616,349,114,0,8,12,133,189,128,56,32,26,185,783,459,125,2,11,14,173,237,138,64,41,46,257,NGA,Nigéria,FALSE,FALSE,FALSE
2019,Afrique subsaharienne,SOMALIE,318,16,13,2,0,0,0,2,2,0,2,2,0,6,64,51,2,0,0,2,10,10,2,10,8,2,34,SOM,Somalie,FALSE,FALSE,FALSE
2019,Afrique subsaharienne,TCHAD,344,1548,1356,54,8,24,12,94,221,225,140,170,128,664,1753,1491,63,10,29,14,146,277,245,152,192,137,750,TCD,Tchad,FALSE,FALSE,FALSE
2019,Amérique,BRESIL,416,4953,2877,285,136,974,158,523,1876,966,388,271,318,1134,5809,3468,345,139,1030,189,638,2188,1053,460,301,353,1454,BRA,Brésil,FALSE,FALSE,FALSE
2019,Amérique,CUBA,407,128,99,2,2,2,7,17,48,17,12,2,5,42,169,126,2,2,2,8,27,54,21,15,10,8,61,CUB,Cuba,FALSE,FALSE,FALSE
2019,Amérique,GUYANA,428,10,5,2,0,0,0,2,0,2,2,0,0,7,103,81,2,0,0,0,21,16,2,15,7,2,62,GUY,Guyana,FALSE,FALSE,FALSE
2019,Amérique,PEROU,422,1116,682,84,52,126,49,123,421,150,114,94,73,264,1325,828,99,54,139,62,143,496,171,136,105,85,332,PER,Pérou,FALSE,FALSE,FALSE
2019,Amérique,SAINT-CHRISTOPHE-ET-NIEVES,442,2,2,2,0,0,0,2,2,0,0,0,0,2,9,6,2,0,0,0,2,2,2,0,2,0,5,KNA,Saint-Christophe-et-Niévès,FALSE,FALSE,FALSE
2019,Amérique,TRINITE-ET-TOBAGO,433,31,20,6,0,2,2,2,6,9,2,0,2,11,35,24,6,0,2,2,2,6,9,2,0,2,15,TTO,Trinité et Tobago,FALSE,FALSE,FALSE
2019,Asie,CAMBODGE,234,731,621,21,2,19,2,63,140,393,44,25,32,97,872,717,27,2,21,10,93,206,408,53,35,36,134,KHM,Cambodge,FALSE,FALSE,FALSE
2019,Asie,LIBAN,205,5963,4066,473,110,382,176,756,2094,876,598,375,477,1543,6599,4337,621,120,429,233,859,2368,975,633,423,524,1676,LBN,Liban,FALSE,FALSE,FALSE
2019,Asie,MACAO,232,2,0,2,0,0,0,2,2,2,0,0,0,0,2,0,2,0,0,0,2,2,2,0,0,0,0,MAC,Macao (Chine),FALSE,FALSE,FALSE
2019,Asie,MALAISIE,227,768,437,49,78,132,11,61,89,80,259,64,26,250,799,449,56,81,135,14,64,95,84,264,68,26,262,MYS,Malaisie,FALSE,FALSE,FALSE
2019,Asie,NEPAL,215,201,94,38,2,2,6,60,84,30,15,8,2,60,234,111,40,2,5,7,70,105,32,16,8,7,66,NPL,Népal,FALSE,FALSE,FALSE
2019,Asie,OMAN,250,76,66,2,0,0,2,5,13,9,5,5,6,38,82,70,2,0,0,2,7,13,9,5,5,8,42,OMN,Oman,FALSE,FALSE,FALSE
2019,Asie,PALESTINE,261,232,206,2,2,2,5,15,82,28,39,15,13,55,277,245,2,2,2,6,17,87,35,40,21,20,74,PSE,Territoires palestiniens,FALSE,FALSE,FALSE
2019,Asie,YEMEN,251,207,176,2,8,2,5,12,29,43,18,25,11,81,221,188,2,8,2,5,14,33,45,18,26,12,87,YEM,Yémen,FALSE,FALSE,FALSE
2019,Europe,ESTONIE,106,89,54,5,0,2,5,24,39,7,10,6,2,24,108,65,7,0,2,6,29,46,12,11,7,2,29,EST,Estonie,TRUE,TRUE,TRUE
2019,Europe,MACEDOINE,156,140,115,7,0,2,2,11,47,24,18,17,2,33,173,140,9,2,2,2,16,53,28,20,25,2,44,MKD,Macédoine du Nord,TRUE,FALSE,FALSE
2019,Europe,NORVEGE,103,436,216,98,2,57,7,57,128,81,107,17,18,85,511,258,114,2,64,12,62,149,95,124,18,19,106,NOR,Norvège,TRUE,TRUE,FALSE
2019,Europe,REPUBLIQUE TCHEQUE,116,502,366,27,2,12,20,75,151,81,48,45,20,157,614,433,35,2,25,23,96,189,97,58,61,26,183,CZE,République tchèque,TRUE,TRUE,TRUE
2019,Europe,ROYAUME-UNI,132,2083,1444,226,2,38,97,277,754,360,245,138,52,534,4038,2825,423,14,101,168,507,1074,566,562,202,112,1522,GBR,Royaume-Uni,TRUE,TRUE,FALSE
2019,Maghreb,MAURITANIE,336,981,766,53,22,70,7,63,287,108,93,70,81,342,1195,888,76,24,83,8,116,393,123,99,81,107,392,MRT,Mauritanie,FALSE,FALSE,FALSE
2019,Maghreb,TUNISIE,351,10966,7620,772,273,818,192,1291,4585,1281,995,710,670,2725,13073,8718,999,297,942,244,1873,5580,1514,1114,809,751,3305,TUN,Tunisie,FALSE,FALSE,FALSE
2019,Nationalite non connue,SANS NATIONALITE,995,11,7,2,0,0,2,2,7,2,0,0,0,2,35,16,10,0,2,2,5,14,2,2,2,0,14,NA,NA,NA,NA,NA
2019,Océanie,REP. DES ILES PALAOS,517,0,0,0,0,0,0,0,0,0,0,0,0,0,2,0,2,0,0,0,0,2,0,0,0,0,0,PLW,Palaos,FALSE,FALSE,FALSE
2020,Afrique subsaharienne,BURUNDI,321,664,577,19,7,10,2,48,73,77,100,44,125,245,759,632,25,7,13,2,78,100,84,113,48,140,274,BDI,Burundi,FALSE,FALSE,FALSE
2020,Afrique subsaharienne,COMORES,397,1584,1394,17,10,11,2,149,514,138,113,34,64,721,3160,2464,43,13,18,5,617,691,288,217,82,101,1781,COM,Comores,FALSE,FALSE,FALSE
2020,Afrique subsaharienne,ERYTHREE,317,24,18,2,0,0,0,5,6,0,0,8,0,10,65,52,2,2,2,0,9,17,2,2,15,2,27,ERI,Erythrée,FALSE,FALSE,FALSE
2020,Afrique subsaharienne,GUINEE-BISSAO,392,28,20,2,0,2,0,2,16,2,2,2,2,2,80,49,10,0,2,0,18,46,5,2,2,6,16,GNB,Guinée-Bissau,FALSE,FALSE,FALSE
2020,Afrique subsaharienne,RWANDA,340,354,279,17,2,2,2,50,69,63,37,23,53,109,587,446,27,2,8,5,98,125,104,47,41,104,166,RWA,Rwanda,FALSE,FALSE,FALSE
2020,Afrique subsaharienne,TOGO,345,3232,2598,197,55,93,18,271,690,380,359,293,371,1139,3770,2918,277,56,117,25,377,904,430,397,345,424,1270,TGO,Togo,FALSE,FALSE,FALSE
2020,Amérique,BRESIL,416,4259,2430,273,73,855,163,465,1725,665,356,252,292,969,5101,3008,349,76,897,197,574,2021,749,438,295,323,1275,BRA,Brésil,FALSE,FALSE,FALSE
2020,Amérique,CHILI,417,766,502,51,2,54,44,111,341,107,84,40,37,157,883,574,68,6,57,53,125,378,123,93,45,40,204,CHL,Chili,FALSE,TRUE,FALSE
2020,Amérique,COSTA RICA,406,175,122,14,0,2,2,31,48,31,25,10,11,50,197,132,20,0,2,2,37,52,34,28,12,15,56,CRI,Costa Rica,FALSE,FALSE,FALSE
2020,Amérique,EQUATEUR,420,527,385,50,2,10,23,58,164,111,78,35,28,111,613,431,67,2,11,27,73,201,123,85,41,32,131,ECU,Equateur,FALSE,FALSE,FALSE
2020,Amérique,PANAMA,413,47,28,2,2,2,2,10,15,10,9,2,2,9,58,34,8,2,2,2,11,16,11,12,2,2,11,PAN,Panama,FALSE,FALSE,FALSE
2020,Amérique,URUGUAY,423,92,61,5,2,6,2,15,45,2,11,6,2,24,100,64,6,2,6,5,18,50,2,13,6,2,25,URY,Uruguay,FALSE,FALSE,FALSE
2020,Asie,BHOUTAN,214,6,2,2,0,2,0,2,2,2,2,0,2,2,6,2,2,0,2,0,2,2,2,2,0,2,2,BTN,Bhoutan,FALSE,FALSE,FALSE
2020,Asie,BIRMANIE,224,32,19,2,0,2,2,6,12,2,5,2,2,11,36,22,2,0,2,2,7,15,2,5,2,2,12,MMR,Birmanie,FALSE,FALSE,FALSE
2020,Asie,CHINE,216,24921,10829,8462,383,2053,1120,2074,8409,2532,1987,1668,1517,8808,27950,11916,9549,439,2230,1299,2517,10003,3143,2066,1749,1617,9372,CHN,Chine,FALSE,FALSE,FALSE
2020,Asie,COREE DU NORD,238,130,12,42,0,0,30,46,77,18,2,2,2,31,140,13,44,0,0,32,51,82,20,2,2,2,34,PRK,Corée du Nord,FALSE,FALSE,FALSE
2020,Asie,IRAN,204,2095,1644,57,2,17,84,290,693,317,141,386,75,483,2391,1835,82,5,24,95,350,816,348,157,427,92,551,IRN,Iran,FALSE,FALSE,FALSE
2020,Asie,JAPON,217,1017,528,105,0,32,203,149,593,98,59,66,29,172,1204,595,129,2,41,262,175,707,122,64,75,33,203,JPN,Japon,FALSE,TRUE,FALSE
2020,Asie,SINGAPOUR,226,203,43,78,0,13,10,59,155,8,12,2,2,23,229,54,87,0,14,10,64,170,13,13,2,2,28,SGP,Singapour,FALSE,FALSE,FALSE
2020,Asie,THAILANDE,219,345,205,58,0,8,28,46,118,49,37,18,13,110,465,277,67,0,10,30,81,161,64,46,27,22,145,THA,Thaïlande,FALSE,FALSE,FALSE
2020,Europe,DANEMARK,101,214,96,52,2,0,21,44,133,23,17,9,5,27,302,135,66,2,2,36,61,172,30,22,15,8,55,DNK,Danemark,TRUE,TRUE,TRUE
2020,Europe,ESTONIE,106,82,47,6,0,0,7,22,41,7,10,2,2,19,95,55,7,0,0,7,26,46,9,10,5,2,24,EST,Estonie,TRUE,TRUE,TRUE
2020,Europe,HONGRIE,112,412,252,45,2,13,21,79,186,49,36,26,21,94,539,329,58,2,18,27,104,249,65,42,34,26,123,HUN,Hongrie,FALSE,TRUE,TRUE
2020,Europe,LUXEMBOURG,137,1349,1170,64,2,9,25,78,301,55,154,644,26,169,1759,1500,100,2,15,37,103,355,71,169,926,37,201,LUX,Luxembourg,TRUE,TRUE,TRUE
2020,Europe,MOLDAVIE,151,335,276,10,0,12,16,21,67,63,22,63,18,102,572,432,22,2,15,27,73,237,77,27,73,26,132,MDA,Moldavie,TRUE,FALSE,FALSE
2020,Europe,NORVEGE,103,272,92,78,0,45,11,46,109,29,80,2,18,33,341,130,89,0,51,16,55,129,45,90,5,19,53,NOR,Norvège,TRUE,TRUE,FALSE
2020,Europe,PAYS-BAS,135,479,236,117,2,2,17,101,219,41,57,30,33,99,1228,743,196,10,39,36,204,377,150,167,69,83,382,NLD,Pays-Bas,TRUE,TRUE,TRUE
2020,Europe,RUSSIE,123,3318,2281,432,5,76,164,360,1356,533,238,335,128,728,5146,3597,575,11,116,214,633,1847,705,391,589,197,1417,RUS,Russie,TRUE,FALSE,FALSE
2020,Nationalite non connue,"AUTRE PAYS, ETRANGER SANS AUTRE INDICATION",999,2434,25,375,0,28,265,1741,758,263,249,156,197,811,4039,42,458,0,115,305,3119,1035,457,391,254,309,1593,NA,NA,NA,NA,NA
2020,Océanie,SAMOA OCCIDENTALES,506,0,0,0,0,0,0,0,0,0,0,0,0,0,2,0,0,0,0,0,2,0,0,2,0,0,0,WSM,Samoa,FALSE,FALSE,FALSE
2020,Océanie,TONGA,509,0,0,0,0,0,0,0,0,0,0,0,0,0,2,0,0,0,0,0,2,0,0,0,0,0,2,TON,Tonga,FALSE,FALSE,FALSE
2020,Océanie,TUVALU,511,2,2,0,0,0,0,0,2,0,0,0,0,0,2,2,0,0,0,0,2,2,0,0,0,0,2,TUV,Tuvalu,FALSE,FALSE,FALSE
2020,Océanie,VANUATU,514,2,2,0,0,2,0,0,0,0,0,0,0,2,14,10,2,0,2,0,0,2,0,2,2,2,6,VUT,Vanuatu,FALSE,FALSE,FALSE
2021,Afrique subsaharienne,BENIN,327,4532,3449,342,48,358,28,307,1115,599,478,315,367,1658,5071,3712,442,50,383,35,449,1398,642,503,355,390,1783,BEN,Bénin,FALSE,FALSE,FALSE
2021,Afrique subsaharienne,CAMEROUN,322,6824,3206,1616,186,949,47,820,2243,639,418,787,491,2246,9037,4399,2003,204,1027,65,1339,3290,840,544,939,659,2765,CMR,Cameroun,FALSE,FALSE,FALSE
2021,Afrique subsaharienne,CONGO,324,4473,3416,357,45,98,39,518,1203,485,335,395,487,1568,6864,4790,537,55,136,57,1289,2288,651,449,529,754,2193,COG,Congo,FALSE,FALSE,FALSE
2021,Afrique subsaharienne,EGYPTE,301,2451,1982,174,15,48,61,171,1067,469,174,110,83,548,2924,2284,228,19,71,75,247,1345,501,194,162,105,617,EGY,Egypte,FALSE,FALSE,FALSE
2021,Afrique subsaharienne,ETHIOPIE,315,265,205,11,5,2,2,37,39,60,56,15,17,78,322,240,13,8,6,2,52,48,68,65,19,18,104,ETH,Ethiopie,FALSE,FALSE,FALSE
2021,Afrique subsaharienne,KENYA,332,205,117,31,2,5,5,46,80,26,17,11,7,64,235,138,36,2,5,5,50,89,30,20,11,7,78,KEN,Kenya,FALSE,FALSE,FALSE
2021,Afrique subsaharienne,OUGANDA,339,57,37,5,0,2,2,13,22,7,2,2,17,7,63,42,5,0,2,2,14,22,8,2,2,17,11,UGA,Uganda,FALSE,FALSE,FALSE
2021,Afrique subsaharienne,REP. CENTRAFRICAINE,323,515,395,36,5,10,2,67,120,60,49,41,60,185,913,635,64,6,19,5,184,251,97,75,72,86,332,CAF,République centrafricaine,FALSE,FALSE,FALSE
2021,Afrique subsaharienne,RWANDA,340,348,272,23,2,5,2,42,68,64,29,30,55,102,563,427,37,5,9,2,81,120,98,37,47,100,161,RWA,Rwanda,FALSE,FALSE,FALSE
2021,Afrique subsaharienne,SOUDAN,343,263,229,8,0,0,7,19,77,32,14,7,40,93,366,307,11,0,2,8,38,96,47,19,11,54,139,SDN,Soudan,FALSE,FALSE,FALSE
2021,Afrique subsaharienne,TANZANIE,309,52,25,8,0,0,2,18,13,8,7,5,2,17,60,29,8,0,0,2,22,17,8,7,5,2,21,TZA,Tanzanie,FALSE,FALSE,FALSE
2021,Afrique subsaharienne,TCHAD,344,2541,2297,85,10,36,12,101,301,377,269,217,252,1125,2813,2468,112,10,41,14,168,370,415,282,248,276,1222,TCD,Tchad,FALSE,FALSE,FALSE
2021,Afrique subsaharienne,ZAMBIE,346,24,12,2,2,5,2,2,6,2,2,0,2,14,28,15,2,2,5,2,2,7,2,2,0,2,15,ZMB,Zambie,FALSE,FALSE,FALSE
2021,Amérique,COLOMBIE,419,3770,2585,405,63,222,153,342,1234,581,526,296,138,995,4233,2857,464,65,248,184,415,1427,630,580,313,153,1130,COL,Colombie,FALSE,TRUE,FALSE
2021,Amérique,EQUATEUR,420,564,408,63,2,15,22,55,183,107,96,35,30,113,650,456,79,2,15,28,69,220,117,106,43,30,134,ECU,Equateur,FALSE,FALSE,FALSE
2021,Asie,BANGLADESH,246,280,191,27,2,0,6,54,95,33,29,28,20,75,541,359,33,6,10,7,126,285,43,36,41,26,110,BGD,Bangladesh,FALSE,FALSE,FALSE
2021,Asie,GEORGIE,255,388,292,38,0,0,11,47,129,46,44,48,11,110,807,616,55,2,7,20,106,231,82,72,112,46,264,GEO,Géorgie,TRUE,FALSE,FALSE
2021,Asie,IRAK,203,299,226,8,2,6,6,51,50,65,23,23,35,103,588,430,16,2,12,11,115,114,102,38,66,60,208,IRQ,Irak,FALSE,FALSE,FALSE
2021,Asie,IRAN,204,2202,1743,94,2,20,83,258,704,356,164,412,80,486,2519,1943,117,7,27,97,328,836,387,185,448,97,566,IRN,Iran,FALSE,FALSE,FALSE
2021,Asie,ISRAEL,207,190,93,44,0,0,23,30,128,9,2,19,10,21,230,113,55,0,2,25,36,150,13,5,24,11,27,ISR,Israël,FALSE,TRUE,FALSE
2021,Asie,JORDANIE,222,168,115,24,0,2,5,21,65,22,21,8,10,42,187,128,29,0,2,5,22,73,28,22,9,11,44,JOR,Jordanie,FALSE,FALSE,FALSE
2021,Asie,KAZAKHSTAN,256,518,372,70,2,7,22,44,125,92,63,93,20,125,603,425,84,2,8,24,59,147,96,74,103,26,157,KAZ,Kazakhstan,TRUE,FALSE,FALSE
2021,Asie,LIBAN,205,9586,6310,1312,122,515,379,948,3638,1427,935,572,635,2379,10466,6702,1512,143,577,430,1102,4075,1532,983,642,679,2555,LBN,Liban,FALSE,FALSE,FALSE
2021,Asie,NEPAL,215,140,91,20,0,0,6,23,54,16,10,10,2,46,165,105,23,0,2,7,29,72,19,12,11,5,46,NPL,Népal,FALSE,FALSE,FALSE
2021,Asie,SYRIE,206,1563,1270,70,14,23,72,114,436,258,129,208,85,447,2411,1950,85,26,46,85,219,610,388,188,329,141,755,SYR,Syrie,FALSE,FALSE,FALSE
2021,Asie,TADJIKISTAN,259,15,11,0,0,0,0,2,2,5,0,2,0,6,24,16,0,0,2,0,7,2,8,0,2,2,9,TJK,Tadjikistan,FALSE,FALSE,FALSE
2021,Asie,TURQUIE,208,2937,2176,156,6,70,126,403,1073,405,301,378,114,666,4734,3371,233,16,106,169,839,1723,576,383,623,206,1223,TUR,Turquie,TRUE,TRUE,FALSE
2021,Europe,BELGIQUE,131,3075,2038,418,13,69,174,363,1229,320,297,223,334,672,5054,3316,611,32,162,271,662,1693,563,585,371,587,1255,BEL,Belgique,TRUE,TRUE,TRUE
2021,Europe,ESTONIE,106,101,60,12,0,0,5,24,41,16,11,7,2,23,118,67,13,0,0,8,30,48,20,11,7,2,28,EST,Estonie,TRUE,TRUE,TRUE
2021,Europe,MONTENEGRO,120,43,34,2,0,2,2,5,16,2,2,2,2,16,71,56,2,2,2,2,9,22,5,2,20,2,21,MNE,Monténégro,TRUE,FALSE,FALSE
2021,Océanie,ILES SALOMON,512,2,2,2,0,0,0,2,2,0,2,0,0,2,2,2,2,0,0,0,2,2,0,2,0,0,2,SLB,Îles Salomon,FALSE,FALSE,FALSE
2021,Océanie,KIRIBATI,513,0,0,0,0,0,0,0,0,0,0,0,0,0,2,0,2,0,0,0,0,0,0,0,0,0,2,KIR,Kiribati,FALSE,FALSE,FALSE
2021,Océanie,REP. DES ILES PALAOS,517,2,0,0,0,0,0,2,2,0,0,0,0,0,2,0,0,0,0,0,2,2,0,0,0,0,0,PLW,Palaos,FALSE,FALSE,FALSE
2021,Océanie,SAMOA OCCIDENTALES,506,0,0,0,0,0,0,0,0,0,0,0,0,0,2,2,0,0,0,0,0,0,0,2,0,0,0,WSM,Samoa,FALSE,FALSE,FALSE
2021,Océanie,VANUATU,514,7,2,0,0,2,0,2,2,2,2,2,0,2,16,11,0,0,2,0,2,2,2,5,2,2,2,VUT,Vanuatu,FALSE,FALSE,FALSE
2022,Afrique subsaharienne,AFRIQUE DU SUD,303,269,144,69,2,2,19,32,104,30,27,17,11,80,314,169,74,2,5,24,40,119,33,29,18,13,102,ZAF,Afrique du Sud,FALSE,FALSE,FALSE
2022,Afrique subsaharienne,BOTSWANA,347,15,7,2,0,2,2,2,8,2,2,2,0,2,16,8,2,0,2,2,2,8,2,2,2,0,2,BWA,Botswana,FALSE,FALSE,FALSE
2022,Afrique subsaharienne,BURKINA,331,2161,1548,179,66,143,16,209,503,397,227,139,181,714,2488,1714,248,68,160,22,276,649,439,253,156,200,791,BFA,Burkina Faso,FALSE,FALSE,FALSE
2022,Afrique subsaharienne,CONGO,324,5161,3721,426,44,111,49,810,1434,556,376,417,475,1903,7483,5033,663,56,142,69,1520,2549,737,469,537,720,2471,COG,Congo,FALSE,FALSE,FALSE
2022,Afrique subsaharienne,DJIBOUTI,399,634,533,29,2,9,2,56,101,74,89,32,92,246,760,606,48,6,14,5,81,129,90,97,44,106,294,DJI,Djibouti,FALSE,FALSE,FALSE
2022,Afrique subsaharienne,GUINEE-BISSAO,392,29,24,2,0,0,0,2,8,2,2,2,2,10,90,54,7,0,2,0,27,45,7,2,2,7,24,GNB,Guinée-Bissau,FALSE,FALSE,FALSE
2022,Afrique subsaharienne,MADAGASCAR,333,3837,2927,279,74,83,59,415,1245,447,434,172,146,1393,5061,3680,404,91,143,80,663,1681,577,540,272,191,1800,MDG,Madagascar,FALSE,FALSE,FALSE
2022,Afrique subsaharienne,MALAWI,334,17,15,2,0,0,0,2,2,2,0,0,0,14,18,15,2,0,0,0,2,2,2,0,0,0,15,MWI,Malawi,FALSE,FALSE,FALSE
2022,Afrique subsaharienne,NIGERIA,338,869,478,183,2,18,26,163,276,129,73,52,49,290,1142,660,207,2,21,29,222,343,149,83,83,80,404,NGA,Nigéria,FALSE,FALSE,FALSE
2022,Afrique subsaharienne,SAO TOME-ET-PRINCIPE,394,14,14,0,0,0,0,0,0,5,0,2,0,8,20,16,0,0,2,0,2,2,6,2,2,0,8,STP,Sao Tomé-et-Principe,FALSE,FALSE,FALSE
2022,Afrique subsaharienne,TANZANIE,309,58,26,11,0,0,2,20,13,8,15,2,2,15,63,28,11,0,0,2,22,15,8,15,2,2,18,TZA,Tanzanie,FALSE,FALSE,FALSE
2022,Afrique subsaharienne,TCHAD,344,2679,2348,110,10,40,13,158,368,369,317,236,243,1146,2949,2522,135,12,50,17,213,442,404,328,266,261,1248,TCD,Tchad,FALSE,FALSE,FALSE
2022,Amérique,ANTIGUA-ET-BARBUDA,441,9,5,2,0,0,0,0,2,2,0,2,2,0,11,6,5,0,0,0,0,2,2,0,2,2,2,ATG,Antigua-et-Barbuda,FALSE,FALSE,FALSE
2022,Amérique,BOLIVIE,418,370,253,39,2,20,20,36,121,60,55,13,27,94,453,305,45,2,27,23,51,158,67,61,21,32,114,BOL,Bolivie,FALSE,FALSE,FALSE
2022,Amérique,DOMINIQUE,438,43,38,2,2,0,0,2,10,7,6,2,2,15,124,102,2,2,2,0,18,20,13,13,7,5,66,DMA,Dominique,FALSE,FALSE,FALSE
2022,Amérique,HAITI,410,2742,2503,46,13,11,14,155,783,216,233,166,158,1186,4887,3914,96,21,27,30,799,1330,251,288,219,201,2598,HTI,Haïti,FALSE,FALSE,FALSE
2022,Amérique,MEXIQUE,405,2909,1767,562,9,125,119,327,983,370,325,260,158,813,3182,1904,629,11,140,137,361,1075,397,348,293,166,903,MEX,Mexique,FALSE,TRUE,FALSE
2022,Amérique,PANAMA,413,64,37,13,0,2,2,9,21,12,14,2,2,12,74,43,17,0,2,2,9,21,13,16,2,5,15,PAN,Panama,FALSE,FALSE,FALSE
2022,Amérique,REPUBLIQUE DOMINICAINE,408,122,44,32,0,2,2,40,21,7,24,5,2,63,179,66,36,2,2,8,65,31,13,34,6,2,92,DOM,République dominicaine,FALSE,FALSE,FALSE
2022,Amérique,VENEZUELA,424,650,486,47,5,14,50,48,201,81,122,46,36,164,775,548,62,5,38,55,67,246,99,138,50,38,204,VEN,Venezuela,FALSE,FALSE,FALSE
2022,Asie,AZERBAIDJAN,253,937,865,28,2,2,8,32,66,46,40,622,15,148,1063,966,35,2,2,10,48,87,58,48,645,23,202,AZE,Azerbaïdjan,TRUE,FALSE,FALSE
2022,Asie,IRAK,203,241,199,8,2,5,7,19,46,43,13,22,29,88,582,440,15,7,12,11,97,109,92,26,78,54,223,IRQ,Irak,FALSE,FALSE,FALSE
2022,Asie,LAOS,241,67,45,5,2,2,7,7,23,14,6,2,9,11,90,56,8,2,2,8,15,31,19,9,7,9,15,LAO,Laos,FALSE,FALSE,FALSE
2022,Asie,MACAO,232,0,0,0,0,0,0,0,0,0,0,0,0,0,0,0,0,0,0,0,0,0,0,0,0,0,0,MAC,Macao (Chine),FALSE,FALSE,FALSE
2022,Asie,QATAR,248,160,155,2,0,0,0,2,18,2,2,2,0,136,165,160,2,0,0,0,2,22,2,2,2,0,136,QAT,Qatar,FALSE,FALSE,FALSE
2022,Asie,SYRIE,206,1398,1150,50,13,18,67,100,401,247,105,184,81,380,2432,1955,70,29,48,81,249,593,402,179,346,160,752,SYR,Syrie,FALSE,FALSE,FALSE
2022,Asie,THAILANDE,219,422,212,115,0,8,25,62,167,65,45,29,14,102,551,266,139,0,9,31,106,217,82,51,35,21,145,THA,Thaïlande,FALSE,FALSE,FALSE
2022,Asie,TURKMENISTAN,260,21,16,2,0,2,2,0,12,2,2,2,0,2,27,19,2,0,2,2,2,12,2,2,2,0,7,TKM,Turkménistan,FALSE,FALSE,FALSE
2022,Europe,BOSNIE-HERZEGOVINE,118,78,60,5,0,0,2,12,30,8,9,2,11,16,215,146,9,0,2,2,57,45,55,11,54,15,35,BIH,Bosnie-Herzégovine,TRUE,FALSE,FALSE
2022,Europe,FINLANDE,105,371,195,107,0,10,14,45,118,84,43,24,11,91,451,235,128,2,12,19,56,153,97,50,27,14,110,FIN,Finlande,TRUE,TRUE,TRUE
2022,Europe,IRLANDE,136,851,543,168,2,11,32,94,243,140,113,121,19,215,1085,699,209,6,17,34,120,304,170,142,137,22,310,IRL,Irlande,TRUE,TRUE,TRUE
2022,Europe,MONACO,138,182,121,18,2,2,7,31,50,11,9,2,5,104,325,189,47,7,10,20,52,89,26,20,5,8,177,MCO,Monaco,FALSE,FALSE,FALSE
2022,Europe,MONTENEGRO,120,44,32,2,0,2,2,2,16,2,2,7,2,12,76,57,5,0,2,2,9,22,2,2,27,2,18,MNE,Monténégro,TRUE,FALSE,FALSE
2022,Europe,SERBIE,121,363,240,36,0,0,15,72,188,33,34,35,11,62,631,414,49,2,7,19,141,323,57,42,83,18,108,SRB,Serbie,TRUE,FALSE,FALSE
2022,Europe,VATICAN,129,5,0,0,0,0,0,5,2,2,0,0,0,0,5,0,0,0,0,0,5,2,2,0,0,0,0,VAT,Vatican,TRUE,TRUE,FALSE
2022,Nationalite non connue,SANS NATIONALITE,995,7,5,0,0,0,0,2,2,2,2,2,0,2,12,10,0,0,0,0,2,2,5,2,2,0,2,NA,NA,NA,NA,NA
2022,Océanie,AUSTRALIE,501,305,181,42,0,2,22,59,155,75,13,11,7,44,368,207,60,0,2,28,69,181,86,17,13,10,61,AUS,Australie,FALSE,TRUE,FALSE
2022,Océanie,ILES MARSHALL,515,27,0,0,0,20,0,7,0,0,0,0,25,2,30,0,2,0,20,0,9,0,0,0,0,25,5,MHL,Îles Marshall,FALSE,FALSE,FALSE
2022,Océanie,ILES SALOMON,512,2,2,0,0,0,0,0,0,0,0,0,0,2,2,2,0,0,0,0,0,0,0,0,0,0,2,SLB,Îles Salomon,FALSE,FALSE,FALSE
2022,Océanie,NAURU,507,0,0,0,0,0,0,0,0,0,0,0,0,0,0,0,0,0,0,0,0,0,0,0,0,0,0,NRU,Nauru,FALSE,FALSE,FALSE
2022,Océanie,PAPOUASIE-NOUVELLE-GUINEE,510,2,0,2,0,0,0,2,2,2,0,0,0,0,2,0,2,0,0,0,2,2,2,0,0,0,0,PNG,Papouasie-Nouvelle-Guinée,FALSE,FALSE,FALSE
2023,Afrique subsaharienne,BOTSWANA,347,12,6,2,0,0,2,2,7,2,2,0,0,2,13,7,2,0,0,2,2,7,2,2,0,0,2,BWA,Botswana,FALSE,FALSE,FALSE
2023,Afrique subsaharienne,COMORES,397,1658,1373,50,13,18,11,193,533,147,131,50,68,729,4079,2731,77,14,24,13,1220,705,370,286,114,114,2490,COM,Comores,FALSE,FALSE,FALSE
2023,Afrique subsaharienne,ERYTHREE,317,6,5,2,0,0,0,0,2,2,0,2,0,2,81,55,2,2,2,2,20,16,8,2,12,6,38,ERI,Erythrée,FALSE,FALSE,FALSE
2023,Afrique subsaharienne,GAMBIE,304,21,14,6,0,0,0,2,5,5,0,2,2,9,44,23,11,0,0,0,10,17,9,2,2,2,13,GMB,Gambie,FALSE,FALSE,FALSE
2023,Afrique subsaharienne,MADAGASCAR,333,4237,3109,361,82,86,85,514,1393,524,524,180,155,1461,5612,3923,528,97,149,113,802,1886,664,642,290,203,1927,MDG,Madagascar,FALSE,FALSE,FALSE
2023,Afrique subsaharienne,MALI,335,2248,1695,252,34,73,11,183,768,200,186,144,191,759,2939,1990,344,37,93,16,459,1260,229,210,173,232,835,MLI,Mali,FALSE,FALSE,FALSE
2023,Afrique subsaharienne,MOZAMBIQUE,393,122,73,20,2,2,2,24,25,26,20,8,0,43,130,79,21,2,2,2,24,28,27,21,10,0,44,MOZ,Mozambique,FALSE,FALSE,FALSE
2023,Afrique subsaharienne,SENEGAL,341,15227,10995,1191,330,868,59,1784,4188,1650,1431,1150,1487,5321,16955,11769,1541,350,953,75,2267,5039,1813,1529,1236,1591,5747,SEN,Sénégal,FALSE,FALSE,FALSE
2023,Afrique subsaharienne,SEYCHELLES,398,13,8,2,0,0,2,2,2,0,2,0,0,9,24,19,2,0,0,2,2,6,2,2,0,0,15,SYC,Seychelles,FALSE,FALSE,FALSE
2023,Afrique subsaharienne,SOUDAN,343,227,193,2,0,0,2,27,63,31,16,8,37,72,393,317,7,2,2,10,57,106,61,20,15,55,136,SDN,Soudan,FALSE,FALSE,FALSE
2023,Amérique,BOLIVIE,418,380,257,38,2,24,14,45,111,62,65,18,27,97,451,301,43,2,32,20,53,140,66,71,26,30,118,BOL,Bolivie,FALSE,FALSE,FALSE
2023,Amérique,CUBA,407,126,105,2,0,2,2,16,38,12,25,9,2,38,178,146,5,0,2,2,22,53,14,30,14,6,61,CUB,Cuba,FALSE,FALSE,FALSE
2023,Amérique,ETATS-UNIS,404,5879,2456,894,7,51,455,2016,3348,560,383,704,120,764,6943,2822,1093,11,72,516,2429,3838,678,416,843,152,1016,USA,Etats-Unis,FALSE,TRUE,FALSE
2023,Amérique,PANAMA,413,74,47,9,0,2,2,13,25,8,13,2,5,20,81,50,13,0,2,2,13,25,8,17,2,5,23,PAN,Panama,FALSE,FALSE,FALSE
2023,Amérique,SALVADOR,414,230,157,32,2,9,9,22,52,60,40,17,12,49,271,185,36,2,10,11,28,66,62,42,28,14,59,SLV,Salvador,FALSE,FALSE,FALSE
2023,Asie,AZERBAIDJAN,253,943,884,23,2,2,9,25,78,32,39,630,14,150,1084,988,31,2,2,11,49,99,50,52,661,20,202,AZE,Azerbaïdjan,TRUE,FALSE,FALSE
2023,Asie,BAHREIN,249,43,38,2,0,0,2,2,16,5,2,5,2,15,49,39,2,0,0,2,6,18,5,2,6,2,16,BHR,Bahreïn,FALSE,FALSE,FALSE
2023,Asie,ISRAEL,207,184,87,27,0,2,36,32,120,14,8,17,5,20,230,116,33,0,2,42,37,140,17,8,26,11,28,ISR,Israël,FALSE,TRUE,FALSE
2023,Asie,KAZAKHSTAN,256,549,367,75,2,9,27,69,172,80,53,97,27,120,667,437,93,2,11,33,91,203,90,59,116,35,164,KAZ,Kazakhstan,TRUE,FALSE,FALSE
2023,Asie,MACAO,232,2,0,0,0,0,0,2,2,0,0,0,0,0,2,0,0,0,0,0,2,2,0,0,0,0,0,MAC,Macao (Chine),FALSE,FALSE,FALSE
2023,Asie,PAKISTAN,213,652,426,92,0,2,12,119,180,110,36,50,61,215,1079,687,118,2,11,14,248,483,122,51,79,86,258,PAK,Pakistan,FALSE,FALSE,FALSE
2023,Asie,PALESTINE,261,199,160,9,2,5,2,22,68,27,22,16,21,45,267,215,13,2,6,2,29,78,32,24,32,32,69,PSE,Territoires palestiniens,FALSE,FALSE,FALSE
2023,Asie,THAILANDE,219,413,201,126,2,2,24,57,173,54,43,35,15,93,556,268,144,2,5,32,106,225,73,48,43,22,145,THA,Thaïlande,FALSE,FALSE,FALSE
2023,Asie,TIMOR ORIENTAL,262,2,0,2,0,0,0,0,0,0,0,0,0,2,2,0,2,0,2,0,0,0,0,0,0,2,2,TLS,Timor oriental,FALSE,FALSE,FALSE
2023,Europe,BIELORUSSIE,148,218,150,27,5,2,11,22,67,28,15,40,10,58,311,204,33,7,6,15,46,92,33,25,51,16,94,BLR,Biélorussie,TRUE,FALSE,FALSE
2023,Europe,DANEMARK,101,276,134,76,0,2,22,40,148,47,24,18,2,37,349,169,92,2,5,31,51,177,53,33,23,9,54,DNK,Danemark,TRUE,TRUE,TRUE
2023,Europe,HONGRIE,112,585,324,93,0,11,31,126,290,49,43,43,33,127,721,399,117,2,14,38,152,336,71,51,53,35,175,HUN,Hongrie,FALSE,TRUE,TRUE
2023,Europe,KOSOVO,157,67,43,8,0,0,2,13,18,13,2,11,2,20,692,437,26,5,2,8,212,57,181,15,250,32,157,XKX,Kosovo,FALSE,FALSE,FALSE
2023,Europe,LIECHTENSTEIN,113,2,2,2,0,0,0,0,2,0,0,0,0,0,2,2,2,0,0,0,0,2,0,0,0,0,0,LIE,Liechtenstein,TRUE,FALSE,FALSE
2023,Europe,MACEDOINE,156,90,68,9,0,0,2,10,20,13,11,15,2,30,137,94,19,0,0,5,19,27,22,11,30,2,43,MKD,Macédoine du Nord,TRUE,FALSE,FALSE
2023,Europe,NORVEGE,103,558,266,138,2,49,16,86,166,115,117,32,18,110,623,303,152,2,50,18,97,193,120,131,32,20,127,NOR,Norvège,TRUE,TRUE,FALSE
2023,Europe,POLOGNE,122,1474,922,211,2,21,84,233,653,205,144,112,60,300,2426,1535,288,15,58,109,421,1116,302,223,174,97,514,POL,Pologne,TRUE,TRUE,TRUE
2023,Europe,SAINT-MARIN,128,7,5,0,0,0,0,2,2,2,0,2,0,2,9,5,0,0,0,2,2,2,2,0,2,0,2,SMR,Saint-Marin,FALSE,FALSE,FALSE
2023,Europe,VATICAN,129,12,0,2,0,0,0,11,2,11,0,0,0,0,12,0,2,0,0,0,11,2,11,0,0,0,0,VAT,Vatican,TRUE,TRUE,FALSE
2023,Maghreb,ALGERIE,352,27489,23563,1588,164,377,336,1461,11748,2408,2140,1646,2159,7388,34269,28064,2230,213,517,417,2828,14905,3142,2675,2024,2714,8809,DZA,Algérie,FALSE,FALSE,FALSE
2023,Nationalite non connue,SANS NATIONALITE,995,6,6,0,0,0,0,0,2,0,0,2,0,2,11,11,0,0,0,0,0,2,2,0,2,2,2,NA,NA,NA,NA,NA
2023,Océanie,AUSTRALIE,501,388,219,56,0,2,22,88,166,110,19,16,9,68,441,243,71,0,6,24,97,184,117,27,19,11,83,AUS,Australie,FALSE,TRUE,FALSE
2023,Océanie,ILES MARSHALL,515,30,2,2,0,23,0,5,0,0,0,0,26,2,31,2,2,0,23,0,5,0,0,0,0,26,5,MHL,Îles Marshall,FALSE,FALSE,FALSE
2023,Océanie,ILES SALOMON,512,0,0,0,0,0,0,0,0,0,0,0,0,0,0,0,0,0,0,0,0,0,0,0,0,0,0,SLB,Îles Salomon,FALSE,FALSE,FALSE
2024,Afrique subsaharienne,ANGOLA,395,413,294,37,10,15,6,51,87,58,35,58,44,131,938,600,70,15,20,12,221,241,157,61,102,102,275,AGO,Angola,FALSE,FALSE,FALSE
2024,Afrique subsaharienne,BOTSWANA,347,9,6,2,0,0,0,0,2,2,2,2,0,2,10,7,2,0,0,0,0,2,2,2,2,0,2,BWA,Botswana,FALSE,FALSE,FALSE
2024,Afrique subsaharienne,DJIBOUTI,399,711,557,63,2,20,2,65,137,76,80,36,107,275,847,639,83,5,25,6,89,174,94,89,47,121,322,DJI,Djibouti,FALSE,FALSE,FALSE
2024,Afrique subsaharienne,EGYPTE,301,2619,2082,189,22,51,71,204,1195,523,172,86,101,542,3256,2503,238,32,94,83,306,1580,570,191,161,129,625,EGY,Egypte,FALSE,FALSE,FALSE
2024,Afrique subsaharienne,GHANA,329,473,329,57,0,16,6,65,87,89,47,34,38,178,547,371,65,0,17,6,88,114,100,51,40,43,199,GHA,Ghana,FALSE,FALSE,FALSE
2024,Afrique subsaharienne,GUINEE,330,3310,2670,237,30,64,20,289,785,452,299,264,330,1180,4408,3322,306,38,88,27,627,1181,551,359,330,473,1514,GIN,Guinée,FALSE,FALSE,FALSE
2024,Afrique subsaharienne,GUINEE-BISSAO,392,34,19,7,0,2,2,5,16,2,2,2,2,8,106,49,11,0,2,2,41,61,5,6,2,2,27,GNB,Guinée-Bissau,FALSE,FALSE,FALSE
2024,Afrique subsaharienne,LESOTHO,348,8,5,0,0,0,2,2,2,2,2,0,2,2,11,7,0,0,0,2,2,2,2,2,0,2,6,LSO,Lesotho,FALSE,FALSE,FALSE
2024,Afrique subsaharienne,LIBERIA,302,12,5,2,2,0,0,2,8,0,0,2,0,2,20,10,2,2,0,2,6,10,2,0,2,2,7,LBR,Liberia,FALSE,FALSE,FALSE
2024,Afrique subsaharienne,NAMIBIE,311,11,2,2,0,0,2,2,7,2,0,2,0,0,11,2,2,0,0,2,2,7,2,0,2,0,0,NAM,Namibie,FALSE,FALSE,FALSE
2024,Afrique subsaharienne,OUGANDA,339,69,41,10,0,2,2,15,18,12,8,2,7,20,87,53,10,0,2,2,20,18,17,11,9,8,24,UGA,Uganda,FALSE,FALSE,FALSE
2024,Afrique subsaharienne,SWAZILAND,391,2,2,2,0,0,0,0,2,0,2,0,0,2,2,2,2,0,0,0,0,2,0,2,0,0,2,SWZ,Eswatini,FALSE,FALSE,FALSE
2024,Afrique subsaharienne,TANZANIE,309,40,19,13,0,0,2,7,11,2,10,2,2,12,47,21,14,0,0,2,11,14,2,10,2,2,16,TZA,Tanzanie,FALSE,FALSE,FALSE
2024,Afrique subsaharienne,TOGO,345,5259,3941,517,66,151,25,559,1100,546,529,465,525,2094,5862,4307,615,69,176,29,666,1311,610,581,532,571,2257,TGO,Togo,FALSE,FALSE,FALSE
2024,Afrique subsaharienne,ZAMBIE,346,21,10,2,2,2,0,2,8,0,2,0,0,11,26,13,5,2,2,0,2,10,0,2,2,0,13,ZMB,Zambie,FALSE,FALSE,FALSE
2024,Amérique,BAHAMAS,436,14,6,5,0,0,2,2,5,2,2,2,0,2,15,6,6,0,0,2,2,5,2,2,2,0,2,BHS,Bahamas,FALSE,FALSE,FALSE
2024,Amérique,GRENADE,435,22,2,2,0,0,0,16,19,0,0,0,0,2,24,5,2,0,0,0,17,20,0,0,0,0,2,GRD,Grenade,FALSE,FALSE,FALSE
2024,Amérique,GUYANA,428,9,5,0,0,0,0,2,2,2,0,2,0,2,69,46,2,2,0,2,20,11,2,7,6,2,40,GUY,Guyana,FALSE,FALSE,FALSE
2024,Amérique,REPUBLIQUE DOMINICAINE,408,115,44,36,0,2,2,31,28,6,22,5,9,45,174,64,44,0,2,5,59,40,10,33,6,12,73,DOM,République dominicaine,FALSE,FALSE,FALSE
2024,Amérique,SAINT-VINCENT-ET-LES-GRENADINES,440,2,2,0,0,0,0,0,2,2,0,0,2,0,2,2,0,0,0,0,0,2,2,0,0,2,0,VCT,Saint-Vincent-et-les-Grenadines,FALSE,FALSE,FALSE
2024,Amérique,TRINITE-ET-TOBAGO,433,24,17,2,2,2,2,0,7,2,2,2,0,9,27,17,5,2,2,2,2,8,5,2,2,0,9,TTO,Trinité et Tobago,FALSE,FALSE,FALSE
2024,Asie,AFGHANISTAN,212,712,641,14,0,2,12,42,148,130,41,69,87,237,1131,925,34,2,7,18,144,241,172,64,145,138,371,AFG,Afghanistan,FALSE,FALSE,FALSE
2024,Asie,ARMENIE,252,1951,1830,41,2,0,22,57,142,1406,246,38,22,97,3105,2640,95,7,13,33,317,319,1585,381,267,88,465,ARM,Arménie,TRUE,FALSE,FALSE
2024,Asie,BANGLADESH,246,373,244,24,2,2,9,93,147,50,37,23,27,89,757,475,38,7,21,11,205,426,61,56,37,39,138,BGD,Bangladesh,FALSE,FALSE,FALSE
2024,Asie,JAPON,217,1448,851,167,2,41,209,178,634,204,111,114,56,329,1757,957,258,2,56,265,218,834,249,117,117,64,376,JPN,Japon,FALSE,TRUE,FALSE
2024,Asie,MACAO,232,2,0,0,0,0,2,0,2,0,0,0,0,0,2,0,0,0,0,2,0,2,0,0,0,0,0,MAC,Macao (Chine),FALSE,FALSE,FALSE
2024,Asie,PHILIPPINES,220,345,210,72,0,2,12,47,106,40,88,17,24,70,605,341,92,2,12,30,126,282,53,101,19,27,123,PHL,Philippines,FALSE,FALSE,FALSE
2024,Asie,TADJIKISTAN,259,28,19,6,0,0,0,2,5,6,2,2,5,9,47,33,7,0,2,2,2,11,8,2,2,7,16,TJK,Tadjikistan,FALSE,FALSE,FALSE
2024,Asie,THAILANDE,219,373,192,79,2,7,20,74,160,39,56,26,13,79,517,260,101,2,7,28,120,212,57,67,33,21,127,THA,Thaïlande,FALSE,FALSE,FALSE
2024,Europe,ALBANIE,125,515,359,39,2,18,24,74,129,95,53,56,56,126,1420,936,88,2,36,37,319,214,316,138,238,104,410,ALB,Albanie,TRUE,FALSE,FALSE
2024,Europe,ALLEMAGNE,109,6952,4442,1236,30,109,229,906,2833,863,459,852,281,1664,8267,5177,1505,39,156,285,1105,3351,990,559,1101,323,1943,DEU,Allemagne,TRUE,TRUE,TRUE
2024,Europe,GRECE,126,3323,2872,122,7,17,78,227,1330,195,266,772,77,683,3603,3051,163,7,32,86,264,1458,233,290,797,93,732,GRC,Grèce,TRUE,TRUE,TRUE
2024,Europe,IRLANDE,136,931,590,182,2,2,28,127,235,159,132,128,29,248,1185,743,245,2,13,35,148,320,196,155,139,34,341,IRL,Irlande,TRUE,TRUE,TRUE
2024,Europe,LIECHTENSTEIN,113,2,0,2,0,0,0,2,2,0,0,0,0,0,5,2,2,0,0,0,2,5,0,0,0,0,0,LIE,Liechtenstein,TRUE,FALSE,FALSE
2024,Europe,NORVEGE,103,590,275,141,0,47,26,101,191,121,124,29,19,106,675,310,173,0,48,30,114,231,128,137,30,23,126,NOR,Norvège,TRUE,TRUE,FALSE
2024,Europe,PAYS-BAS,135,815,372,188,2,2,36,215,375,91,80,36,102,131,1555,843,271,8,38,62,333,560,192,183,79,170,371,NLD,Pays-Bas,TRUE,TRUE,TRUE
2024,Europe,POLOGNE,122,1512,926,235,2,19,103,226,690,208,144,106,64,300,2541,1607,329,9,46,124,426,1182,302,222,182,110,543,POL,Pologne,TRUE,TRUE,TRUE
2024,Europe,REPUBLIQUE TCHEQUE,116,514,349,48,2,11,15,90,194,84,38,43,12,143,635,419,62,2,17,20,116,238,102,47,56,19,173,CZE,République tchèque,TRUE,TRUE,TRUE
2024,Europe,RUSSIE,123,3391,2116,578,7,44,253,393,1513,451,287,272,133,735,5530,3568,747,19,95,318,783,2104,669,472,595,212,1478,RUS,Russie,TRUE,FALSE,FALSE
2024,Maghreb,LIBYE,316,106,75,19,2,0,2,9,42,5,14,9,11,25,227,164,27,2,2,2,28,74,23,18,20,17,75,LBY,Libye,FALSE,FALSE,FALSE
2024,Maghreb,MAROC,350,35668,18488,6899,1993,4215,508,3565,10174,4802,3341,3224,3454,10673,42017,21272,8479,2089,4670,585,4922,12504,5427,4342,3617,4004,12123,MAR,Maroc,FALSE,FALSE,FALSE
2024,Nationalite non connue,SANS NATIONALITE,995,2,2,0,0,0,0,0,0,2,0,2,0,2,9,9,0,0,0,0,0,0,6,0,2,2,2,NA,NA,NA,NA,NA
2024,Océanie,FIDJI,508,5,2,2,0,0,0,2,2,2,2,0,0,2,13,5,2,0,0,0,2,2,2,2,2,0,2,FJI,Fidji,FALSE,FALSE,FALSE
2024,Océanie,ILES MARSHALL,515,30,0,2,0,23,0,6,0,0,0,0,27,2,31,0,2,0,23,0,6,0,0,0,0,27,2,MHL,Îles Marshall,FALSE,FALSE,FALSE
2015,Afrique subsaharienne,AFRIQUE DU SUD,303,127,71,22,2,2,6,25,59,17,6,9,2,34,180,105,26,2,2,6,39,78,20,16,11,2,51,ZAF,Afrique du Sud,FALSE,FALSE,FALSE
2014,Afrique subsaharienne,CAMEROUN,322,4838,3279,348,239,495,22,455,1317,472,298,580,422,1749,6957,4620,531,249,595,30,932,2237,642,390,737,605,2346,CMR,Cameroun,FALSE,FALSE,FALSE
2013,Afrique subsaharienne,CAP-VERT,396,89,74,2,0,0,2,10,25,11,7,6,12,28,189,142,2,0,2,2,39,87,16,9,10,14,53,CPV,Cap Vert,FALSE,FALSE,FALSE
2013,Afrique subsaharienne,DJIBOUTI,399,985,941,2,9,10,2,22,89,98,96,55,193,454,1119,1034,2,11,15,2,54,106,104,116,62,223,508,DJI,Djibouti,FALSE,FALSE,FALSE
2014,Afrique subsaharienne,DJIBOUTI,399,1006,961,2,2,10,2,24,71,128,102,73,179,453,1164,1085,5,5,17,2,49,90,138,122,81,208,525,DJI,Djibouti,FALSE,FALSE,FALSE
2015,Afrique subsaharienne,DJIBOUTI,399,1013,957,14,2,15,2,21,97,106,118,77,157,458,1176,1080,19,5,22,2,48,123,120,136,87,178,532,DJI,Djibouti,FALSE,FALSE,FALSE
2014,Afrique subsaharienne,EGYPTE,301,1979,1829,43,2,16,16,72,660,403,116,61,50,689,2162,1950,57,2,23,19,110,790,412,123,67,57,713,EGY,Egypte,FALSE,FALSE,FALSE
2014,Afrique subsaharienne,ERYTHREE,317,8,6,0,0,0,0,2,2,2,0,0,2,2,13,9,0,0,0,2,2,2,2,0,0,2,6,ERI,Erythrée,FALSE,FALSE,FALSE
2013,Afrique subsaharienne,GABON,328,3454,2925,134,72,146,10,167,540,344,474,285,348,1463,4199,3377,220,77,169,13,343,752,426,546,318,424,1733,GAB,Gabon,FALSE,FALSE,FALSE
2013,Afrique subsaharienne,GUINEE,330,3159,2991,26,26,24,11,81,690,336,347,314,233,1239,3539,3245,37,26,32,15,184,838,360,378,345,261,1357,GIN,Guinée,FALSE,FALSE,FALSE
2013,Afrique subsaharienne,GUINEE EQUATORIALE,314,51,47,0,2,0,0,2,16,8,7,2,6,12,69,58,2,2,2,0,6,22,9,10,2,9,15,GNQ,Guinée-Équatoriale,FALSE,FALSE,FALSE
2014,Afrique subsaharienne,KENYA,332,116,78,10,0,2,0,27,57,12,8,7,2,28,137,93,13,0,2,0,29,61,14,12,8,2,38,KEN,Kenya,FALSE,FALSE,FALSE
2014,Afrique subsaharienne,LIBERIA,302,10,9,2,0,0,0,0,7,2,0,2,0,0,14,11,2,0,2,0,2,10,2,0,2,0,0,LBR,Liberia,FALSE,FALSE,FALSE
2014,Afrique subsaharienne,MADAGASCAR,333,3057,2654,72,42,36,20,233,1100,328,347,167,136,979,4088,3302,115,53,90,29,499,1459,406,443,223,193,1364,MDG,Madagascar,FALSE,FALSE,FALSE
2014,Afrique subsaharienne,MALAWI,334,2,2,2,0,0,0,2,0,0,2,0,2,2,5,2,2,0,0,0,2,2,0,2,0,2,2,MWI,Malawi,FALSE,FALSE,FALSE
2015,Afrique subsaharienne,MALAWI,334,2,0,0,0,0,0,2,0,0,0,0,2,2,2,2,0,0,0,0,2,2,0,0,2,2,2,MWI,Malawi,FALSE,FALSE,FALSE
2015,Afrique subsaharienne,MAURICE,390,1420,1228,43,17,20,25,87,406,105,221,67,81,540,1743,1422,61,19,38,34,169,546,127,262,83,105,620,MUS,Ile Maurice,FALSE,FALSE,FALSE
2013,Afrique subsaharienne,MOZAMBIQUE,393,24,24,0,0,0,0,0,6,2,2,2,0,11,25,24,2,0,0,0,0,6,2,2,2,0,11,MOZ,Mozambique,FALSE,FALSE,FALSE
2015,Afrique subsaharienne,NIGERIA,338,338,221,51,2,0,2,61,109,54,27,21,19,108,417,277,58,2,0,6,75,143,60,29,22,23,140,NGA,Nigéria,FALSE,FALSE,FALSE
2015,Afrique subsaharienne,OUGANDA,339,36,22,2,0,0,0,13,9,7,2,2,6,9,39,22,2,0,0,0,14,10,8,2,2,6,10,UGA,Uganda,FALSE,FALSE,FALSE
2015,Afrique subsaharienne,REP. CENTRAFRICAINE,323,462,395,16,5,2,6,38,111,50,39,44,54,164,708,569,23,6,5,6,99,190,71,57,69,71,250,CAF,République centrafricaine,FALSE,FALSE,FALSE
2013,Afrique subsaharienne,RWANDA,340,436,390,2,2,5,5,29,73,71,39,32,76,145,650,550,13,2,14,8,61,127,96,59,42,118,208,RWA,Rwanda,FALSE,FALSE,FALSE
2015,Afrique subsaharienne,RWANDA,340,407,354,2,2,2,7,39,68,80,37,17,64,141,634,516,6,5,11,7,89,127,106,48,36,108,209,RWA,Rwanda,FALSE,FALSE,FALSE
2013,Afrique subsaharienne,SENEGAL,341,7755,6471,237,254,403,31,359,2150,802,941,650,697,2515,8866,7050,332,265,500,39,680,2597,902,1033,692,799,2843,SEN,Sénégal,FALSE,FALSE,FALSE
2015,Afrique subsaharienne,SIERRA LEONE,342,15,9,2,0,0,0,2,8,2,2,0,0,2,27,18,2,0,0,0,5,15,2,2,0,0,6,SLE,Sierra Leone,FALSE,FALSE,FALSE
2014,Afrique subsaharienne,SOMALIE,318,25,23,0,0,0,0,2,10,2,2,2,0,6,55,50,0,0,0,0,5,13,6,9,2,2,22,SOM,Somalie,FALSE,FALSE,FALSE
2013,Afrique subsaharienne,SOUDAN,343,71,60,2,0,0,0,7,23,9,2,9,2,25,95,80,5,0,0,0,10,30,10,2,13,2,35,SDN,Soudan,FALSE,FALSE,FALSE
2013,Afrique subsaharienne,SWAZILAND,391,2,2,0,0,0,0,0,0,0,2,0,0,2,5,5,0,0,0,0,0,0,2,2,0,0,2,SWZ,Eswatini,FALSE,FALSE,FALSE
2014,Afrique subsaharienne,SWAZILAND,391,2,2,0,0,0,0,0,2,0,0,0,0,2,6,6,0,0,0,0,0,2,2,0,0,0,2,SWZ,Eswatini,FALSE,FALSE,FALSE
2014,Afrique subsaharienne,TANZANIE,309,41,24,6,0,2,0,10,12,7,8,2,2,9,49,30,6,0,2,0,10,15,7,8,2,5,12,TZA,Tanzanie,FALSE,FALSE,FALSE
2013,Afrique subsaharienne,TCHAD,344,501,432,11,2,5,2,47,110,73,50,62,27,179,615,512,12,7,10,5,69,142,80,59,74,36,224,TCD,Tchad,FALSE,FALSE,FALSE
2013,Afrique subsaharienne,ZAMBIE,346,9,7,0,0,2,0,2,2,2,2,2,0,2,11,7,0,0,2,0,2,2,2,2,2,0,2,ZMB,Zambie,FALSE,FALSE,FALSE
2014,Afrique subsaharienne,ZAMBIE,346,17,8,2,0,2,0,5,8,2,0,2,0,6,21,10,2,0,2,0,6,10,2,0,2,0,7,ZMB,Zambie,FALSE,FALSE,FALSE
2015,Amérique,ARGENTINE,415,867,579,30,25,75,15,143,453,112,66,53,24,159,982,657,39,25,79,22,160,513,119,70,63,31,186,ARG,Argentine,FALSE,FALSE,FALSE
2013,Amérique,BAHAMAS,436,2,2,2,0,0,0,0,2,0,2,0,0,2,5,2,2,0,0,0,0,2,2,2,0,0,2,BHS,Bahamas,FALSE,FALSE,FALSE
2014,Amérique,BARBADE,434,6,2,2,0,0,0,2,0,2,2,0,2,2,8,5,2,0,2,0,2,2,2,2,0,2,2,BRB,Barbade,FALSE,FALSE,FALSE
2014,Amérique,BOLIVIE,418,283,207,13,2,20,9,33,80,67,53,13,9,61,355,242,19,2,25,13,54,108,76,62,15,16,78,BOL,Bolivie,FALSE,FALSE,FALSE
2014,Amérique,CHILI,417,797,562,48,12,55,17,103,398,92,70,47,20,170,904,627,53,13,58,22,131,441,110,82,48,26,197,CHL,Chili,FALSE,TRUE,FALSE
2015,Amérique,COLOMBIE,419,3177,2337,241,68,112,71,348,1159,521,355,261,85,796,3711,2677,273,70,152,93,446,1398,559,405,271,100,978,COL,Colombie,FALSE,TRUE,FALSE
2013,Amérique,COSTA RICA,406,115,89,2,0,2,2,18,44,8,26,7,2,28,132,97,2,0,2,2,25,52,8,28,8,2,34,CRI,Costa Rica,FALSE,FALSE,FALSE
2015,Amérique,COSTA RICA,406,137,99,12,0,2,2,21,43,12,35,13,2,30,156,108,14,0,2,5,27,50,13,37,15,2,37,CRI,Costa Rica,FALSE,FALSE,FALSE
2013,Amérique,DOMINIQUE,438,44,36,2,0,0,2,6,16,2,0,7,2,15,79,66,2,0,0,2,11,22,5,2,9,2,39,DMA,Dominique,FALSE,FALSE,FALSE
2014,Amérique,ETATS-UNIS,404,4705,2883,370,7,14,79,1352,2261,576,257,556,69,986,5604,3286,469,13,44,103,1689,2634,641,299,676,108,1246,USA,Etats-Unis,FALSE,TRUE,FALSE
2014,Amérique,GRENADE,435,5,5,0,0,0,0,0,2,0,2,0,0,2,7,6,2,0,0,0,0,2,0,2,0,0,2,GRD,Grenade,FALSE,FALSE,FALSE
2015,Amérique,GRENADE,435,6,5,0,0,0,0,2,0,0,0,0,0,6,8,7,0,0,0,0,2,0,0,0,0,2,7,GRD,Grenade,FALSE,FALSE,FALSE
2015,Amérique,GUYANA,428,9,7,2,0,0,0,2,2,2,0,2,2,2,91,75,2,2,2,0,11,18,5,6,7,6,49,GUY,Guyana,FALSE,FALSE,FALSE
2013,Amérique,HONDURAS,411,54,40,2,2,2,2,2,13,8,12,2,0,20,70,52,2,2,7,2,2,16,9,20,2,0,24,HND,Honduras,FALSE,FALSE,FALSE
2013,Amérique,JAMAIQUE,426,45,39,6,0,0,0,0,9,2,9,5,0,20,54,45,7,0,2,0,2,11,2,9,6,0,26,JAM,Jamaïque,FALSE,FALSE,FALSE
2015,Amérique,PARAGUAY,421,69,52,2,0,2,2,12,41,8,6,2,0,11,81,61,2,0,2,2,13,44,10,9,2,0,15,PRY,Paraguay,FALSE,FALSE,FALSE
2015,Amérique,PEROU,422,913,719,54,2,25,41,73,333,109,100,54,50,267,1086,837,62,2,32,52,102,407,122,119,65,56,317,PER,Pérou,FALSE,FALSE,FALSE
2013,Amérique,SAINTE-LUCIE,439,23,21,2,0,0,0,2,2,2,2,0,0,16,49,45,2,0,0,0,2,2,2,6,0,0,38,LCA,Sainte-Lucie,FALSE,FALSE,FALSE
2013,Amérique,SURINAME,437,8,2,0,0,0,0,6,0,2,2,0,0,6,134,102,2,0,0,0,31,8,2,7,2,2,111,SUR,Suriname,FALSE,FALSE,FALSE
2014,Asie,AZERBAIDJAN,253,198,164,18,0,2,2,12,56,26,18,49,6,43,265,215,19,2,2,2,25,76,34,24,58,6,67,AZE,Azerbaïdjan,TRUE,FALSE,FALSE
2015,Asie,BAHREIN,249,48,39,2,0,2,0,5,10,12,2,0,2,20,50,40,2,0,2,0,5,11,12,2,2,2,20,BHR,Bahreïn,FALSE,FALSE,FALSE
2015,Asie,BANGLADESH,246,126,99,2,0,2,2,22,40,16,13,13,2,40,218,167,2,2,2,2,42,113,17,16,17,5,50,BGD,Bangladesh,FALSE,FALSE,FALSE
2014,Asie,BHOUTAN,214,2,2,0,0,0,0,2,0,2,2,0,0,2,2,2,0,0,0,0,2,0,2,2,0,0,2,BTN,Bhoutan,FALSE,FALSE,FALSE
2015,Asie,BIRMANIE,224,22,13,2,2,0,0,2,8,0,5,0,2,8,30,16,2,2,0,0,9,13,0,6,0,2,10,MMR,Birmanie,FALSE,FALSE,FALSE
2015,Asie,BRUNEI,225,23,15,2,2,2,2,2,5,2,9,0,2,2,24,16,2,2,2,2,2,5,2,9,0,2,2,BRN,Brunei,FALSE,FALSE,FALSE
2015,Asie,CHYPRE,254,205,183,2,2,2,9,7,58,32,41,33,7,34,219,187,2,2,2,13,11,65,34,40,34,8,38,CYP,Chypre,TRUE,FALSE,TRUE
2013,Asie,COREE DU SUD,239,2249,1533,52,2,13,392,257,981,315,118,237,44,554,2709,1777,83,2,29,507,309,1218,363,133,258,59,678,KOR,Corée du Sud,FALSE,TRUE,FALSE
2013,Asie,GEORGIE,255,367,316,13,2,0,12,25,223,14,19,44,8,59,501,417,18,2,2,14,50,256,29,25,65,15,111,GEO,Géorgie,TRUE,FALSE,FALSE
2014,Asie,GEORGIE,255,367,299,16,0,0,14,38,227,24,18,41,10,47,544,433,20,0,2,20,70,274,47,27,61,19,116,GEO,Géorgie,TRUE,FALSE,FALSE
2015,Asie,INDE,223,2740,1034,934,9,105,6,652,1036,382,234,154,184,750,3023,1182,956,13,117,8,747,1188,400,256,164,196,819,IND,Inde,FALSE,FALSE,FALSE
2013,Asie,IRAK,203,402,372,2,2,2,2,21,105,62,20,33,35,147,466,428,2,2,5,5,24,125,70,23,40,39,169,IRQ,Irak,FALSE,FALSE,FALSE
2013,Asie,IRAN,204,1793,1534,36,2,10,73,137,685,301,108,199,87,413,2042,1715,45,7,17,89,169,810,316,119,233,102,462,IRN,Iran,FALSE,FALSE,FALSE
2014,Asie,IRAN,204,1587,1353,34,2,6,52,140,635,301,76,190,69,316,1821,1511,44,7,17,68,174,756,316,84,211,89,365,IRN,Iran,FALSE,FALSE,FALSE
2015,Asie,IRAN,204,1510,1265,34,2,5,51,152,615,262,83,170,69,311,1750,1436,43,7,14,66,184,730,283,94,195,84,364,IRN,Iran,FALSE,FALSE,FALSE
2013,Asie,JAPON,217,1762,1127,48,2,51,247,286,841,254,84,111,44,428,2005,1240,63,2,60,319,319,982,281,92,120,49,481,JPN,Japon,FALSE,TRUE,FALSE
2014,Asie,KAZAKHSTAN,256,439,358,29,2,9,14,27,109,64,55,95,22,94,502,400,30,2,11,19,40,132,68,61,102,24,115,KAZ,Kazakhstan,TRUE,FALSE,FALSE
2014,Asie,KOWEIT,240,115,104,5,0,0,0,6,30,12,25,15,2,30,123,108,6,0,0,0,9,31,12,27,17,2,32,KWT,Koweït,FALSE,FALSE,FALSE
2013,Asie,MALDIVES,229,13,13,0,0,0,0,0,0,0,12,0,0,2,16,14,0,0,2,0,0,2,0,12,0,0,2,MDV,Maldives,FALSE,FALSE,FALSE
2013,Asie,NEPAL,215,83,68,2,0,2,2,9,28,13,10,7,11,14,108,81,5,2,2,2,18,38,15,10,9,12,24,NPL,Népal,FALSE,FALSE,FALSE
2014,Asie,NEPAL,215,95,68,10,0,2,2,15,23,19,5,6,8,34,111,75,12,2,2,2,21,28,21,5,8,9,40,NPL,Népal,FALSE,FALSE,FALSE
2013,Asie,OMAN,250,35,29,2,0,0,0,2,6,2,11,5,0,9,38,31,2,0,0,0,2,6,2,12,5,2,10,OMN,Oman,FALSE,FALSE,FALSE
2014,Asie,OMAN,250,47,37,5,2,2,0,2,8,7,16,2,2,12,49,38,5,2,2,0,2,8,7,17,2,2,13,OMN,Oman,FALSE,FALSE,FALSE
2013,Asie,OUZBEKISTAN,258,130,107,2,2,0,2,18,45,16,15,13,9,32,169,140,2,2,2,2,20,62,16,16,16,12,47,UZB,Ouzbékistan,FALSE,FALSE,FALSE
2013,Asie,PAKISTAN,213,281,208,18,2,2,0,50,93,39,31,20,20,78,484,355,19,2,13,0,95,250,43,36,30,35,90,PAK,Pakistan,FALSE,FALSE,FALSE
2013,Asie,QATAR,248,65,43,2,0,0,2,20,46,5,2,0,0,13,67,43,2,0,0,2,22,48,5,2,0,0,13,QAT,Qatar,FALSE,FALSE,FALSE
2013,Asie,SRI LANKA,235,85,50,5,0,2,0,29,49,11,5,2,2,15,412,276,13,2,14,0,106,314,26,9,10,9,44,LKA,Sri Lanka,FALSE,FALSE,FALSE
2014,Asie,SRI LANKA,235,98,46,13,0,0,6,33,63,11,6,6,2,10,461,276,21,6,14,9,135,344,25,10,18,12,52,LKA,Sri Lanka,FALSE,FALSE,FALSE
2013,Asie,SYRIE,206,1448,1308,18,6,6,15,95,506,263,138,106,77,358,1561,1401,20,6,6,20,108,546,282,149,116,84,384,SYR,Syrie,FALSE,FALSE,FALSE
2014,Asie,SYRIE,206,1420,1283,13,5,10,27,82,474,231,140,117,82,376,1552,1386,16,5,13,35,97,516,254,151,131,90,410,SYR,Syrie,FALSE,FALSE,FALSE
2014,Asie,VIETNAM,243,5250,4243,130,26,266,91,494,1492,763,709,256,227,1803,5856,4612,145,34,307,112,646,1752,819,762,288,250,1985,VNM,Viêt Nam,FALSE,FALSE,FALSE
2013,Europe,ALLEMAGNE,109,7525,5587,853,69,245,103,668,2472,1058,554,1255,266,1920,8956,6547,944,85,330,135,915,2891,1219,685,1529,330,2302,DEU,Allemagne,TRUE,TRUE,TRUE
2014,Europe,ALLEMAGNE,109,7388,5370,842,63,212,118,783,2487,1011,467,1261,214,1948,8777,6314,953,79,295,155,981,2846,1161,601,1538,282,2349,DEU,Allemagne,TRUE,TRUE,TRUE
2013,Europe,BULGARIE,111,1540,1341,48,2,19,54,76,464,179,171,280,59,387,1745,1464,61,2,23,68,127,558,200,189,290,75,433,BGR,Bulgarie,TRUE,FALSE,TRUE
2014,Europe,HONGRIE,112,584,451,37,2,9,2,82,238,73,36,46,47,144,640,487,42,2,11,9,90,260,91,37,48,47,157,HUN,Hongrie,FALSE,TRUE,TRUE
2014,Europe,IRLANDE,136,516,403,59,0,5,11,38,119,72,50,93,11,171,659,503,75,0,8,15,58,161,97,65,100,16,220,IRL,Irlande,TRUE,TRUE,TRUE
2013,Europe,ITALIE,127,7916,5847,649,11,263,239,907,4046,1237,521,480,244,1388,9308,6794,743,15,296,310,1150,4590,1430,613,595,298,1782,ITA,Italie,TRUE,TRUE,TRUE
2014,Europe,ITALIE,127,8849,6509,784,12,265,260,1019,4348,1335,525,660,207,1774,10366,7532,909,18,308,337,1262,4851,1578,630,794,273,2240,ITA,Italie,TRUE,TRUE,TRUE
2013,Europe,MONACO,138,151,118,17,2,0,11,2,30,10,2,2,2,103,350,262,34,2,11,13,29,68,22,24,2,11,222,MCO,Monaco,FALSE,FALSE,FALSE
2014,Europe,NORVEGE,103,347,189,50,0,49,2,56,109,28,118,12,13,67,396,223,52,0,52,7,62,127,38,124,14,13,80,NOR,Norvège,TRUE,TRUE,FALSE
2013,Europe,POLOGNE,122,2002,1601,105,5,36,77,178,816,265,165,185,97,474,2590,2008,135,8,70,95,274,1094,319,200,226,137,614,POL,Pologne,TRUE,TRUE,TRUE
2014,Europe,REPUBLIQUE TCHEQUE,116,684,536,26,2,13,8,98,206,117,74,69,19,199,778,590,29,6,21,11,121,234,125,81,80,22,236,CZE,République tchèque,TRUE,TRUE,TRUE
2013,Europe,RUSSIE,123,3934,2994,359,8,63,114,396,1740,535,265,292,157,945,5092,3848,445,12,87,150,550,2042,632,503,409,190,1316,RUS,Russie,TRUE,FALSE,FALSE
2014,Europe,SLOVAQUIE,117,408,333,9,0,9,2,56,115,61,19,77,16,120,469,377,14,2,14,2,62,128,78,23,84,20,136,SVK,Slovaquie,TRUE,TRUE,TRUE
2013,Europe,SUISSE,140,1277,978,65,2,9,81,143,448,256,72,212,26,263,2010,1527,116,5,25,108,229,594,525,129,275,43,444,CHE,Suisse,TRUE,TRUE,FALSE
2014,Europe,VATICAN,129,0,0,0,0,0,0,0,0,0,0,0,0,0,0,0,0,0,0,0,0,0,0,0,0,0,0,VAT,Vatican,TRUE,TRUE,FALSE
2013,Maghreb,ALGERIE,352,17409,16059,194,66,104,199,787,7881,1520,1705,1178,1252,3873,21896,19554,365,98,187,259,1433,9680,2073,2109,1486,1691,4857,DZA,Algérie,FALSE,FALSE,FALSE
2014,Maghreb,LIBYE,316,368,337,2,0,0,2,25,74,50,27,46,36,135,409,363,7,2,2,2,34,89,56,32,50,40,142,LBY,Libye,FALSE,FALSE,FALSE
2014,Nationalite non connue,SANS NATIONALITE,995,26,7,18,0,0,0,2,20,0,0,2,0,5,50,15,34,0,0,0,2,24,2,0,2,2,23,NA,NA,NA,NA,NA
2014,Océanie,FIDJI,508,8,6,0,0,0,0,2,2,2,2,0,2,2,15,8,0,0,0,0,7,2,2,5,0,2,2,FJI,Fidji,FALSE,FALSE,FALSE
2013,Océanie,PAPOUASIE-NOUVELLE-GUINEE,510,0,0,0,0,0,0,0,0,0,0,0,0,0,2,2,0,0,0,0,0,0,0,2,0,0,0,PNG,Papouasie-Nouvelle-Guinée,FALSE,FALSE,FALSE
2014,Océanie,REP. DES ILES PALAOS,517,0,0,0,0,0,0,0,0,0,0,0,0,0,0,0,0,0,0,0,0,0,0,0,0,0,0,PLW,Palaos,FALSE,FALSE,FALSE
2014,Océanie,SAMOA OCCIDENTALES,506,2,2,0,0,0,0,0,2,0,0,0,0,0,2,2,0,0,0,0,0,2,0,0,0,0,0,WSM,Samoa,FALSE,FALSE,FALSE
2014,Océanie,ILES MARSHALL,515,0,0,0,0,0,0,0,0,0,0,0,0,0,0,0,0,0,0,0,0,0,0,0,0,0,0,MHL,Îles Marshall,FALSE,FALSE,FALSE
2017,Asie,LIBAN,205,5073,3577,388,100,258,136,614,1652,824,512,340,405,1340,5648,3865,466,110,318,171,718,1909,883,550,374,457,1475,LBN,Liban,FALSE,FALSE,FALSE
2016,Asie,OMAN,250,55,46,5,0,0,0,2,15,5,10,2,5,18,61,51,6,0,0,0,2,17,7,10,2,6,19,OMN,Oman,FALSE,FALSE,FALSE
2017,Asie,OUZBEKISTAN,258,154,118,17,0,2,2,16,48,20,14,29,6,37,183,140,19,0,2,2,17,56,25,14,32,9,47,UZB,Ouzbékistan,FALSE,FALSE,FALSE
2017,Asie,PAKISTAN,213,457,304,38,0,2,19,93,149,81,33,38,24,132,742,471,54,2,9,21,185,365,90,40,49,36,162,PAK,Pakistan,FALSE,FALSE,FALSE
2016,Asie,PHILIPPINES,220,170,95,35,0,0,2,36,69,27,15,8,8,43,280,164,41,0,2,5,69,127,29,22,9,9,84,PHL,Philippines,FALSE,FALSE,FALSE
2015,Asie,SINGAPOUR,226,182,65,46,2,15,2,53,126,21,7,7,0,21,209,77,53,2,18,2,58,137,26,11,8,2,25,SGP,Singapour,FALSE,FALSE,FALSE
2016,Asie,TAIWAN,236,971,476,154,2,16,129,195,390,172,53,52,34,270,1076,512,164,2,22,168,208,445,182,56,55,35,303,TWN,Taïwan,FALSE,FALSE,FALSE
2017,Asie,TAIWAN,236,1099,437,224,2,28,200,208,482,214,45,63,23,272,1198,474,232,2,32,225,232,542,220,49,67,23,297,TWN,Taïwan,FALSE,FALSE,FALSE
2016,Asie,THAILANDE,219,453,314,48,2,6,11,70,114,71,106,25,2,133,575,377,55,5,8,15,115,159,88,110,35,9,174,THA,Thaïlande,FALSE,FALSE,FALSE
2017,Asie,THAILANDE,219,452,274,49,2,2,25,96,153,70,85,21,6,117,564,332,54,6,5,30,137,193,81,96,32,11,151,THA,Thaïlande,FALSE,FALSE,FALSE
2016,Asie,TURQUIE,208,2141,1616,81,9,30,63,342,789,253,202,258,72,567,3701,2637,112,19,65,78,790,1320,396,270,499,150,1066,TUR,Turquie,TRUE,TRUE,FALSE
2017,Asie,YEMEN,251,119,86,0,15,5,2,12,22,8,18,19,6,46,129,89,2,15,10,2,13,25,9,21,20,7,47,YEM,Yémen,FALSE,FALSE,FALSE
2017,Europe,BIELORUSSIE,148,276,230,24,2,2,7,13,69,36,20,22,10,119,379,295,30,2,2,14,33,96,45,32,31,15,160,BLR,Biélorussie,TRUE,FALSE,FALSE
2016,Europe,BOSNIE-HERZEGOVINE,118,86,64,6,0,2,2,12,24,16,2,9,6,29,204,157,10,0,2,2,32,42,48,7,43,7,57,BIH,Bosnie-Herzégovine,TRUE,FALSE,FALSE
2017,Europe,BULGARIE,111,1087,912,47,2,16,29,81,285,165,140,200,49,248,1317,1068,59,2,24,49,114,371,193,156,220,60,317,BGR,Bulgarie,TRUE,FALSE,TRUE
2017,Europe,CROATIE,119,206,130,33,0,2,10,32,84,13,20,17,6,66,247,161,37,0,2,11,35,101,15,20,22,7,82,HRV,Croatie,TRUE,FALSE,TRUE
2017,Europe,ESTONIE,106,82,53,6,0,2,2,21,38,8,10,8,2,15,102,69,7,0,2,2,23,45,11,10,8,2,24,EST,Estonie,TRUE,TRUE,TRUE
2015,Europe,FINLANDE,105,340,251,34,0,7,13,35,122,65,35,30,2,86,417,290,35,2,10,19,62,148,72,46,35,9,107,FIN,Finlande,TRUE,TRUE,TRUE
2016,Europe,FINLANDE,105,317,214,43,0,10,15,35,112,71,28,16,6,84,392,241,57,2,19,21,53,135,77,35,20,9,116,FIN,Finlande,TRUE,TRUE,TRUE
2015,Europe,GRECE,126,2555,2267,53,0,31,54,150,1034,220,340,501,65,395,2704,2352,65,0,33,74,180,1111,240,353,504,72,424,GRC,Grèce,TRUE,TRUE,TRUE
2016,Europe,GRECE,126,2429,2099,56,2,35,58,178,894,207,320,494,62,452,2582,2184,69,2,39,73,214,965,233,334,497,71,482,GRC,Grèce,TRUE,TRUE,TRUE
2016,Europe,IRLANDE,136,576,468,55,0,8,6,39,107,93,54,102,9,211,725,578,71,0,13,7,56,150,112,72,108,16,267,IRL,Irlande,TRUE,TRUE,TRUE
2017,Europe,ISLANDE,102,30,15,2,0,0,5,9,13,7,2,2,0,6,38,17,5,0,0,5,11,14,8,2,2,2,10,ISL,Islande,TRUE,TRUE,FALSE
2015,Europe,ITALIE,127,9337,7007,692,16,259,248,1115,4389,1461,589,649,254,1995,11161,8258,805,27,307,312,1452,4991,1739,741,800,357,2533,ITA,Italie,TRUE,TRUE,TRUE
2016,Europe,LIECHTENSTEIN,113,2,2,0,0,0,0,0,2,0,0,0,0,2,2,2,0,0,0,0,0,2,0,0,0,0,2,LIE,Liechtenstein,TRUE,FALSE,FALSE
2016,Europe,LUXEMBOURG,137,1383,1280,34,0,2,18,47,226,52,128,697,16,264,1691,1520,54,0,13,27,77,276,67,141,889,21,297,LUX,Luxembourg,TRUE,TRUE,TRUE
2017,Europe,LUXEMBOURG,137,1377,1261,38,2,6,20,51,256,47,151,713,19,191,1615,1425,56,2,17,34,81,295,70,160,840,24,226,LUX,Luxembourg,TRUE,TRUE,TRUE
2015,Europe,MONACO,138,177,137,14,2,2,7,17,32,9,9,0,2,126,333,237,26,2,12,11,45,56,17,22,6,10,222,MCO,Monaco,FALSE,FALSE,FALSE
2015,Europe,MONTENEGRO,120,45,36,2,0,0,0,7,13,2,2,6,2,19,58,45,2,0,0,0,10,15,2,2,15,2,20,MNE,Monténégro,TRUE,FALSE,FALSE
2015,Europe,POLOGNE,122,1831,1438,72,8,41,73,199,746,232,134,160,91,468,2478,1897,96,12,76,91,306,1056,282,176,210,126,628,POL,Pologne,TRUE,TRUE,TRUE
2017,Europe,POLOGNE,122,1508,1089,117,2,29,74,195,596,211,126,121,56,398,2300,1624,158,11,53,109,345,1030,266,171,181,93,559,POL,Pologne,TRUE,TRUE,TRUE
2017,Europe,PORTUGAL,139,1490,897,161,2,28,53,347,621,147,134,183,40,365,5845,3873,369,28,127,144,1304,2761,556,461,393,169,1505,PRT,Portugal,TRUE,TRUE,TRUE
2016,Europe,REPUBLIQUE TCHEQUE,116,580,444,25,2,16,8,83,176,100,57,51,17,179,696,520,29,5,23,16,103,217,112,69,61,23,214,CZE,République tchèque,TRUE,TRUE,TRUE
2016,Europe,ROUMANIE,114,3171,2701,59,6,63,54,288,1194,379,235,334,128,901,4025,3350,85,12,75,67,436,1649,437,289,394,147,1109,ROU,Roumanie,TRUE,FALSE,TRUE
2017,Europe,ROUMANIE,114,3052,2609,71,10,50,42,270,1284,352,239,330,122,725,4067,3350,104,18,66,88,441,1851,415,294,385,148,974,ROU,Roumanie,TRUE,FALSE,TRUE
2015,Europe,SERBIE,121,467,352,21,0,2,11,79,214,51,36,59,14,93,722,524,28,2,7,14,148,349,74,48,93,23,135,SRB,Serbie,TRUE,FALSE,FALSE
2015,Europe,SLOVAQUIE,117,384,307,15,0,7,7,48,99,49,26,80,15,115,452,345,23,2,12,8,63,110,66,35,88,18,135,SVK,Slovaquie,TRUE,TRUE,TRUE
2015,Europe,SUEDE,104,467,290,48,14,31,10,74,191,119,25,43,14,75,574,347,66,14,40,12,95,242,133,35,46,19,99,SWE,Suède,TRUE,TRUE,TRUE
2015,Europe,SUISSE,140,1332,991,91,2,5,73,170,489,236,96,225,20,266,2060,1517,147,5,25,94,272,617,499,171,299,45,429,CHE,Suisse,TRUE,TRUE,FALSE
2015,Maghreb,MAROC,350,29070,19883,2417,1526,2875,529,1840,6976,4197,2819,2746,3017,9315,36357,22967,3077,1677,3950,681,4005,9389,4792,3830,3258,3911,11177,MAR,Maroc,FALSE,FALSE,FALSE
2017,Océanie,AUSTRALIE,501,402,256,61,2,2,24,56,159,101,26,32,8,76,450,281,71,2,7,28,61,184,108,30,32,9,87,AUS,Australie,FALSE,TRUE,FALSE
2016,Océanie,FIDJI,508,5,2,0,0,0,0,2,2,0,2,0,0,2,15,10,0,0,2,0,2,2,0,6,0,0,5,FJI,Fidji,FALSE,FALSE,FALSE
2015,Océanie,ILES SALOMON,512,2,2,0,0,0,0,0,0,0,0,2,0,2,2,2,0,0,2,0,0,2,0,0,2,0,2,SLB,Îles Salomon,FALSE,FALSE,FALSE
2016,Océanie,ILES SALOMON,512,2,2,0,0,0,0,0,0,0,0,0,0,2,2,2,0,0,2,0,0,2,0,0,0,0,2,SLB,Îles Salomon,FALSE,FALSE,FALSE
2017,Océanie,NOUVELLE ZELANDE,502,85,57,11,0,0,6,11,30,22,9,2,2,20,101,66,14,0,0,6,15,32,24,11,2,2,30,NZL,Nouvelle-Zélande,FALSE,TRUE,FALSE
2017,Océanie,PAPOUASIE-NOUVELLE-GUINEE,510,2,2,0,0,0,0,2,2,2,0,0,0,2,7,5,0,0,0,0,2,2,2,2,0,0,2,PNG,Papouasie-Nouvelle-Guinée,FALSE,FALSE,FALSE
2017,Océanie,SAMOA OCCIDENTALES,506,0,0,0,0,0,0,0,0,0,0,0,0,0,2,2,0,0,0,0,2,2,0,2,0,0,0,WSM,Samoa,FALSE,FALSE,FALSE
2016,Océanie,VANUATU,514,7,2,0,2,0,2,2,2,2,0,0,0,2,23,16,0,2,0,2,2,5,2,2,2,2,11,VUT,Vanuatu,FALSE,FALSE,FALSE
2017,Océanie,VANUATU,514,6,5,0,0,0,0,2,2,2,0,2,0,2,22,18,2,0,0,0,2,2,2,5,2,2,11,VUT,Vanuatu,FALSE,FALSE,FALSE
2016,Afrique subsaharienne,ANGOLA,395,332,235,10,10,17,5,55,48,51,28,34,43,128,710,505,25,10,19,7,144,166,97,58,64,74,251,AGO,Angola,FALSE,FALSE,FALSE
2017,Afrique subsaharienne,BOTSWANA,347,9,5,2,0,0,2,2,2,2,2,0,0,2,10,5,2,0,0,2,2,2,2,2,0,0,2,BWA,Botswana,FALSE,FALSE,FALSE
2016,Afrique subsaharienne,BURKINA,331,1480,1174,59,30,57,17,143,267,282,152,129,114,536,1692,1288,77,33,62,20,212,333,305,177,143,132,602,BFA,Burkina Faso,FALSE,FALSE,FALSE
2016,Afrique subsaharienne,CAP-VERT,396,63,50,0,0,0,0,13,20,6,11,5,10,11,224,154,2,0,2,2,65,131,13,14,10,20,36,CPV,Cap Vert,FALSE,FALSE,FALSE
2018,Afrique subsaharienne,CAP-VERT,396,50,26,0,0,2,0,23,19,5,6,2,8,11,255,141,5,0,2,0,107,159,13,8,6,18,51,CPV,Cap Vert,FALSE,FALSE,FALSE
2017,Afrique subsaharienne,COMORES,397,1369,1234,17,8,7,2,100,500,110,112,57,56,534,2666,2197,25,8,14,5,417,660,239,222,85,92,1368,COM,Comores,FALSE,FALSE,FALSE
2018,Afrique subsaharienne,COMORES,397,1428,1261,24,9,10,2,122,493,134,119,43,64,575,2677,2135,42,9,16,2,471,654,267,212,68,98,1378,COM,Comores,FALSE,FALSE,FALSE
2017,Afrique subsaharienne,DJIBOUTI,399,1015,941,22,6,11,7,28,110,99,119,68,149,470,1175,1055,26,6,17,8,63,131,120,135,78,170,541,DJI,Djibouti,FALSE,FALSE,FALSE
2016,Afrique subsaharienne,EGYPTE,301,2116,1884,61,6,18,18,129,696,511,185,97,57,570,2371,2048,69,10,34,24,186,850,521,198,104,70,628,EGY,Egypte,FALSE,FALSE,FALSE
2016,Afrique subsaharienne,GUINEE,330,3477,3240,58,29,14,22,114,655,415,415,360,294,1338,4041,3593,75,32,24,26,291,891,452,456,393,359,1490,GIN,Guinée,FALSE,FALSE,FALSE
2016,Afrique subsaharienne,GUINEE EQUATORIALE,314,55,51,2,0,0,0,2,9,13,5,6,13,9,72,67,2,0,0,0,2,14,14,8,9,16,11,GNQ,Guinée-Équatoriale,FALSE,FALSE,FALSE
2016,Afrique subsaharienne,KENYA,332,136,89,16,0,0,0,31,49,17,11,14,2,42,158,101,17,0,2,0,39,61,19,13,14,2,47,KEN,Kenya,FALSE,FALSE,FALSE
2017,Afrique subsaharienne,KENYA,332,148,85,18,0,2,6,38,53,21,11,20,2,39,169,101,18,0,2,6,42,62,24,12,22,5,44,KEN,Kenya,FALSE,FALSE,FALSE
2018,Afrique subsaharienne,KENYA,332,180,107,17,0,2,2,50,62,17,18,21,6,56,210,132,18,0,2,2,53,73,23,19,22,6,67,KEN,Kenya,FALSE,FALSE,FALSE
2016,Afrique subsaharienne,LIBERIA,302,6,2,0,0,0,0,2,2,0,0,2,2,0,12,7,0,0,2,0,2,5,2,0,2,2,0,LBR,Liberia,FALSE,FALSE,FALSE
2016,Afrique subsaharienne,MALI,335,2359,2094,48,36,45,10,126,749,310,215,166,141,778,2792,2351,67,41,55,12,266,1020,322,238,175,174,863,MLI,Mali,FALSE,FALSE,FALSE
2017,Afrique subsaharienne,MAURICE,390,1585,1231,67,15,28,99,145,459,132,182,66,65,681,1920,1430,91,19,47,115,218,593,157,213,87,88,782,MUS,Ile Maurice,FALSE,FALSE,FALSE
2016,Afrique subsaharienne,OUGANDA,339,41,24,8,2,2,0,7,11,9,2,2,2,11,46,27,9,2,2,0,8,13,9,2,2,5,13,UGA,Uganda,FALSE,FALSE,FALSE
2017,Afrique subsaharienne,SENEGAL,341,9592,7662,566,283,511,48,522,2714,1144,956,926,947,2905,10912,8272,674,291,605,68,1002,3277,1276,1042,988,1077,3252,SEN,Sénégal,FALSE,FALSE,FALSE
2016,Afrique subsaharienne,SEYCHELLES,398,33,30,2,0,0,0,2,8,2,2,2,2,20,45,40,2,0,0,0,2,10,2,2,2,2,28,SYC,Seychelles,FALSE,FALSE,FALSE
2016,Afrique subsaharienne,SOMALIE,318,20,19,0,0,2,0,0,6,2,2,2,2,6,54,51,0,0,2,0,2,8,2,10,6,2,27,SOM,Somalie,FALSE,FALSE,FALSE
2017,Afrique subsaharienne,SWAZILAND,391,6,6,0,0,0,0,0,0,2,0,0,0,5,7,7,0,0,0,0,0,2,2,0,0,0,5,SWZ,Eswatini,FALSE,FALSE,FALSE
2017,Afrique subsaharienne,TCHAD,344,804,694,28,2,17,5,57,111,117,93,116,66,301,958,785,39,5,23,7,99,157,133,96,127,70,375,TCD,Tchad,FALSE,FALSE,FALSE
2017,Afrique subsaharienne,ZAMBIE,346,22,10,2,0,2,0,5,2,2,2,2,2,8,25,13,5,0,2,0,2,5,2,2,2,2,8,ZMB,Zambie,FALSE,FALSE,FALSE
2016,Afrique subsaharienne,ZIMBABWE,310,37,19,6,0,0,0,12,15,8,2,2,2,5,44,23,7,0,0,2,13,16,8,2,2,2,10,ZWE,Zimbabwe,FALSE,FALSE,FALSE
2016,Amérique,BARBADE,434,7,2,2,0,0,0,2,2,2,0,0,0,2,8,2,2,0,0,0,2,2,2,0,0,0,2,BRB,Barbade,FALSE,FALSE,FALSE
2017,Amérique,BRESIL,416,4597,2672,207,118,942,123,535,1794,773,380,303,260,1087,5418,3227,255,122,1009,167,638,2098,864,453,334,284,1385,BRA,Brésil,FALSE,FALSE,FALSE
2016,Amérique,ETATS-UNIS,404,4957,2820,491,2,19,107,1517,2216,666,282,619,61,1113,5840,3206,613,5,48,137,1831,2586,734,340,731,82,1367,USA,Etats-Unis,FALSE,TRUE,FALSE
2016,Amérique,GRENADE,435,10,2,0,0,0,5,2,6,2,0,0,0,2,13,5,0,0,0,6,2,8,2,0,0,0,2,GRD,Grenade,FALSE,FALSE,FALSE
2017,Amérique,GUATEMALA,409,131,90,14,0,0,9,18,36,28,23,12,2,28,173,114,20,0,2,15,22,41,35,29,15,6,47,GTM,Guatemala,FALSE,FALSE,FALSE
2017,Amérique,GUYANA,428,17,9,2,0,0,0,2,6,2,2,2,0,2,99,68,2,2,2,0,25,27,2,11,2,2,51,GUY,Guyana,FALSE,FALSE,FALSE
2016,Amérique,HONDURAS,411,110,93,8,0,2,0,7,26,24,25,2,0,32,125,103,8,0,2,0,11,28,26,29,5,2,35,HND,Honduras,FALSE,FALSE,FALSE
2017,Amérique,PANAMA,413,93,66,10,0,2,2,13,19,18,7,9,12,28,101,70,11,0,2,5,13,20,20,7,10,12,32,PAN,Panama,FALSE,FALSE,FALSE
2016,Amérique,SAINT-VINCENT-ET-LES-GRENADINES,440,2,2,0,0,0,0,0,0,0,0,0,0,2,2,2,0,0,0,0,0,0,0,0,0,0,2,VCT,Saint-Vincent-et-les-Grenadines,FALSE,FALSE,FALSE
2016,Amérique,SALVADOR,414,193,157,11,2,6,6,10,33,62,40,11,2,44,226,176,14,2,8,6,18,39,73,43,18,6,47,SLV,Salvador,FALSE,FALSE,FALSE
2016,Asie,ARABIE SAOUDITE,201,492,422,30,2,2,2,33,125,68,38,57,27,177,545,459,33,2,2,2,44,155,71,41,58,28,192,SAU,Arabie Saoudite,FALSE,FALSE,FALSE
2016,Asie,ARMENIE,252,1004,936,11,0,0,15,42,94,689,33,68,16,104,1540,1342,23,2,2,18,151,164,775,90,169,54,288,ARM,Arménie,TRUE,FALSE,FALSE
2017,Asie,ARMENIE,252,1189,1116,18,0,0,12,43,105,893,25,60,8,98,1817,1576,27,2,2,24,185,200,976,94,185,56,306,ARM,Arménie,TRUE,FALSE,FALSE
2016,Asie,BANGLADESH,246,153,106,13,0,2,2,30,56,18,9,18,2,48,271,191,17,0,2,2,58,140,20,16,24,7,64,BGD,Bangladesh,FALSE,FALSE,FALSE
2016,Asie,BIRMANIE,224,29,18,2,2,0,2,7,2,0,7,0,2,18,35,21,2,2,0,2,10,7,0,8,0,2,19,MMR,Birmanie,FALSE,FALSE,FALSE
2017,Asie,BIRMANIE,224,41,25,2,0,0,2,14,8,2,6,2,2,19,47,27,2,0,0,2,18,13,2,6,2,2,20,MMR,Birmanie,FALSE,FALSE,FALSE
2016,Asie,CHINE,216,26292,14425,5176,612,2578,1217,2284,7038,3951,2540,2074,1610,9079,28693,15434,5494,668,2830,1536,2731,8232,4124,2659,2144,1712,9822,CHN,Chine,FALSE,FALSE,FALSE
2017,Asie,COREE DU SUD,239,2799,1613,191,2,31,585,378,1349,444,162,221,47,576,3258,1855,208,2,52,690,451,1594,476,181,240,55,712,KOR,Corée du Sud,FALSE,TRUE,FALSE
2016,Asie,INDE,223,2948,1034,1083,10,101,21,699,1088,359,263,150,154,934,3281,1189,1140,14,114,28,796,1259,389,277,158,169,1029,IND,Inde,FALSE,FALSE,FALSE
2016,Asie,INDONESIE,231,850,650,75,2,2,19,101,179,122,161,88,41,259,926,675,81,2,5,26,137,206,128,169,95,43,285,IDN,Indonésie,FALSE,FALSE,FALSE
2017,Asie,INDONESIE,231,905,688,85,0,6,45,81,232,143,167,70,44,249,963,704,91,2,7,51,109,262,149,167,78,44,263,IDN,Indonésie,FALSE,FALSE,FALSE
2017,Asie,IRAK,203,293,243,11,2,6,2,28,74,45,20,37,22,95,416,332,19,2,9,7,47,94,66,28,47,27,154,IRQ,Irak,FALSE,FALSE,FALSE
2016,Asie,JORDANIE,222,188,145,12,2,5,2,24,66,43,20,9,8,42,205,158,14,2,5,2,25,75,44,20,10,10,46,JOR,Jordanie,FALSE,FALSE,FALSE
2017,Asie,JORDANIE,222,198,142,23,2,2,2,26,81,37,19,5,9,47,218,157,24,2,2,2,30,91,39,19,8,12,49,JOR,Jordanie,FALSE,FALSE,FALSE
2017,Asie,KAZAKHSTAN,256,480,375,44,2,5,18,37,122,70,52,110,26,100,546,429,47,2,5,18,46,142,77,68,118,29,112,KAZ,Kazakhstan,TRUE,FALSE,FALSE
2017,Océanie,ILES MARSHALL,515,2,0,0,0,0,2,0,2,0,0,0,0,0,2,0,0,0,2,2,0,2,0,0,0,0,2,MHL,Îles Marshall,FALSE,FALSE,FALSE
2017,Océanie,REP. DES ILES PALAOS,517,2,0,2,0,0,0,0,2,0,0,0,0,0,2,0,2,0,0,0,0,2,0,0,0,0,0,PLW,Palaos,FALSE,FALSE,FALSE
2017,Océanie,TUVALU,511,2,2,0,0,0,0,0,0,2,0,0,0,0,2,2,0,0,0,0,0,0,2,0,0,0,0,TUV,Tuvalu,FALSE,FALSE,FALSE
2018,Afrique subsaharienne,MAURICE,390,1620,1234,76,11,26,108,165,526,151,173,70,61,639,1950,1418,97,15,40,134,246,647,176,203,94,77,753,MUS,Ile Maurice,FALSE,FALSE,FALSE
2018,Afrique subsaharienne,MOZAMBIQUE,393,56,53,2,0,0,0,2,15,11,5,2,2,21,63,58,2,0,0,0,2,16,10,8,2,2,24,MOZ,Mozambique,FALSE,FALSE,FALSE
2018,Afrique subsaharienne,SEYCHELLES,398,20,16,2,0,0,0,2,2,2,5,2,2,7,30,23,2,0,0,0,6,8,2,6,2,2,11,SYC,Seychelles,FALSE,FALSE,FALSE
2018,Afrique subsaharienne,SOMALIE,318,24,19,0,2,0,0,2,6,5,2,2,2,7,70,59,2,2,0,0,9,10,7,11,2,2,35,SOM,Somalie,FALSE,FALSE,FALSE
2018,Afrique subsaharienne,TANZANIE,309,50,25,8,0,0,2,14,12,15,8,2,2,9,57,30,8,0,0,2,16,14,16,8,2,2,12,TZA,Tanzanie,FALSE,FALSE,FALSE
2018,Afrique subsaharienne,TCHAD,344,1105,962,37,7,18,12,69,189,142,99,148,70,457,1272,1064,45,8,27,13,115,232,158,106,166,81,529,TCD,Tchad,FALSE,FALSE,FALSE
2018,Amérique,ARGENTINE,415,914,623,46,8,55,36,146,468,108,83,57,31,167,1029,699,60,8,57,43,162,518,116,93,61,35,206,ARG,Argentine,FALSE,FALSE,FALSE
2018,Amérique,BRESIL,416,5002,2923,240,121,1048,156,514,1955,1030,387,289,286,1055,5808,3494,276,123,1105,180,630,2252,1095,453,329,325,1354,BRA,Brésil,FALSE,FALSE,FALSE
2018,Amérique,CUBA,407,122,98,2,2,2,7,14,38,19,13,10,2,39,166,129,2,2,2,9,22,50,23,19,13,5,56,CUB,Cuba,FALSE,FALSE,FALSE
2018,Amérique,GUATEMALA,409,160,104,12,2,2,16,24,47,33,24,9,9,38,202,124,20,2,6,20,31,57,39,31,13,10,52,GTM,Guatemala,FALSE,FALSE,FALSE
2018,Amérique,REPUBLIQUE DOMINICAINE,408,164,75,43,2,2,2,39,39,17,54,5,2,47,215,101,44,2,2,7,58,45,23,64,7,2,72,DOM,République dominicaine,FALSE,FALSE,FALSE
2018,Amérique,SALVADOR,414,193,142,21,2,10,5,13,41,66,32,8,2,42,245,175,27,2,12,8,21,47,74,39,27,8,50,SLV,Salvador,FALSE,FALSE,FALSE
2018,Asie,BANGLADESH,246,219,156,8,0,2,2,49,94,25,23,20,5,52,392,279,10,2,5,5,90,228,30,33,29,8,64,BGD,Bangladesh,FALSE,FALSE,FALSE
2018,Asie,BRUNEI,225,12,9,0,2,2,0,0,2,2,2,2,2,2,15,11,2,2,2,0,0,2,2,5,2,2,2,BRN,Brunei,FALSE,FALSE,FALSE
2018,Asie,COREE DU NORD,238,137,15,31,0,0,42,49,84,2,2,2,2,44,156,17,37,0,0,46,56,91,2,2,2,2,54,PRK,Corée du Nord,FALSE,FALSE,FALSE
2018,Asie,INDE,223,5278,1349,2530,5,164,154,1076,2009,697,469,230,319,1554,5591,1483,2602,6,181,172,1147,2177,712,478,241,331,1652,IND,Inde,FALSE,FALSE,FALSE
2018,Asie,JORDANIE,222,185,129,22,0,0,7,27,85,30,17,8,10,35,205,141,28,0,0,8,28,95,32,17,11,11,39,JOR,Jordanie,FALSE,FALSE,FALSE
2018,Asie,PALESTINE,261,217,187,6,0,2,2,19,72,38,38,9,13,47,249,213,6,0,2,5,23,77,44,39,12,18,59,PSE,Territoires palestiniens,FALSE,FALSE,FALSE
2018,Asie,SRI LANKA,235,153,60,12,2,5,9,65,87,12,11,2,2,36,698,385,17,9,24,14,249,525,18,24,30,8,93,LKA,Sri Lanka,FALSE,FALSE,FALSE
2018,Asie,SYRIE,206,1991,1676,40,7,24,112,132,602,330,167,256,82,554,2369,1959,41,11,37,133,188,718,386,195,298,101,671,SYR,Syrie,FALSE,FALSE,FALSE
2018,Asie,TAIWAN,236,1142,485,318,0,34,168,137,477,202,67,77,40,279,1231,516,329,0,37,199,150,525,214,68,79,42,303,TWN,Taïwan,FALSE,FALSE,FALSE
2018,Europe,ALBANIE,125,658,529,22,7,19,24,57,163,154,59,81,23,178,1025,768,33,8,28,35,153,200,254,78,149,41,303,ALB,Albanie,TRUE,FALSE,FALSE
2018,Europe,LETTONIE,107,121,81,16,0,0,11,13,54,17,10,8,2,31,167,112,22,0,2,11,20,67,24,15,10,5,46,LVA,Lettonie,TRUE,TRUE,TRUE
2018,Europe,LITUANIE,108,288,177,19,0,0,26,66,137,54,21,18,2,54,346,205,28,0,0,34,79,159,61,29,22,2,71,LTU,Lituanie,TRUE,TRUE,TRUE
2018,Europe,ROYAUME-UNI,132,2087,1473,234,2,35,77,267,727,386,202,169,58,545,4112,2926,411,12,102,157,504,1047,575,538,222,134,1596,GBR,Royaume-Uni,TRUE,TRUE,FALSE
2018,Europe,RUSSIE,123,3553,2531,408,2,65,148,398,1431,557,232,341,139,853,5177,3718,494,13,97,217,638,1855,714,401,582,198,1427,RUS,Russie,TRUE,FALSE,FALSE
2018,Europe,SAINT-MARIN,128,2,0,0,0,0,0,2,2,0,0,0,0,0,2,0,0,0,0,0,2,2,0,0,0,0,0,SMR,Saint-Marin,FALSE,FALSE,FALSE
2018,Europe,VATICAN,129,0,0,0,0,0,0,0,0,0,0,0,0,0,0,0,0,0,0,0,0,0,0,0,0,0,0,VAT,Vatican,TRUE,TRUE,FALSE
2018,Maghreb,ALGERIE,352,26005,23851,550,137,177,319,971,11275,2313,2128,2097,2451,5741,31196,27531,831,169,333,416,1916,13544,2852,2548,2430,2931,6891,DZA,Algérie,FALSE,FALSE,FALSE
2018,Maghreb,MAROC,350,34920,23048,4292,1461,3160,634,2325,8506,5315,3283,3569,3687,10560,41734,25870,5066,1528,4037,863,4370,10857,5861,4204,4082,4402,12328,MAR,Maroc,FALSE,FALSE,FALSE
2018,Nationalite non connue,"AUTRE PAYS, ETRANGER SANS AUTRE INDICATION",999,3028,27,714,0,166,292,1829,1181,325,161,155,332,874,5531,40,1081,2,806,629,2974,1634,538,409,287,941,1722,NA,NA,NA,NA,NA
2018,Océanie,TONGA,509,0,0,0,0,0,0,0,0,0,0,0,0,0,2,2,0,0,0,0,0,0,0,0,0,0,2,TON,Tonga,FALSE,FALSE,FALSE
2019,Afrique subsaharienne,BENIN,327,3387,2603,237,34,233,36,244,834,477,292,260,283,1241,3806,2812,291,37,246,54,366,1023,508,316,285,317,1357,BEN,Bénin,FALSE,FALSE,FALSE
2019,Afrique subsaharienne,BURUNDI,321,522,450,15,6,7,2,42,68,53,61,27,110,203,593,497,22,6,9,2,56,86,61,66,31,123,226,BDI,Burundi,FALSE,FALSE,FALSE
2019,Afrique subsaharienne,ERYTHREE,317,14,9,2,0,0,0,2,2,2,0,2,2,6,44,30,2,0,2,0,11,13,2,0,6,2,20,ERI,Erythrée,FALSE,FALSE,FALSE
2019,Afrique subsaharienne,GABON,328,4331,3355,443,115,140,28,250,678,563,529,408,490,1663,5396,3868,566,120,179,45,618,922,690,617,493,610,2064,GAB,Gabon,FALSE,FALSE,FALSE
2019,Afrique subsaharienne,REP. CENTRAFRICAINE,323,516,396,33,7,7,5,68,126,49,36,50,54,201,859,603,54,8,10,10,174,243,80,62,73,76,325,CAF,République centrafricaine,FALSE,FALSE,FALSE
2019,Afrique subsaharienne,REP. DEM. CONGO,312,1280,1034,69,2,11,12,150,378,176,85,161,117,363,2392,1714,117,10,27,24,500,932,283,128,217,218,614,COD,Congo (Rép. dém.),FALSE,FALSE,FALSE
2019,Afrique subsaharienne,RWANDA,340,355,287,11,5,2,2,44,80,68,37,24,53,93,590,457,20,6,14,5,88,127,107,41,41,110,164,RWA,Rwanda,FALSE,FALSE,FALSE
2019,Afrique subsaharienne,SIERRA LEONE,342,14,10,2,0,2,0,2,5,2,2,0,0,2,33,22,2,0,2,0,6,14,2,2,2,2,8,SLE,Sierra Leone,FALSE,FALSE,FALSE
2019,Afrique subsaharienne,TOGO,345,3033,2429,163,59,100,23,259,710,365,294,288,388,988,3554,2741,229,60,119,33,372,891,410,346,348,453,1106,TGO,Togo,FALSE,FALSE,FALSE
2019,Afrique subsaharienne,ZAMBIE,346,26,12,5,0,2,2,2,7,2,2,0,2,13,31,14,5,0,2,2,6,9,2,2,0,2,13,ZMB,Zambie,FALSE,FALSE,FALSE
2019,Afrique subsaharienne,ZIMBABWE,310,54,39,5,2,0,2,8,16,14,2,2,2,16,64,42,7,2,0,2,11,18,16,2,6,2,18,ZWE,Zimbabwe,FALSE,FALSE,FALSE
2019,Amérique,ANTIGUA-ET-BARBUDA,441,11,8,2,2,0,0,0,2,2,0,2,0,2,15,10,2,2,0,0,0,2,2,0,2,0,8,ATG,Antigua-et-Barbuda,FALSE,FALSE,FALSE
2019,Amérique,ARGENTINE,415,871,561,47,6,62,47,148,422,104,79,50,33,183,969,616,65,6,68,56,158,464,113,86,55,34,217,ARG,Argentine,FALSE,FALSE,FALSE
2019,Amérique,BARBADE,434,7,2,2,0,2,2,2,2,0,0,0,0,6,10,2,2,0,2,2,2,2,0,2,0,0,6,BRB,Barbade,FALSE,FALSE,FALSE
2019,Amérique,SAINT-VINCENT-ET-LES-GRENADINES,440,2,2,0,0,0,0,0,2,0,0,0,0,0,2,2,0,0,0,0,0,2,0,0,0,0,0,VCT,Saint-Vincent-et-les-Grenadines,FALSE,FALSE,FALSE
2019,Amérique,SALVADOR,414,191,131,19,2,14,8,18,43,60,32,10,5,41,252,165,30,2,15,11,30,59,70,36,33,6,48,SLV,Salvador,FALSE,FALSE,FALSE
2019,Amérique,VENEZUELA,424,764,567,45,2,25,50,74,280,116,115,49,26,178,880,632,52,2,40,60,92,324,130,121,54,34,217,VEN,Venezuela,FALSE,FALSE,FALSE
2019,Asie,AFGHANISTAN,212,287,220,8,0,6,2,49,76,45,22,28,23,93,464,328,16,2,9,10,98,119,60,34,66,33,152,AFG,Afghanistan,FALSE,FALSE,FALSE
2019,Asie,CHINE,216,27315,13260,7444,548,2205,1335,2523,9323,3827,2591,1832,1648,8094,29731,14300,7986,600,2378,1497,2970,10678,4075,2656,1914,1739,8669,CHN,Chine,FALSE,FALSE,FALSE
2019,Asie,INDE,223,6362,1388,3309,8,186,262,1209,2562,692,606,238,585,1679,6798,1509,3504,10,208,277,1290,2736,772,616,248,597,1829,IND,Inde,FALSE,FALSE,FALSE
2019,Asie,IRAN,204,2085,1672,59,2,12,77,261,707,343,125,338,83,489,2332,1832,72,5,17,94,312,824,358,137,372,95,546,IRN,Iran,FALSE,FALSE,FALSE
2019,Asie,JORDANIE,222,150,101,20,0,0,8,21,48,27,20,8,10,37,174,119,22,0,2,8,24,58,29,20,12,11,44,JOR,Jordanie,FALSE,FALSE,FALSE
2019,Asie,KIRGHIZISTAN,257,80,67,2,0,2,2,2,27,16,2,6,6,24,107,91,2,2,2,2,5,36,19,2,10,7,34,KGZ,Kirghizistan,FALSE,FALSE,FALSE
2019,Asie,TAIWAN,236,1154,484,354,0,11,172,133,487,196,68,70,38,295,1236,508,377,0,17,194,140,520,214,70,72,40,320,TWN,Taïwan,FALSE,FALSE,FALSE
2019,Asie,THAILANDE,219,436,245,90,0,11,22,68,144,68,71,22,16,115,561,316,100,2,13,29,102,183,86,78,33,22,159,THA,Thaïlande,FALSE,FALSE,FALSE
2019,Asie,TURQUIE,208,2535,1896,143,2,37,100,356,978,341,225,354,95,542,4449,3067,209,13,68,139,953,1676,524,315,608,180,1146,TUR,Turquie,TRUE,TRUE,FALSE
2019,Europe,DANEMARK,101,252,124,56,0,2,29,42,145,33,20,14,10,30,323,159,73,2,2,36,52,171,41,25,19,12,55,DNK,Danemark,TRUE,TRUE,TRUE
2019,Europe,IRLANDE,136,686,472,129,2,8,13,63,147,123,92,110,14,200,869,588,164,2,12,23,81,187,145,124,117,25,271,IRL,Irlande,TRUE,TRUE,TRUE
2019,Europe,ISLANDE,102,36,18,5,0,0,7,6,21,8,2,2,0,2,47,23,9,0,0,8,7,25,9,2,2,2,5,ISL,Islande,TRUE,TRUE,FALSE
2019,Europe,POLOGNE,122,1350,921,158,2,15,73,180,582,185,122,95,50,316,2175,1506,206,12,42,95,314,1032,250,164,146,94,489,POL,Pologne,TRUE,TRUE,TRUE
2019,Europe,PORTUGAL,139,1448,808,195,6,18,71,350,640,129,135,163,41,340,6970,4575,471,43,112,188,1581,3234,708,571,431,210,1816,PRT,Portugal,TRUE,TRUE,TRUE
2019,Europe,ROUMANIE,114,2604,2162,89,6,45,62,240,1132,287,204,291,85,605,3941,3149,142,18,75,94,463,1864,374,273,365,119,946,ROU,Roumanie,TRUE,FALSE,TRUE
2019,Europe,RUSSIE,123,3582,2531,441,6,75,168,361,1420,609,255,347,150,801,5290,3737,565,17,107,230,634,1891,775,390,597,210,1427,RUS,Russie,TRUE,FALSE,FALSE
2019,Europe,SERBIE,121,422,326,31,0,2,9,53,167,59,22,61,14,99,682,500,46,0,8,17,111,309,90,29,91,26,137,SRB,Serbie,TRUE,FALSE,FALSE
2019,Europe,SLOVENIE,145,101,58,11,0,2,9,19,44,10,6,10,6,25,116,66,13,0,5,11,21,51,11,6,12,7,29,SVN,Slovénie,TRUE,TRUE,TRUE
2019,Europe,SUISSE,140,1424,932,136,2,9,167,178,578,212,96,227,21,290,2128,1354,273,12,21,217,251,719,448,149,300,31,481,CHE,Suisse,TRUE,TRUE,FALSE
2019,Océanie,NAURU,507,2,0,2,0,0,0,0,0,0,0,0,0,2,5,0,5,0,0,0,0,0,0,0,0,0,5,NRU,Nauru,FALSE,FALSE,FALSE
2019,Océanie,PAPOUASIE-NOUVELLE-GUINEE,510,0,0,0,0,0,0,0,0,0,0,0,0,0,2,2,2,0,0,0,0,0,0,2,0,2,0,PNG,Papouasie-Nouvelle-Guinée,FALSE,FALSE,FALSE
2019,Océanie,VANUATU,514,2,2,0,0,2,0,0,2,0,0,0,0,2,14,11,2,0,2,0,2,2,0,2,0,2,5,VUT,Vanuatu,FALSE,FALSE,FALSE
2020,Afrique subsaharienne,CAMEROUN,322,6076,2879,1348,192,784,51,822,1948,530,355,882,434,1927,8329,4110,1711,209,858,75,1366,2968,762,477,1040,610,2472,CMR,Cameroun,FALSE,FALSE,FALSE
2020,Afrique subsaharienne,DJIBOUTI,399,717,651,24,2,7,2,30,85,74,131,61,89,277,853,738,34,2,12,5,60,98,90,151,69,107,338,DJI,Djibouti,FALSE,FALSE,FALSE
2020,Afrique subsaharienne,GABON,328,4497,3459,452,95,156,37,298,711,621,578,365,483,1739,5700,4052,624,100,190,55,679,961,795,688,464,615,2177,GAB,Gabon,FALSE,FALSE,FALSE
2020,Afrique subsaharienne,GHANA,329,431,284,43,2,36,6,61,75,76,60,31,47,142,495,334,45,2,36,6,73,95,81,62,37,48,172,GHA,Ghana,FALSE,FALSE,FALSE
2020,Afrique subsaharienne,LESOTHO,348,2,2,0,0,0,0,0,0,2,0,0,0,2,2,2,0,0,0,0,0,0,2,0,0,0,2,LSO,Lesotho,FALSE,FALSE,FALSE
2020,Afrique subsaharienne,NAMIBIE,311,13,2,2,0,2,2,2,5,2,2,0,0,5,20,5,6,0,2,2,7,5,5,2,0,0,8,NAM,Namibie,FALSE,FALSE,FALSE
2020,Afrique subsaharienne,NIGER,337,996,785,90,11,31,11,68,171,150,136,65,100,374,1097,840,102,12,36,16,91,194,163,147,68,108,417,NER,Niger,FALSE,FALSE,FALSE
2020,Afrique subsaharienne,NIGERIA,338,645,361,120,0,10,16,138,201,109,44,34,34,223,854,504,139,0,16,17,178,249,129,58,51,53,314,NGA,Nigéria,FALSE,FALSE,FALSE
2020,Afrique subsaharienne,REP. DEM. CONGO,312,1378,1063,89,6,11,21,188,412,192,84,131,163,396,2635,1828,158,10,26,32,581,1026,330,122,197,303,657,COD,Congo (Rép. dém.),FALSE,FALSE,FALSE
2020,Afrique subsaharienne,SAO TOME-ET-PRINCIPE,394,7,7,0,0,0,0,0,0,2,2,2,0,0,10,8,0,0,2,0,2,2,2,2,2,0,2,STP,Sao Tomé-et-Principe,FALSE,FALSE,FALSE
2020,Amérique,ANTIGUA-ET-BARBUDA,441,7,5,2,2,0,0,0,2,0,0,2,2,2,12,7,2,2,0,0,0,2,2,0,2,2,5,ATG,Antigua-et-Barbuda,FALSE,FALSE,FALSE
2020,Amérique,ARGENTINE,415,648,408,50,2,47,37,102,287,60,65,49,32,155,752,466,67,2,57,44,114,325,74,73,54,35,191,ARG,Argentine,FALSE,FALSE,FALSE
2020,Amérique,BOLIVIE,418,350,240,27,0,22,19,42,104,81,56,9,25,75,442,304,34,0,27,25,52,155,91,60,13,28,95,BOL,Bolivie,FALSE,FALSE,FALSE
2020,Amérique,GRENADE,435,15,9,0,0,0,0,6,7,0,2,0,0,7,17,9,2,0,0,0,7,9,0,2,0,0,7,GRD,Grenade,FALSE,FALSE,FALSE
2020,Amérique,GUYANA,428,16,9,2,0,0,2,2,7,2,2,0,0,6,90,65,2,2,0,2,20,17,2,10,2,5,51,GUY,Guyana,FALSE,FALSE,FALSE
2020,Amérique,NICARAGUA,412,65,55,2,2,0,2,5,13,13,22,2,0,15,78,64,2,2,0,2,8,18,16,24,2,2,17,NIC,Nicaragua,FALSE,FALSE,FALSE
2020,Asie,AFGHANISTAN,212,276,211,11,0,5,2,48,81,42,20,30,20,83,493,352,18,2,8,6,106,132,60,34,77,42,148,AFG,Afghanistan,FALSE,FALSE,FALSE
2020,Asie,BAHREIN,249,85,77,5,0,0,2,2,7,9,2,2,2,60,88,79,5,0,0,2,2,8,9,2,5,2,61,BHR,Bahreïn,FALSE,FALSE,FALSE
2020,Asie,JORDANIE,222,175,118,23,0,2,7,26,80,23,21,6,6,39,196,134,25,0,2,7,29,90,27,22,7,7,43,JOR,Jordanie,FALSE,FALSE,FALSE
2020,Asie,KIRGHIZISTAN,257,89,75,2,0,2,2,6,28,15,2,9,7,27,117,97,2,0,2,2,10,36,19,5,13,11,33,KGZ,Kirghizistan,FALSE,FALSE,FALSE
2020,Asie,LAOS,241,69,52,7,2,2,2,6,15,31,2,2,8,7,102,67,8,2,2,2,22,33,36,6,8,8,11,LAO,Laos,FALSE,FALSE,FALSE
2020,Asie,LIBAN,205,7272,4821,777,105,457,252,860,2688,1002,734,484,522,1842,8032,5147,932,130,510,307,1006,3006,1118,780,539,588,2001,LBN,Liban,FALSE,FALSE,FALSE
2020,Asie,MALDIVES,229,22,21,0,0,0,0,2,2,0,19,0,0,2,25,22,2,0,0,0,2,2,0,19,0,0,2,MDV,Maldives,FALSE,FALSE,FALSE
2020,Asie,MONGOLIE,242,96,58,5,0,2,11,20,32,12,9,13,2,28,247,170,8,2,2,14,49,66,34,14,22,12,99,MNG,Mongolie,FALSE,FALSE,FALSE
2020,Asie,OMAN,250,88,84,2,0,0,0,2,11,8,5,18,2,44,95,88,2,0,0,0,5,15,9,5,18,2,45,OMN,Oman,FALSE,FALSE,FALSE
2020,Asie,PAKISTAN,213,557,338,76,0,2,6,133,182,84,51,43,45,152,911,563,99,2,14,8,226,438,101,56,70,66,180,PAK,Pakistan,FALSE,FALSE,FALSE
2020,Asie,PHILIPPINES,220,251,124,63,0,2,12,48,118,34,14,11,14,60,429,219,77,2,7,15,108,230,46,20,11,19,103,PHL,Philippines,FALSE,FALSE,FALSE
2020,Asie,QATAR,248,108,99,2,0,2,0,2,10,2,2,2,2,90,112,99,5,0,2,2,5,12,2,2,2,2,91,QAT,Qatar,FALSE,FALSE,FALSE
2020,Asie,TIMOR ORIENTAL,262,2,0,2,0,0,0,0,0,0,0,0,0,2,2,0,2,0,0,0,0,0,0,0,0,0,2,TLS,Timor oriental,FALSE,FALSE,FALSE
2020,Europe,AUTRICHE,110,419,212,72,2,6,25,103,241,42,28,37,11,60,507,242,96,2,12,32,121,280,53,29,46,18,81,AUT,Autriche,TRUE,TRUE,TRUE
2020,Europe,ESPAGNE,134,5697,3707,633,61,399,168,729,2037,648,994,454,220,1344,9004,5975,873,80,509,246,1321,2713,978,1849,654,395,2415,ESP,Espagne,TRUE,TRUE,TRUE
2020,Europe,FINLANDE,105,204,99,45,2,2,18,37,102,25,14,13,10,40,271,134,58,2,7,26,45,126,40,18,21,13,53,FIN,Finlande,TRUE,TRUE,TRUE
2020,Europe,KOSOVO,157,110,47,2,0,2,5,52,23,21,2,22,7,35,600,372,8,5,2,9,203,58,170,20,176,30,146,XKX,Kosovo,FALSE,FALSE,FALSE
2020,Europe,LETTONIE,107,135,85,15,0,2,15,19,59,16,15,11,8,26,184,115,17,0,2,21,28,73,23,23,11,10,44,LVA,Lettonie,TRUE,TRUE,TRUE
2020,Europe,MALTE,144,16,11,2,0,0,2,2,6,2,2,2,2,2,22,14,2,0,0,2,2,8,2,2,2,2,2,MLT,Malte,TRUE,FALSE,TRUE
2020,Europe,SUISSE,140,1353,839,174,2,13,155,171,543,196,79,248,29,258,2023,1216,332,7,26,203,239,704,379,130,310,44,456,CHE,Suisse,TRUE,TRUE,FALSE
2020,Europe,UKRAINE,155,1121,845,78,2,38,60,97,386,169,97,128,70,271,1637,1206,108,5,52,81,185,627,227,135,176,91,381,UKR,Ukraine,TRUE,FALSE,FALSE
2020,Maghreb,MAROC,350,37168,23225,5037,1588,4041,665,2612,8815,5266,3642,3744,4036,11665,44933,26197,6781,1675,4507,870,4903,11205,6176,4819,4313,4765,13655,MAR,Maroc,FALSE,FALSE,FALSE
2020,Maghreb,TUNISIE,351,10820,7306,912,265,909,241,1187,4610,1224,1028,696,635,2627,13152,8527,1214,298,1048,278,1787,5671,1539,1169,801,724,3248,TUN,Tunisie,FALSE,FALSE,FALSE
2020,Océanie,AUSTRALIE,501,234,88,59,0,2,19,65,142,14,10,6,13,49,283,110,72,0,6,24,71,163,19,14,6,16,65,AUS,Australie,FALSE,TRUE,FALSE
2020,Océanie,ILES MARSHALL,515,5,0,0,0,2,2,2,2,0,0,0,0,2,9,0,2,0,2,5,2,2,0,0,0,0,8,MHL,Îles Marshall,FALSE,FALSE,FALSE
2020,Océanie,ILES SALOMON,512,2,2,0,0,0,0,0,0,0,0,0,0,2,2,2,0,0,0,0,0,0,0,0,0,0,2,SLB,Îles Salomon,FALSE,FALSE,FALSE
2020,Océanie,PAPOUASIE-NOUVELLE-GUINEE,510,2,0,2,0,0,0,2,2,2,0,0,0,2,5,2,2,0,0,0,2,2,2,2,0,2,2,PNG,Papouasie-Nouvelle-Guinée,FALSE,FALSE,FALSE
2021,Afrique subsaharienne,COTE D'IVOIRE,326,8517,5486,1733,95,429,72,702,2518,1146,714,557,660,2922,10725,6671,2087,100,477,110,1280,3608,1333,843,660,807,3474,CIV,Côte dIvoire,FALSE,FALSE,FALSE
2021,Afrique subsaharienne,GUINEE,330,3173,2667,206,23,49,20,208,699,425,304,255,311,1179,4072,3146,271,29,70,27,529,1001,502,353,313,456,1447,GIN,Guinée,FALSE,FALSE,FALSE
2021,Afrique subsaharienne,LIBERIA,302,10,5,2,0,0,0,2,2,0,0,2,2,2,14,7,2,0,0,0,6,6,0,2,2,2,2,LBR,Liberia,FALSE,FALSE,FALSE
2021,Afrique subsaharienne,NAMIBIE,311,9,2,2,0,2,0,2,2,2,2,0,0,2,12,2,6,0,2,0,2,2,2,2,0,0,6,NAM,Namibie,FALSE,FALSE,FALSE
2021,Afrique subsaharienne,NIGER,337,1046,794,112,10,38,8,84,210,168,123,61,102,382,1162,855,132,11,45,12,107,244,180,134,69,109,426,NER,Niger,FALSE,FALSE,FALSE
2021,Afrique subsaharienne,NIGERIA,338,787,445,163,2,11,20,147,238,123,57,54,41,274,1019,601,179,2,15,23,200,296,140,68,75,69,371,NGA,Nigéria,FALSE,FALSE,FALSE
2021,Amérique,ANTIGUA-ET-BARBUDA,441,7,6,2,0,0,0,0,2,2,0,2,2,2,10,7,2,0,0,0,0,2,2,0,2,2,2,ATG,Antigua-et-Barbuda,FALSE,FALSE,FALSE
2021,Amérique,GUATEMALA,409,172,106,17,2,10,11,26,50,43,14,16,9,40,218,132,29,2,10,14,31,61,50,21,21,10,55,GTM,Guatemala,FALSE,FALSE,FALSE
2021,Amérique,MEXIQUE,405,2945,1806,508,13,170,114,334,942,386,332,244,194,847,3195,1932,561,17,181,132,372,1012,411,372,269,205,926,MEX,Mexique,FALSE,TRUE,FALSE
2021,Amérique,REPUBLIQUE DOMINICAINE,408,139,45,29,2,2,6,57,28,7,25,5,2,73,193,65,33,2,2,8,83,39,10,35,6,2,101,DOM,République dominicaine,FALSE,FALSE,FALSE
2021,Amérique,SURINAME,437,15,2,0,0,0,0,13,0,0,0,0,0,15,189,138,2,0,0,0,50,2,5,6,7,9,159,SUR,Suriname,FALSE,FALSE,FALSE
2021,Asie,INDE,223,5937,1275,3526,8,103,167,858,2809,558,377,272,527,1394,6321,1417,3636,10,118,190,950,3019,586,394,283,550,1489,IND,Inde,FALSE,FALSE,FALSE
2021,Asie,KOWEIT,240,117,104,7,0,0,2,2,23,21,34,17,2,19,127,112,8,0,0,2,2,27,22,35,18,2,22,KWT,Koweït,FALSE,FALSE,FALSE
2021,Asie,MALDIVES,229,10,6,2,0,0,2,2,2,2,6,0,0,0,10,6,2,0,0,2,2,2,2,6,0,0,0,MDV,Maldives,FALSE,FALSE,FALSE
2021,Asie,SRI LANKA,235,213,72,27,0,20,7,87,123,19,11,7,2,51,975,564,52,8,43,11,297,737,31,20,40,17,130,LKA,Sri Lanka,FALSE,FALSE,FALSE
2021,Asie,TAIWAN,236,873,351,296,0,9,126,91,425,143,43,51,45,166,969,380,330,0,13,152,94,467,167,46,52,46,191,TWN,Taïwan,FALSE,FALSE,FALSE
2021,Asie,THAILANDE,219,395,199,104,0,5,18,69,143,47,59,23,14,109,523,275,114,0,5,23,106,192,66,69,29,22,145,THA,Thaïlande,FALSE,FALSE,FALSE
2021,Asie,YEMEN,251,227,197,5,6,2,2,14,32,52,29,30,16,68,253,218,6,6,2,2,17,36,57,33,31,17,79,YEM,Yémen,FALSE,FALSE,FALSE
2021,Europe,FINLANDE,105,320,169,82,2,2,21,43,120,56,25,20,11,88,407,215,101,2,7,27,56,153,66,33,27,14,114,FIN,Finlande,TRUE,TRUE,TRUE
2021,Europe,ITALIE,127,13305,8282,2771,36,251,299,1666,6386,1874,946,806,473,2820,19184,12389,3186,91,378,425,2715,7836,3171,1517,1373,764,4523,ITA,Italie,TRUE,TRUE,TRUE
2021,Europe,KOSOVO,157,115,52,2,0,2,2,54,19,25,2,27,9,32,617,412,12,2,5,6,180,54,150,16,215,29,153,XKX,Kosovo,FALSE,FALSE,FALSE
2021,Europe,LETTONIE,107,113,65,16,0,0,11,21,52,8,14,11,8,20,172,99,22,0,2,17,30,69,19,20,12,9,43,LVA,Lettonie,TRUE,TRUE,TRUE
2021,Europe,LIECHTENSTEIN,113,7,2,2,0,0,0,0,2,2,0,0,0,2,7,2,2,0,0,0,0,2,2,0,0,0,2,LIE,Liechtenstein,TRUE,FALSE,FALSE
2021,Europe,LITUANIE,108,260,132,35,0,2,21,71,130,33,19,12,8,58,317,167,47,0,2,24,78,145,39,29,15,11,78,LTU,Lituanie,TRUE,TRUE,TRUE
2021,Europe,MALTE,144,27,13,2,0,0,2,6,12,2,2,2,2,8,33,15,5,0,0,6,7,14,2,2,2,2,9,MLT,Malte,TRUE,FALSE,TRUE
2021,Europe,NORVEGE,103,510,240,136,0,39,15,80,159,94,105,20,13,119,581,278,152,0,44,19,88,185,103,118,22,14,139,NOR,Norvège,TRUE,TRUE,FALSE
2021,Europe,PAYS-BAS,135,768,357,185,2,11,22,192,305,91,84,40,81,167,1532,866,265,8,47,41,305,481,204,188,79,145,435,NLD,Pays-Bas,TRUE,TRUE,TRUE
2021,Europe,POLOGNE,122,1449,957,196,2,12,70,210,619,206,132,103,70,319,2351,1601,247,17,51,87,348,1080,295,193,155,114,514,POL,Pologne,TRUE,TRUE,TRUE
2021,Europe,ROYAUME-UNI,132,2203,1447,357,0,32,94,273,869,397,266,111,59,501,3960,2681,536,17,95,151,480,1145,586,561,159,109,1400,GBR,Royaume-Uni,TRUE,TRUE,FALSE
2021,Europe,SERBIE,121,376,264,26,0,2,10,74,176,26,35,48,13,78,624,442,37,0,5,14,126,302,53,45,81,21,122,SRB,Serbie,TRUE,FALSE,FALSE
2021,Europe,SLOVENIE,145,88,48,15,0,2,12,10,40,7,2,10,2,24,99,54,18,0,2,12,11,47,7,2,10,2,28,SVN,Slovénie,TRUE,TRUE,TRUE
2021,Maghreb,LIBYE,316,197,169,17,0,2,2,7,38,16,28,21,24,70,287,233,25,2,10,2,14,63,30,33,30,33,98,LBY,Libye,FALSE,FALSE,FALSE
2021,Maghreb,MAURITANIE,336,904,666,59,35,82,2,59,259,107,82,62,83,311,1119,787,92,37,90,5,108,363,122,87,85,98,364,MRT,Mauritanie,FALSE,FALSE,FALSE
2021,Maghreb,TUNISIE,351,11198,7495,1054,278,954,196,1221,4906,1311,1106,667,567,2641,13658,8809,1425,315,1079,235,1795,6076,1574,1262,792,671,3283,TUN,Tunisie,FALSE,FALSE,FALSE
2021,Océanie,FIDJI,508,6,2,0,0,0,0,2,2,2,0,0,2,2,17,6,0,0,2,2,8,5,2,0,2,2,6,FJI,Fidji,FALSE,FALSE,FALSE
2021,Océanie,MICRONESIE,516,0,0,0,0,0,0,0,0,0,0,0,0,0,2,2,0,0,0,0,0,0,0,2,0,0,0,FSM,Micronésie,FALSE,FALSE,FALSE
2021,Océanie,PAPOUASIE-NOUVELLE-GUINEE,510,2,0,2,0,0,0,2,2,2,0,0,0,2,2,0,2,0,0,0,2,2,2,0,0,0,2,PNG,Papouasie-Nouvelle-Guinée,FALSE,FALSE,FALSE
2021,Océanie,TUVALU,511,0,0,0,0,0,0,0,0,0,0,0,0,0,2,0,0,0,0,0,2,0,0,0,0,0,2,TUV,Tuvalu,FALSE,FALSE,FALSE
2022,Afrique subsaharienne,COMORES,397,1651,1422,25,15,12,7,170,538,146,113,49,70,735,3798,2657,43,17,18,9,1054,699,321,275,97,117,2289,COM,Comores,FALSE,FALSE,FALSE
2022,Afrique subsaharienne,NAMIBIE,311,8,2,2,0,0,2,0,7,2,0,0,0,0,9,2,5,0,0,2,0,7,2,0,0,0,2,NAM,Namibie,FALSE,FALSE,FALSE
2022,Afrique subsaharienne,OUGANDA,339,57,33,6,0,2,2,16,25,7,5,2,8,9,69,41,7,0,2,2,19,28,9,6,2,9,14,UGA,Uganda,FALSE,FALSE,FALSE
2022,Afrique subsaharienne,REP. CENTRAFRICAINE,323,495,399,31,6,11,0,48,108,60,51,41,50,185,873,617,59,6,18,5,168,237,92,76,74,76,318,CAF,République centrafricaine,FALSE,FALSE,FALSE
2022,Afrique subsaharienne,RWANDA,340,332,232,33,2,6,5,52,87,61,23,24,50,87,532,373,47,6,11,8,87,138,96,31,41,84,142,RWA,Rwanda,FALSE,FALSE,FALSE
2022,Amérique,COLOMBIE,419,3694,2347,530,71,231,140,375,1200,546,527,307,124,990,4157,2621,586,74,260,176,440,1394,600,577,332,139,1115,COL,Colombie,FALSE,TRUE,FALSE
2022,Amérique,HONDURAS,411,160,119,7,2,5,9,18,39,30,31,9,8,43,202,150,10,2,5,11,24,48,35,37,25,8,49,HND,Honduras,FALSE,FALSE,FALSE
2022,Amérique,PARAGUAY,421,72,51,8,0,2,2,6,27,6,16,5,2,17,98,66,10,0,5,2,14,40,8,18,9,2,22,PRY,Paraguay,FALSE,FALSE,FALSE
2022,Amérique,SALVADOR,414,225,145,37,2,11,6,25,54,59,42,16,9,45,273,180,40,2,14,7,31,67,65,44,32,11,54,SLV,Salvador,FALSE,FALSE,FALSE
2022,Asie,ARABIE SAOUDITE,201,595,474,58,2,2,7,54,147,79,53,51,36,229,647,512,64,2,2,9,60,167,85,56,52,36,251,SAU,Arabie Saoudite,FALSE,FALSE,FALSE
2022,Asie,BHOUTAN,214,2,2,2,0,0,2,0,2,2,0,0,0,0,2,2,2,0,0,2,0,2,2,0,0,0,2,BTN,Bhoutan,FALSE,FALSE,FALSE
2022,Asie,CHYPRE,254,185,140,19,0,2,12,11,60,22,28,27,10,38,205,152,24,0,2,15,11,70,23,29,32,10,41,CYP,Chypre,TRUE,FALSE,TRUE
2022,Asie,NEPAL,215,164,83,48,0,0,2,30,45,22,23,14,2,56,198,105,50,0,0,2,39,70,22,25,16,5,60,NPL,Népal,FALSE,FALSE,FALSE
2022,Asie,TAIWAN,236,964,377,377,2,5,106,98,410,173,39,70,49,223,1051,405,404,2,8,127,106,453,194,40,70,50,244,TWN,Taïwan,FALSE,FALSE,FALSE
2022,Asie,VIETNAM,243,4844,3545,404,18,279,98,500,1295,724,416,171,230,2008,5254,3773,471,23,298,110,579,1456,771,441,186,243,2157,VNM,Viêt Nam,FALSE,FALSE,FALSE
2022,Europe,ALBANIE,125,559,434,34,0,21,21,49,126,139,60,62,26,146,1355,934,73,5,41,31,271,191,345,121,212,69,417,ALB,Albanie,TRUE,FALSE,FALSE
2022,Europe,ALLEMAGNE,109,7226,4638,1287,27,148,212,914,2937,852,486,977,239,1735,8490,5416,1460,46,197,255,1116,3297,1002,607,1234,282,2068,DEU,Allemagne,TRUE,TRUE,TRUE
2022,Europe,ANDORRE,130,317,254,8,2,13,2,38,30,21,236,2,2,24,364,284,11,2,16,5,45,39,31,252,6,2,32,AND,Andorre,TRUE,FALSE,FALSE
2022,Europe,CROATIE,119,205,108,58,0,2,11,26,81,14,21,16,6,67,249,138,62,0,5,12,32,107,19,22,20,8,73,HRV,Croatie,TRUE,FALSE,TRUE
2022,Europe,DANEMARK,101,290,133,75,0,6,27,49,158,52,20,18,7,35,366,171,95,2,7,33,59,186,60,30,28,12,50,DNK,Danemark,TRUE,TRUE,TRUE
2022,Europe,ITALIE,127,13288,8140,2989,40,248,326,1545,6700,1851,903,761,504,2569,20028,12575,3460,107,413,440,3033,8265,3368,1572,1460,828,4535,ITA,Italie,TRUE,TRUE,TRUE
2022,Europe,LETTONIE,107,139,73,27,0,2,16,20,64,11,14,11,12,27,204,108,35,0,7,22,32,85,22,21,13,14,49,LVA,Lettonie,TRUE,TRUE,TRUE
2022,Europe,LITUANIE,108,283,148,50,0,2,26,58,142,38,18,16,10,59,336,181,59,0,2,31,64,161,43,23,19,15,75,LTU,Lituanie,TRUE,TRUE,TRUE
2022,Europe,MACEDOINE,156,107,84,12,0,2,0,9,32,11,12,15,2,35,155,111,23,0,2,2,17,40,22,12,27,5,49,MKD,Macédoine du Nord,TRUE,FALSE,FALSE
2022,Europe,PAYS-BAS,135,861,425,187,2,7,45,196,363,95,107,40,82,174,1627,911,259,8,37,69,343,558,203,220,78,148,420,NLD,Pays-Bas,TRUE,TRUE,TRUE
2022,Europe,PORTUGAL,139,1560,858,321,7,39,94,241,700,150,156,160,62,332,7751,4991,719,41,161,209,1630,3393,872,691,463,269,2063,PRT,Portugal,TRUE,TRUE,TRUE
2022,Europe,ROYAUME-UNI,132,2002,1294,315,2,29,119,241,805,336,242,122,45,452,3594,2349,492,21,87,175,470,1073,500,495,171,104,1251,GBR,Royaume-Uni,TRUE,TRUE,FALSE
2022,Europe,RUSSIE,123,3243,2088,493,2,78,194,387,1425,473,245,301,124,675,5246,3469,622,14,120,249,772,1963,646,426,614,189,1408,RUS,Russie,TRUE,FALSE,FALSE
2022,Europe,SAINT-MARIN,128,5,5,0,0,0,0,0,2,0,2,2,2,2,7,6,0,0,0,2,0,2,2,2,2,2,2,SMR,Saint-Marin,FALSE,FALSE,FALSE
2022,Europe,SLOVAQUIE,117,275,191,20,2,2,10,50,100,34,18,31,12,80,349,239,29,2,5,13,60,119,47,24,47,16,96,SVK,Slovaquie,TRUE,TRUE,TRUE
2022,Europe,SLOVENIE,145,98,50,19,0,2,12,13,46,11,2,9,5,23,117,60,26,0,5,12,14,53,13,2,10,6,31,SVN,Slovénie,TRUE,TRUE,TRUE
2022,Maghreb,MAURITANIE,336,913,644,64,36,78,2,90,277,100,78,70,91,297,1134,784,91,36,86,2,133,377,115,91,86,106,359,MRT,Mauritanie,FALSE,FALSE,FALSE
2022,Maghreb,TUNISIE,351,11755,7464,1136,263,1078,201,1613,5296,1387,1204,613,631,2624,14291,8862,1506,305,1194,233,2191,6534,1656,1346,771,747,3237,TUN,Tunisie,FALSE,FALSE,FALSE
2023,Afrique subsaharienne,AFRIQUE DU SUD,303,258,112,84,2,2,23,35,115,22,30,15,7,69,307,136,91,2,2,29,46,134,24,33,17,12,87,ZAF,Afrique du Sud,FALSE,FALSE,FALSE
2023,Afrique subsaharienne,CAP-VERT,396,47,34,6,0,2,0,6,18,7,5,2,5,9,237,148,16,0,2,2,69,147,18,10,2,11,47,CPV,Cap Vert,FALSE,FALSE,FALSE
2023,Afrique subsaharienne,ETHIOPIE,315,283,221,18,2,5,2,34,39,51,70,12,13,98,371,276,25,2,8,7,51,56,65,80,20,19,131,ETH,Ethiopie,FALSE,FALSE,FALSE
2023,Afrique subsaharienne,GUINEE,330,2898,2372,220,24,50,25,207,688,401,270,222,259,1058,3978,2979,307,32,75,31,554,1054,509,326,281,417,1391,GIN,Guinée,FALSE,FALSE,FALSE
2023,Afrique subsaharienne,GUINEE EQUATORIALE,314,49,38,5,0,2,0,5,7,7,9,2,6,16,76,55,7,2,2,0,12,21,9,14,6,6,20,GNQ,Guinée-Équatoriale,FALSE,FALSE,FALSE
2023,Afrique subsaharienne,KENYA,332,211,136,32,0,2,5,36,70,31,26,14,2,66,244,158,35,0,2,5,42,80,33,28,16,5,82,KEN,Kenya,FALSE,FALSE,FALSE
2023,Afrique subsaharienne,LIBERIA,302,10,2,2,0,0,0,2,2,0,0,2,2,2,20,10,5,0,0,2,2,8,2,2,2,2,6,LBR,Liberia,FALSE,FALSE,FALSE
2023,Afrique subsaharienne,MALAWI,334,16,14,2,0,0,0,0,2,2,0,0,0,11,17,14,2,0,0,0,0,2,2,0,0,0,11,MWI,Malawi,FALSE,FALSE,FALSE
2023,Afrique subsaharienne,MAURICE,390,1206,832,97,23,26,121,107,418,120,143,55,61,409,1567,1052,131,23,38,139,184,576,164,161,74,73,519,MUS,Ile Maurice,FALSE,FALSE,FALSE
2023,Afrique subsaharienne,NIGER,337,896,651,122,11,36,7,69,210,129,115,57,92,293,1033,717,166,11,39,7,93,266,144,135,63,101,324,NER,Niger,FALSE,FALSE,FALSE
2023,Afrique subsaharienne,NIGERIA,338,865,477,182,2,16,29,159,241,125,73,54,53,319,1181,681,205,2,19,33,239,334,151,82,88,94,432,NGA,Nigéria,FALSE,FALSE,FALSE
2023,Afrique subsaharienne,REP. CENTRAFRICAINE,323,524,395,63,5,10,2,50,126,63,50,44,58,183,930,620,104,6,17,8,175,255,96,82,84,83,330,CAF,République centrafricaine,FALSE,FALSE,FALSE
2023,Afrique subsaharienne,RWANDA,340,353,234,40,2,8,6,62,92,72,22,25,55,87,563,373,56,2,15,10,105,142,100,32,41,96,152,RWA,Rwanda,FALSE,FALSE,FALSE
2023,Afrique subsaharienne,TANZANIE,309,58,17,22,0,0,2,18,15,6,18,2,2,15,64,20,22,0,0,2,21,17,6,18,2,2,18,TZA,Tanzanie,FALSE,FALSE,FALSE
2023,Afrique subsaharienne,ZIMBABWE,310,69,45,7,0,2,2,13,16,15,2,2,5,25,73,48,7,0,2,2,14,17,15,2,5,5,27,ZWE,Zimbabwe,FALSE,FALSE,FALSE
2023,Amérique,ANTIGUA-ET-BARBUDA,441,11,2,6,0,0,0,2,5,2,0,0,2,2,13,2,7,0,0,0,2,7,2,0,0,2,2,ATG,Antigua-et-Barbuda,FALSE,FALSE,FALSE
2023,Amérique,BELIZE,429,2,2,2,0,0,2,0,2,0,0,0,0,2,2,2,2,0,0,2,0,2,0,0,0,0,2,BLZ,Belize,FALSE,FALSE,FALSE
2023,Amérique,BRESIL,416,4617,2486,507,83,885,143,513,1742,766,409,260,477,963,5527,3109,580,85,939,173,641,2075,856,486,296,524,1290,BRA,Brésil,FALSE,FALSE,FALSE
2023,Amérique,CANADA,401,1930,1107,354,6,54,105,304,870,337,170,142,51,360,2245,1259,434,7,72,117,356,1010,385,190,154,69,437,CAN,Canada,FALSE,TRUE,FALSE
2023,Amérique,DOMINIQUE,438,46,38,2,0,0,2,5,12,2,2,2,2,25,123,94,2,2,2,2,22,20,5,7,2,7,80,DMA,Dominique,FALSE,FALSE,FALSE
2023,Amérique,GUATEMALA,409,178,109,24,2,6,11,26,53,31,23,14,6,51,225,135,33,2,7,17,31,69,40,25,24,8,59,GTM,Guatemala,FALSE,FALSE,FALSE
2023,Amérique,MEXIQUE,405,2867,1648,678,2,106,129,303,991,387,312,247,172,758,3126,1785,730,7,121,149,334,1094,406,333,278,181,834,MEX,Mexique,FALSE,TRUE,FALSE
2023,Amérique,REPUBLIQUE DOMINICAINE,408,136,49,38,0,0,2,46,24,9,30,5,7,61,182,69,42,0,2,2,67,33,14,36,6,8,85,DOM,République dominicaine,FALSE,FALSE,FALSE
2023,Amérique,SAINT-CHRISTOPHE-ET-NIEVES,442,9,2,7,0,0,0,0,8,0,0,0,0,2,12,2,7,0,0,0,2,9,2,0,2,0,2,KNA,Saint-Christophe-et-Niévès,FALSE,FALSE,FALSE
2023,Amérique,SAINT-VINCENT-ET-LES-GRENADINES,440,5,5,0,0,0,0,0,2,2,0,0,0,2,5,5,0,0,0,0,0,2,2,0,0,0,2,VCT,Saint-Vincent-et-les-Grenadines,FALSE,FALSE,FALSE
2023,Amérique,SAINTE-LUCIE,439,36,35,0,2,0,0,0,2,2,0,2,0,33,57,51,0,2,0,0,5,2,2,0,2,2,50,LCA,Sainte-Lucie,FALSE,FALSE,FALSE
2023,Amérique,TRINITE-ET-TOBAGO,433,32,22,5,2,0,2,2,10,6,5,2,0,9,34,23,6,2,0,2,2,11,7,5,2,0,9,TTO,Trinité et Tobago,FALSE,FALSE,FALSE
2023,Amérique,URUGUAY,423,129,69,17,0,19,7,17,61,6,14,7,7,34,141,76,18,0,20,9,18,63,9,17,8,8,36,URY,Uruguay,FALSE,FALSE,FALSE
2023,Asie,ARABIE SAOUDITE,201,555,425,72,0,2,5,51,137,82,44,40,38,214,604,450,84,0,2,8,59,159,88,46,42,38,231,SAU,Arabie Saoudite,FALSE,FALSE,FALSE
2023,Asie,BRUNEI,225,11,6,2,0,0,2,2,2,0,2,0,2,2,12,6,2,0,0,2,2,5,0,2,0,2,2,BRN,Brunei,FALSE,FALSE,FALSE
2023,Asie,EMIRATS ARABES UNIS,247,301,267,24,0,2,2,6,217,8,20,11,9,36,324,279,31,0,2,2,9,225,15,21,11,9,43,ARE,Emirats arabes unis,FALSE,FALSE,FALSE
2023,Asie,JAPON,217,1443,795,207,2,34,222,183,669,201,92,106,62,313,1652,903,217,5,52,265,210,780,230,103,111,71,357,JPN,Japon,FALSE,TRUE,FALSE
2023,Asie,KOWEIT,240,102,88,9,0,0,2,2,20,12,27,16,2,23,112,96,9,0,0,2,5,23,12,34,16,2,23,KWT,Koweït,FALSE,FALSE,FALSE
2023,Asie,LAOS,241,73,49,6,2,2,2,12,23,15,11,2,6,15,100,65,6,2,2,5,22,31,18,16,6,6,23,LAO,Laos,FALSE,FALSE,FALSE
2023,Asie,LIBAN,205,10245,6807,1319,175,640,290,1014,4122,1409,996,587,767,2364,11234,7310,1513,178,718,355,1160,4657,1515,1042,692,798,2530,LBN,Liban,FALSE,FALSE,FALSE
2023,Asie,MONGOLIE,242,113,78,15,2,0,8,11,52,8,9,21,2,20,277,191,25,2,5,16,39,95,23,17,34,10,98,MNG,Mongolie,FALSE,FALSE,FALSE
2023,Asie,OMAN,250,72,66,2,0,0,2,2,6,13,16,6,7,24,80,68,9,0,2,2,2,12,13,16,6,7,26,OMN,Oman,FALSE,FALSE,FALSE
2023,Asie,OUZBEKISTAN,258,134,101,13,0,0,7,13,57,14,8,14,2,37,165,125,15,0,2,9,15,63,17,10,19,5,51,UZB,Ouzbékistan,FALSE,FALSE,FALSE
2023,Asie,PHILIPPINES,220,388,228,97,0,2,16,45,140,39,80,27,23,79,629,358,111,5,7,21,127,293,52,87,30,25,142,PHL,Philippines,FALSE,FALSE,FALSE
2023,Asie,SRI LANKA,235,184,84,35,2,18,15,31,80,17,12,8,2,64,1097,662,64,14,51,20,286,826,35,23,42,18,153,LKA,Sri Lanka,FALSE,FALSE,FALSE
2023,Asie,TURQUIE,208,3338,2565,216,8,88,168,293,1385,442,334,392,148,637,4912,3532,302,17,127,209,725,1906,605,404,632,232,1133,TUR,Turquie,TRUE,TRUE,FALSE
2023,Europe,BELGIQUE,131,2997,1943,438,9,44,168,395,1283,293,234,189,393,605,4944,3152,629,23,145,274,721,1782,525,530,330,623,1154,BEL,Belgique,TRUE,TRUE,TRUE
2023,Europe,ESPAGNE,134,6497,4182,888,30,315,208,874,2384,819,996,524,265,1509,12087,7934,1155,73,454,304,2167,3526,1345,2468,826,579,3343,ESP,Espagne,TRUE,TRUE,TRUE
2023,Europe,ITALIE,127,13280,7913,3200,39,236,358,1534,6879,1740,884,822,508,2447,21037,12968,3725,117,448,515,3264,8718,3494,1655,1651,865,4654,ITA,Italie,TRUE,TRUE,TRUE
2023,Europe,MOLDAVIE,151,258,229,6,0,2,8,12,68,34,17,52,13,74,564,410,24,2,9,19,100,284,48,23,66,16,127,MDA,Moldavie,TRUE,FALSE,FALSE
2023,Europe,MONACO,138,188,118,23,2,2,13,29,56,10,12,2,6,100,322,177,50,2,10,30,51,99,22,18,7,11,165,MCO,Monaco,FALSE,FALSE,FALSE
2023,Europe,PORTUGAL,139,1626,892,328,6,34,95,271,735,154,157,169,78,333,7762,4985,747,36,154,230,1610,3436,868,698,450,291,2019,PRT,Portugal,TRUE,TRUE,TRUE
2023,Europe,ROYAUME-UNI,132,1914,1212,360,2,17,90,231,800,317,206,117,56,418,3359,2145,520,22,69,150,453,1070,469,421,157,101,1141,GBR,Royaume-Uni,TRUE,TRUE,FALSE
2023,Europe,SUEDE,104,693,301,193,2,14,70,113,341,135,52,41,18,106,828,368,220,2,19,83,134,397,147,60,48,29,147,SWE,Suède,TRUE,TRUE,TRUE
2023,Nationalite non connue,"AUTRE PAYS, ETRANGER SANS AUTRE INDICATION",999,2112,22,215,0,5,7,1863,835,248,122,155,150,602,5277,30,281,0,744,9,4213,2753,445,276,268,268,1267,NA,NA,NA,NA,NA
2023,Océanie,FIDJI,508,5,2,2,0,0,2,0,2,0,2,0,0,2,14,5,2,0,0,2,5,5,2,2,0,0,5,FJI,Fidji,FALSE,FALSE,FALSE
2023,Océanie,PAPOUASIE-NOUVELLE-GUINEE,510,2,0,2,0,0,0,2,0,2,0,0,0,2,2,0,2,0,0,0,2,0,2,0,0,0,2,PNG,Papouasie-Nouvelle-Guinée,FALSE,FALSE,FALSE
2023,Océanie,VANUATU,514,9,5,2,2,2,2,0,2,2,0,2,2,2,15,9,2,2,2,2,2,2,2,2,2,2,6,VUT,Vanuatu,FALSE,FALSE,FALSE
2024,Afrique subsaharienne,COMORES,397,1645,1306,57,12,19,12,239,520,148,120,56,73,728,4317,2808,89,14,23,14,1369,720,408,319,122,124,2624,COM,Comores,FALSE,FALSE,FALSE
2024,Afrique subsaharienne,CONGO,324,6319,4231,902,46,136,48,956,1994,730,381,501,559,2154,8616,5575,1159,57,176,63,1586,3102,946,457,630,742,2739,COG,Congo,FALSE,FALSE,FALSE
2024,Afrique subsaharienne,NIGER,337,756,539,103,10,39,9,56,195,108,96,46,73,238,898,616,136,11,42,9,84,243,126,111,57,85,276,NER,Niger,FALSE,FALSE,FALSE
2024,Afrique subsaharienne,REP. DEM. CONGO,312,1959,1328,246,13,83,24,265,609,206,188,128,233,595,3452,2168,405,18,112,39,710,1306,383,231,195,392,945,COD,Congo (Rép. dém.),FALSE,FALSE,FALSE
2024,Afrique subsaharienne,SEYCHELLES,398,9,7,2,0,0,2,0,2,0,2,0,0,5,23,20,2,0,0,2,0,7,2,2,0,2,12,SYC,Seychelles,FALSE,FALSE,FALSE
2024,Afrique subsaharienne,SOUDAN,343,219,197,2,0,0,2,20,54,29,16,12,36,72,393,319,2,2,2,9,59,98,60,20,22,50,143,SDN,Soudan,FALSE,FALSE,FALSE
2024,Afrique subsaharienne,ZIMBABWE,310,59,36,10,0,2,2,9,11,12,5,2,8,21,65,38,13,0,2,2,10,15,12,6,2,9,20,ZWE,Zimbabwe,FALSE,FALSE,FALSE
2024,Amérique,ANTIGUA-ET-BARBUDA,441,10,2,6,0,0,0,0,6,2,0,0,2,0,11,2,6,0,0,0,2,6,2,0,0,2,0,ATG,Antigua-et-Barbuda,FALSE,FALSE,FALSE
2024,Amérique,ARGENTINE,415,621,389,60,0,37,28,107,271,101,62,36,22,129,722,445,82,0,44,31,120,310,108,83,38,23,160,ARG,Argentine,FALSE,FALSE,FALSE
2024,Amérique,COSTA RICA,406,222,154,23,2,6,9,29,67,40,28,14,20,53,245,172,25,2,7,10,29,74,43,35,18,20,55,CRI,Costa Rica,FALSE,FALSE,FALSE
2024,Amérique,EQUATEUR,420,624,419,80,2,23,39,61,155,140,98,37,43,151,716,476,89,2,25,48,76,191,150,112,51,47,165,ECU,Equateur,FALSE,FALSE,FALSE
2024,Amérique,MEXIQUE,405,2702,1620,511,6,96,110,359,903,435,296,209,176,683,2991,1750,596,10,115,122,398,1018,464,334,237,183,755,MEX,Mexique,FALSE,TRUE,FALSE
2024,Amérique,NICARAGUA,412,75,58,7,0,0,6,2,18,14,20,2,2,20,89,69,9,0,2,6,2,20,18,22,2,2,24,NIC,Nicaragua,FALSE,FALSE,FALSE
2024,Amérique,SALVADOR,414,246,163,32,2,8,16,24,61,58,38,18,14,57,305,205,39,2,10,17,30,82,63,47,37,14,62,SLV,Salvador,FALSE,FALSE,FALSE
2024,Amérique,SURINAME,437,6,2,0,0,0,0,2,0,0,0,0,2,2,183,110,2,0,0,2,71,2,2,2,7,8,159,SUR,Suriname,FALSE,FALSE,FALSE
2024,Asie,CHYPRE,254,240,167,20,2,2,19,30,95,24,34,27,9,51,267,180,26,2,2,22,35,110,25,35,31,9,57,CYP,Chypre,TRUE,FALSE,TRUE
2024,Asie,COREE DU SUD,239,2086,1119,226,2,9,490,239,1052,331,140,107,40,416,2375,1272,268,2,24,537,270,1228,354,146,115,47,485,KOR,Corée du Sud,FALSE,TRUE,FALSE
2024,Asie,INDONESIE,231,1011,566,256,8,23,52,106,263,101,160,60,78,349,1113,605,290,8,33,56,121,299,114,172,63,81,384,IDN,Indonésie,FALSE,FALSE,FALSE
2024,Asie,JORDANIE,222,176,121,21,2,2,2,27,62,26,24,9,17,38,209,140,28,2,2,2,33,78,32,24,11,21,43,JOR,Jordanie,FALSE,FALSE,FALSE
2024,Asie,KAZAKHSTAN,256,594,386,84,2,7,37,79,191,95,63,79,36,130,716,460,102,2,10,44,99,233,102,73,96,40,172,KAZ,Kazakhstan,TRUE,FALSE,FALSE
2024,Asie,LIBAN,205,9464,6250,1102,207,697,247,961,3769,1365,940,525,652,2213,10576,6770,1402,211,782,280,1131,4342,1488,1017,653,687,2389,LBN,Liban,FALSE,FALSE,FALSE
2024,Asie,OMAN,250,68,58,7,0,2,2,2,8,9,14,10,5,22,75,61,10,0,2,2,2,12,10,14,10,5,24,OMN,Oman,FALSE,FALSE,FALSE
2024,Asie,OUZBEKISTAN,258,137,100,15,2,2,7,13,53,19,7,12,2,43,183,133,21,2,2,8,18,70,24,10,17,2,59,UZB,Ouzbékistan,FALSE,FALSE,FALSE
2024,Asie,SRI LANKA,235,190,86,35,0,17,12,40,91,21,12,6,2,57,1203,728,68,13,53,20,321,912,40,27,41,23,160,LKA,Sri Lanka,FALSE,FALSE,FALSE
2024,Asie,TAIWAN,236,1076,398,443,0,2,133,98,457,191,44,67,66,251,1208,432,507,0,7,155,107,533,210,46,70,68,281,TWN,Taïwan,FALSE,FALSE,FALSE
2024,Asie,TIMOR ORIENTAL,262,2,0,2,0,0,0,0,0,0,0,0,0,2,2,0,2,0,0,0,0,0,0,0,0,2,2,TLS,Timor oriental,FALSE,FALSE,FALSE
2024,Europe,CROATIE,119,205,109,45,0,2,13,35,104,10,20,8,15,48,258,142,54,2,5,16,40,137,13,20,12,16,60,HRV,Croatie,TRUE,FALSE,TRUE
2024,Europe,DANEMARK,101,262,127,72,0,2,15,47,144,34,30,9,8,37,345,163,101,2,2,21,56,174,47,40,13,11,60,DNK,Danemark,TRUE,TRUE,TRUE
2024,Europe,MOLDAVIE,151,232,191,10,0,2,8,21,73,27,15,45,12,60,565,373,46,2,7,21,117,309,44,21,57,16,118,MDA,Moldavie,TRUE,FALSE,FALSE
2024,Europe,PORTUGAL,139,1668,906,324,7,39,92,300,727,168,177,178,85,333,7805,5028,752,38,160,229,1598,3424,888,745,460,273,2015,PRT,Portugal,TRUE,TRUE,TRUE
2024,Europe,SUEDE,104,755,328,206,7,6,78,130,342,162,59,54,14,124,901,404,238,9,14,89,147,415,171,72,56,22,165,SWE,Suède,TRUE,TRUE,TRUE
2024,Europe,SUISSE,140,1614,917,272,2,8,191,225,807,235,78,212,34,248,2417,1347,447,2,25,255,341,1049,484,131,281,51,421,CHE,Suisse,TRUE,TRUE,FALSE
2024,Maghreb,MAURITANIE,336,1022,644,105,53,111,2,106,297,118,76,70,97,364,1245,778,135,54,121,5,152,407,127,85,86,105,435,MRT,Mauritanie,FALSE,FALSE,FALSE
2024,Océanie,MICRONESIE,516,0,0,0,0,0,0,0,0,0,0,0,0,0,2,2,0,0,0,0,0,0,0,2,0,0,0,FSM,Micronésie,FALSE,FALSE,FALSE
2014,Afrique subsaharienne,BENIN,327,2058,1703,47,24,122,11,151,506,286,155,161,198,752,2383,1878,85,27,141,13,239,657,314,169,185,221,837,BEN,Bénin,FALSE,FALSE,FALSE
2015,Afrique subsaharienne,BURKINA,331,1365,1115,53,19,59,6,113,283,250,125,110,111,486,1577,1228,76,23,64,7,179,362,279,150,127,124,535,BFA,Burkina Faso,FALSE,FALSE,FALSE
2013,Afrique subsaharienne,COMORES,397,1293,1214,2,7,2,0,65,682,78,57,33,41,402,2253,1993,2,13,11,2,230,831,158,141,54,74,995,COM,Comores,FALSE,FALSE,FALSE
2014,Afrique subsaharienne,COMORES,397,1284,1192,2,5,5,2,78,636,86,68,39,41,414,2304,1984,9,7,10,2,293,783,179,153,67,70,1052,COM,Comores,FALSE,FALSE,FALSE
2014,Afrique subsaharienne,COTE D'IVOIRE,326,4096,3346,319,53,61,35,282,1126,567,500,302,293,1308,5521,4308,414,57,103,46,593,1769,658,609,375,411,1699,CIV,Côte dIvoire,FALSE,FALSE,FALSE
2015,Afrique subsaharienne,EGYPTE,301,2169,1963,50,7,18,19,112,712,486,166,101,66,638,2401,2122,58,7,27,23,164,871,499,171,107,74,679,EGY,Egypte,FALSE,FALSE,FALSE
2015,Afrique subsaharienne,ETHIOPIE,315,177,156,2,0,5,2,10,21,58,37,6,6,49,249,204,2,0,9,2,28,40,63,45,13,13,75,ETH,Ethiopie,FALSE,FALSE,FALSE
2015,Afrique subsaharienne,GABON,328,3402,2815,172,49,146,16,204,523,390,440,311,387,1351,4151,3248,239,53,175,21,415,700,473,510,362,468,1638,GAB,Gabon,FALSE,FALSE,FALSE
2015,Afrique subsaharienne,GHANA,329,195,154,12,0,0,0,29,37,35,19,31,11,62,260,214,12,0,0,0,34,56,38,23,37,11,95,GHA,Ghana,FALSE,FALSE,FALSE
2015,Afrique subsaharienne,GUINEE,330,3322,3111,44,27,17,13,110,734,358,379,370,266,1215,3821,3441,53,30,23,19,255,945,390,420,400,329,1337,GIN,Guinée,FALSE,FALSE,FALSE
2015,Afrique subsaharienne,GUINEE EQUATORIALE,314,51,37,2,0,0,2,12,17,10,6,5,6,7,69,49,2,0,0,2,18,24,13,7,7,8,10,GNQ,Guinée-Équatoriale,FALSE,FALSE,FALSE
2013,Afrique subsaharienne,GUINEE-BISSAO,392,39,31,2,0,2,0,2,20,2,2,2,2,13,73,53,2,0,2,2,15,41,2,2,2,2,21,GNB,Guinée-Bissau,FALSE,FALSE,FALSE
2014,Afrique subsaharienne,GUINEE-BISSAO,392,45,37,0,0,2,2,2,17,5,5,2,2,13,71,54,0,0,2,2,13,34,6,5,2,2,20,GNB,Guinée-Bissau,FALSE,FALSE,FALSE
2013,Afrique subsaharienne,KENYA,332,110,84,12,0,0,2,12,50,11,7,5,2,33,127,95,13,0,2,2,16,55,12,11,6,2,39,KEN,Kenya,FALSE,FALSE,FALSE
2013,Afrique subsaharienne,LESOTHO,348,2,2,0,0,0,0,0,0,0,2,0,0,0,2,2,0,0,0,0,0,0,0,2,0,0,0,LSO,Lesotho,FALSE,FALSE,FALSE
2014,Afrique subsaharienne,LESOTHO,348,5,2,2,0,0,0,0,0,2,2,0,0,2,6,5,2,0,0,0,0,0,2,2,0,0,2,LSO,Lesotho,FALSE,FALSE,FALSE
2013,Afrique subsaharienne,MADAGASCAR,333,3065,2687,68,37,31,21,221,1144,302,357,151,160,951,3948,3252,102,46,76,28,444,1464,372,449,203,207,1253,MDG,Madagascar,FALSE,FALSE,FALSE
2013,Afrique subsaharienne,MALI,335,2256,2052,39,20,31,10,104,836,292,174,175,109,670,2573,2261,62,21,41,13,175,1029,305,191,180,129,739,MLI,Mali,FALSE,FALSE,FALSE
2014,Afrique subsaharienne,MALI,335,2302,2092,39,28,37,7,99,837,311,189,170,109,686,2661,2318,62,31,52,9,189,1065,329,210,179,126,752,MLI,Mali,FALSE,FALSE,FALSE
2013,Afrique subsaharienne,MAURICE,390,1308,1179,18,13,18,34,46,386,76,204,80,71,491,1582,1357,24,14,31,45,111,504,104,233,95,81,565,MUS,Ile Maurice,FALSE,FALSE,FALSE
2014,Afrique subsaharienne,MOZAMBIQUE,393,45,44,0,0,0,0,2,10,6,6,0,0,23,49,48,0,0,0,0,2,11,7,6,0,2,24,MOZ,Mozambique,FALSE,FALSE,FALSE
2014,Afrique subsaharienne,NIGER,337,779,647,37,19,24,2,48,158,77,97,68,60,319,864,702,43,20,27,6,66,186,83,106,74,68,347,NER,Niger,FALSE,FALSE,FALSE
2013,Afrique subsaharienne,OUGANDA,339,24,16,2,0,0,0,2,10,7,2,0,2,2,30,20,5,0,0,0,5,10,9,2,0,2,2,UGA,Uganda,FALSE,FALSE,FALSE
2014,Afrique subsaharienne,OUGANDA,339,34,20,2,0,0,0,11,8,9,6,2,2,6,38,22,2,0,0,0,12,9,9,6,2,2,9,UGA,Uganda,FALSE,FALSE,FALSE
2014,Afrique subsaharienne,SAO TOME-ET-PRINCIPE,394,20,19,2,0,0,0,0,0,10,2,2,0,2,23,21,2,0,0,0,2,2,10,2,2,0,6,STP,Sao Tomé-et-Principe,FALSE,FALSE,FALSE
2013,Afrique subsaharienne,SEYCHELLES,398,40,36,2,0,0,2,2,18,2,2,2,2,15,50,45,2,0,0,2,2,19,2,2,2,2,24,SYC,Seychelles,FALSE,FALSE,FALSE
2013,Afrique subsaharienne,SIERRA LEONE,342,11,10,2,0,0,0,0,2,2,2,2,0,2,23,19,2,0,0,0,2,12,2,2,2,0,6,SLE,Sierra Leone,FALSE,FALSE,FALSE
2014,Afrique subsaharienne,SOUDAN,343,70,62,2,0,0,0,6,20,10,2,10,2,26,96,84,2,0,0,0,9,27,11,2,13,6,37,SDN,Soudan,FALSE,FALSE,FALSE
2014,Afrique subsaharienne,TCHAD,344,548,465,13,2,10,2,55,98,86,56,75,34,199,675,549,17,2,15,5,86,136,94,67,86,40,252,TCD,Tchad,FALSE,FALSE,FALSE
2013,Afrique subsaharienne,ZIMBABWE,310,18,16,2,0,0,0,2,7,6,2,0,2,2,24,21,2,2,0,0,2,7,7,2,0,2,6,ZWE,Zimbabwe,FALSE,FALSE,FALSE
2014,Afrique subsaharienne,ZIMBABWE,310,26,18,5,0,0,0,2,12,2,2,2,2,5,31,21,6,2,0,0,2,13,2,5,2,2,7,ZWE,Zimbabwe,FALSE,FALSE,FALSE
2013,Amérique,ANTIGUA-ET-BARBUDA,441,2,2,0,0,0,0,0,0,0,0,0,2,0,2,2,0,0,0,0,2,2,0,0,0,2,2,ATG,Antigua-et-Barbuda,FALSE,FALSE,FALSE
2014,Amérique,ANTIGUA-ET-BARBUDA,441,2,2,0,0,0,0,0,2,0,0,0,2,0,5,5,0,0,0,0,0,2,0,0,0,2,2,ATG,Antigua-et-Barbuda,FALSE,FALSE,FALSE
2015,Amérique,ANTIGUA-ET-BARBUDA,441,2,2,2,0,0,0,0,2,0,0,0,0,0,5,2,2,0,0,0,0,2,0,0,0,0,2,ATG,Antigua-et-Barbuda,FALSE,FALSE,FALSE
2015,Amérique,BARBADE,434,6,2,2,0,0,2,2,2,2,0,2,0,2,9,2,2,0,2,2,2,2,2,0,2,0,2,BRB,Barbade,FALSE,FALSE,FALSE
2013,Amérique,CANADA,401,1573,1111,140,2,26,49,245,635,340,130,144,44,280,1876,1279,164,5,46,64,318,744,387,168,161,58,358,CAN,Canada,FALSE,TRUE,FALSE
2013,Amérique,CHILI,417,782,560,43,7,54,23,95,392,85,62,37,19,187,909,645,49,7,63,28,117,449,96,73,40,26,225,CHL,Chili,FALSE,TRUE,FALSE
2015,Amérique,CHILI,417,804,546,47,10,79,13,109,348,103,70,60,30,193,911,614,53,11,87,18,128,384,115,89,62,41,220,CHL,Chili,FALSE,TRUE,FALSE
2014,Amérique,COSTA RICA,406,132,100,9,0,2,2,20,47,17,21,10,2,34,146,104,7,0,2,2,28,55,18,21,11,2,37,CRI,Costa Rica,FALSE,FALSE,FALSE
2014,Amérique,CUBA,407,119,103,2,0,0,7,7,41,14,15,7,2,40,152,131,2,0,0,8,11,52,20,17,7,2,52,CUB,Cuba,FALSE,FALSE,FALSE
2013,Amérique,HAITI,410,1010,918,2,2,2,2,80,464,79,72,37,39,319,1886,1606,11,2,15,6,244,806,121,109,68,70,712,HTI,Haïti,FALSE,FALSE,FALSE
2014,Amérique,HAITI,410,947,804,2,6,2,9,122,446,73,71,42,35,280,1832,1499,9,8,13,10,293,827,110,110,69,60,656,HTI,Haïti,FALSE,FALSE,FALSE
2014,Amérique,JAMAIQUE,426,44,36,6,0,0,0,2,10,2,2,5,2,20,58,47,9,0,0,0,2,12,2,7,6,2,28,JAM,Jamaïque,FALSE,FALSE,FALSE
2013,Amérique,MEXIQUE,405,2369,1703,207,10,134,54,261,711,387,342,190,103,636,2683,1861,235,13,159,71,344,832,424,373,204,110,740,MEX,Mexique,FALSE,TRUE,FALSE
2013,Amérique,PARAGUAY,421,68,56,5,2,2,2,2,31,11,9,8,2,6,86,67,7,2,2,2,7,37,13,15,8,2,10,PRY,Paraguay,FALSE,FALSE,FALSE
2015,Amérique,REPUBLIQUE DOMINICAINE,408,144,96,31,0,8,2,5,51,10,43,7,2,32,182,123,31,0,10,6,12,55,13,50,7,2,53,DOM,République dominicaine,FALSE,FALSE,FALSE
2014,Amérique,SURINAME,437,13,2,2,0,0,0,6,0,0,2,2,0,11,151,104,2,0,2,0,44,7,6,2,2,2,129,SUR,Suriname,FALSE,FALSE,FALSE
2013,Amérique,TRINITE-ET-TOBAGO,433,40,38,0,0,0,0,2,14,2,2,2,2,15,43,41,0,0,0,0,2,14,2,2,2,2,18,TTO,Trinité et Tobago,FALSE,FALSE,FALSE
2014,Amérique,TRINITE-ET-TOBAGO,433,29,25,2,0,0,0,2,7,2,2,2,2,9,31,27,2,0,0,0,2,7,2,2,2,2,11,TTO,Trinité et Tobago,FALSE,FALSE,FALSE
2013,Amérique,URUGUAY,423,63,38,2,0,2,11,9,21,11,5,6,2,18,76,44,2,0,7,13,11,28,12,5,8,2,21,URY,Uruguay,FALSE,FALSE,FALSE
2014,Amérique,URUGUAY,423,58,42,2,0,2,2,9,29,2,6,2,2,14,71,50,2,2,2,2,11,32,6,6,7,2,19,URY,Uruguay,FALSE,FALSE,FALSE
2015,Amérique,URUGUAY,423,65,52,2,0,0,5,6,26,8,12,2,0,16,78,61,2,2,0,6,8,29,11,13,2,0,21,URY,Uruguay,FALSE,FALSE,FALSE
2014,Amérique,VENEZUELA,424,740,534,41,2,17,28,118,260,147,117,35,20,161,873,619,51,2,23,36,142,301,168,126,41,26,211,VEN,Venezuela,FALSE,FALSE,FALSE
2015,Amérique,VENEZUELA,424,763,579,35,2,21,31,96,281,136,99,49,24,174,885,654,42,2,31,42,114,312,155,111,54,31,222,VEN,Venezuela,FALSE,FALSE,FALSE
2014,Asie,AFGHANISTAN,212,142,96,2,2,2,2,38,27,32,10,16,11,46,258,168,2,2,2,2,77,55,39,18,35,20,91,AFG,Afghanistan,FALSE,FALSE,FALSE
2015,Asie,AFGHANISTAN,212,154,108,2,2,2,2,37,28,43,10,17,8,48,281,188,2,2,2,2,79,58,51,20,43,17,92,AFG,Afghanistan,FALSE,FALSE,FALSE
2015,Asie,ARMENIE,252,830,782,2,0,0,9,36,99,538,39,46,9,99,1299,1132,9,2,5,16,135,164,597,95,139,40,264,ARM,Arménie,TRUE,FALSE,FALSE
2013,Asie,BAHREIN,249,42,31,0,0,2,0,10,16,7,2,2,2,9,46,32,2,0,2,0,12,18,8,5,2,2,9,BHR,Bahreïn,FALSE,FALSE,FALSE
2014,Asie,BANGLADESH,246,99,81,2,0,2,0,14,32,10,11,7,2,36,180,144,5,0,2,0,29,98,11,14,13,2,41,BGD,Bangladesh,FALSE,FALSE,FALSE
2015,Asie,BHOUTAN,214,2,0,0,0,0,0,2,0,0,0,0,0,2,2,2,0,0,0,0,2,2,0,0,0,0,2,BTN,Bhoutan,FALSE,FALSE,FALSE
2013,Asie,BIRMANIE,224,16,12,2,0,0,0,2,6,0,2,0,0,6,20,14,2,0,0,0,5,8,0,2,0,0,8,MMR,Birmanie,FALSE,FALSE,FALSE
2015,Asie,CAMBODGE,234,484,400,11,2,12,2,53,96,191,57,11,48,81,638,521,12,5,15,5,80,164,205,66,16,48,139,KHM,Cambodge,FALSE,FALSE,FALSE
2015,Asie,GEORGIE,255,348,262,24,0,2,10,51,188,30,23,42,8,57,543,407,31,0,2,14,89,234,54,35,60,19,141,GEO,Géorgie,TRUE,FALSE,FALSE
2014,Asie,INDE,223,2543,910,1017,9,62,12,533,1034,355,211,114,139,690,2845,1045,1052,14,88,17,629,1197,367,228,122,150,781,IND,Inde,FALSE,FALSE,FALSE
2013,Asie,INDONESIE,231,727,578,32,5,7,16,89,131,145,157,53,46,195,787,592,44,5,8,21,117,158,151,161,56,49,212,IDN,Indonésie,FALSE,FALSE,FALSE
2014,Asie,IRAK,203,389,356,2,0,2,6,23,116,58,23,35,30,127,475,424,2,0,7,7,36,134,70,32,42,37,160,IRQ,Irak,FALSE,FALSE,FALSE
2015,Asie,ISRAEL,207,183,126,13,0,0,11,33,115,20,10,14,8,16,246,168,18,0,2,16,43,143,26,13,26,14,24,ISR,Israël,FALSE,TRUE,FALSE
2015,Asie,JAPON,217,1811,1090,87,2,50,261,322,811,267,94,112,63,464,2037,1189,108,2,56,339,342,943,293,102,121,68,510,JPN,Japon,FALSE,TRUE,FALSE
2013,Asie,JORDANIE,222,153,121,2,0,6,2,22,63,39,17,9,2,21,174,136,2,0,6,2,26,71,40,18,9,5,31,JOR,Jordanie,FALSE,FALSE,FALSE
2013,Asie,KAZAKHSTAN,256,432,347,26,2,13,16,29,119,62,39,100,26,86,513,413,27,2,16,19,37,135,66,68,110,26,108,KAZ,Kazakhstan,TRUE,FALSE,FALSE
2014,Asie,KIRGHIZISTAN,257,73,61,2,0,2,2,7,23,22,2,7,6,12,102,82,6,0,2,2,12,27,25,2,12,11,23,KGZ,Kirghizistan,FALSE,FALSE,FALSE
2013,Asie,MACAO,232,2,0,0,0,0,0,2,0,2,0,0,0,0,2,0,0,0,0,0,2,0,2,0,0,0,0,MAC,Macao (Chine),FALSE,FALSE,FALSE
2014,Asie,MACAO,232,0,0,0,0,0,0,0,0,0,0,0,0,0,0,0,0,0,0,0,0,0,0,0,0,0,0,MAC,Macao (Chine),FALSE,FALSE,FALSE
2014,Asie,OUZBEKISTAN,258,133,112,2,0,2,2,14,53,24,13,19,5,19,172,141,5,0,2,2,20,68,25,16,23,7,33,UZB,Ouzbékistan,FALSE,FALSE,FALSE
2014,Asie,PAKISTAN,213,261,164,37,2,2,0,55,96,28,25,23,21,68,500,326,43,2,13,0,115,274,35,31,36,37,87,PAK,Pakistan,FALSE,FALSE,FALSE
2013,Asie,PALESTINE,261,199,172,2,2,2,2,20,92,22,22,16,9,38,220,188,2,2,2,2,24,101,22,22,16,10,49,PSE,Territoires palestiniens,FALSE,FALSE,FALSE
2014,Asie,QATAR,248,92,64,2,0,12,0,14,41,7,2,0,7,35,97,66,2,0,13,2,15,44,7,2,0,7,37,QAT,Qatar,FALSE,FALSE,FALSE
2014,Asie,TIMOR ORIENTAL,262,2,0,2,0,0,0,0,0,0,0,0,0,2,2,0,2,0,0,0,0,0,0,0,0,0,2,TLS,Timor oriental,FALSE,FALSE,FALSE
2013,Asie,TURKMENISTAN,260,18,17,0,0,0,0,2,2,2,2,2,2,5,23,21,0,0,0,2,2,2,2,2,2,2,7,TKM,Turkménistan,FALSE,FALSE,FALSE
2014,Asie,TURQUIE,208,2068,1657,83,2,20,47,258,885,227,206,235,67,448,3289,2481,110,11,48,64,575,1302,346,269,436,141,795,TUR,Turquie,TRUE,TRUE,FALSE
2014,Asie,YEMEN,251,148,119,8,0,2,2,19,26,10,7,11,12,82,157,126,9,0,2,2,20,29,12,8,11,13,84,YEM,Yémen,FALSE,FALSE,FALSE
2014,Europe,AUTRICHE,110,501,318,53,2,14,13,100,232,70,24,58,9,108,586,364,65,2,18,18,117,264,81,30,67,13,131,AUT,Autriche,TRUE,TRUE,TRUE
2014,Europe,BULGARIE,111,1491,1305,43,2,20,45,77,406,168,166,315,86,350,1668,1418,48,2,23,61,117,459,187,187,326,97,412,BGR,Bulgarie,TRUE,FALSE,TRUE
2014,Europe,DANEMARK,101,202,147,19,0,0,6,30,101,27,14,19,2,37,265,182,33,2,0,9,40,126,37,21,23,6,52,DNK,Danemark,TRUE,TRUE,TRUE
2014,Europe,GRECE,126,2340,2020,67,2,34,61,157,1080,210,324,279,61,386,2494,2117,77,2,37,77,185,1151,230,339,288,72,414,GRC,Grèce,TRUE,TRUE,TRUE
2013,Europe,IRLANDE,136,528,430,43,0,2,8,43,130,83,53,86,18,158,647,521,53,0,6,12,55,169,103,61,92,23,199,IRL,Irlande,TRUE,TRUE,TRUE
2013,Europe,ISLANDE,102,32,19,2,0,2,2,6,16,2,2,2,2,6,41,23,2,0,2,5,6,20,6,2,2,2,9,ISL,Islande,TRUE,TRUE,FALSE
2013,Europe,KOSOVO,157,56,39,0,0,2,2,12,17,14,2,7,0,17,133,91,0,0,2,2,38,27,31,2,31,2,41,XKX,Kosovo,FALSE,FALSE,FALSE
2014,Europe,KOSOVO,157,69,50,0,0,2,2,16,15,21,2,15,0,14,206,136,2,0,2,2,65,34,51,7,56,2,54,XKX,Kosovo,FALSE,FALSE,FALSE
2013,Europe,LETTONIE,107,174,132,15,0,2,13,11,65,33,13,17,6,40,217,162,18,0,2,18,17,75,42,16,17,10,57,LVA,Lettonie,TRUE,TRUE,TRUE
2013,Europe,LUXEMBOURG,137,1386,1281,32,2,7,23,40,340,51,135,700,15,145,1663,1516,40,2,11,30,62,384,63,150,872,24,170,LUX,Luxembourg,TRUE,TRUE,TRUE
2014,Europe,MACEDOINE,156,158,132,5,2,2,2,15,55,32,16,23,7,25,187,152,6,2,2,6,20,63,37,16,29,7,35,MKD,Macédoine du Nord,TRUE,FALSE,FALSE
2013,Europe,NORVEGE,103,342,207,40,0,44,2,48,100,46,112,13,2,68,407,246,42,2,49,5,64,131,52,128,14,2,78,NOR,Norvège,TRUE,TRUE,FALSE
2013,Europe,PORTUGAL,139,1281,853,97,2,29,55,245,579,150,112,150,27,263,4115,2935,176,24,72,79,829,2033,381,309,296,143,953,PRT,Portugal,TRUE,TRUE,TRUE
2013,Europe,ROYAUME-UNI,132,2280,1829,125,2,25,78,220,665,422,271,150,70,702,3965,3127,217,9,69,99,444,961,576,563,209,121,1535,GBR,Royaume-Uni,TRUE,TRUE,FALSE
2014,Europe,SUEDE,104,465,281,45,8,32,14,85,206,107,26,34,14,78,568,342,62,8,35,22,99,258,119,36,38,17,100,SWE,Suède,TRUE,TRUE,TRUE
2014,Europe,SUISSE,140,1425,1097,87,0,2,87,150,485,262,165,204,19,290,2182,1640,157,2,21,111,251,623,557,219,275,47,461,CHE,Suisse,TRUE,TRUE,FALSE
2013,Europe,UKRAINE,155,1285,1078,58,2,15,41,90,409,191,106,144,48,387,1597,1311,70,5,21,54,136,526,211,127,169,65,499,UKR,Ukraine,TRUE,FALSE,FALSE
2014,Maghreb,MAROC,350,27372,18568,2115,1481,2833,527,1848,6659,4019,2765,2747,2903,8279,35001,21687,2922,1640,3905,672,4175,9187,4584,3751,3302,3745,10432,MAR,Maroc,FALSE,FALSE,FALSE
2014,Maghreb,TUNISIE,351,9691,7488,256,201,643,113,990,4045,1097,883,648,513,2505,11554,8445,397,219,868,155,1470,4956,1273,1004,724,576,3021,TUN,Tunisie,FALSE,FALSE,FALSE
2014,Nationalite non connue,"AUTRE PAYS, ETRANGER SANS AUTRE INDICATION",999,2514,28,420,0,12,737,1317,1153,203,146,146,185,681,4231,64,964,2,31,970,2201,1837,337,240,231,283,1303,NA,NA,NA,NA,NA
2013,Océanie,MICRONESIE,516,2,2,0,0,0,0,0,0,0,2,0,0,0,2,2,0,0,2,0,0,2,0,2,0,0,2,FSM,Micronésie,FALSE,FALSE,FALSE
2013,Océanie,SAMOA OCCIDENTALES,506,2,2,0,0,0,0,2,2,0,0,0,0,0,2,2,0,0,0,0,2,2,0,0,0,0,0,WSM,Samoa,FALSE,FALSE,FALSE
2013,Océanie,TONGA,509,2,0,2,0,0,0,0,2,0,0,0,0,0,2,2,2,0,0,0,0,2,0,0,0,0,0,TON,Tonga,FALSE,FALSE,FALSE
2015,Asie,KIRGHIZISTAN,257,71,58,8,0,0,2,2,23,13,2,10,6,17,98,81,10,2,0,2,5,26,18,2,14,13,24,KGZ,Kirghizistan,FALSE,FALSE,FALSE
2015,Asie,LIBAN,205,4624,3401,245,67,249,78,584,1521,762,418,289,383,1251,5154,3668,305,81,307,100,693,1745,816,454,318,443,1378,LBN,Liban,FALSE,FALSE,FALSE
2015,Asie,MACAO,232,2,0,0,0,0,0,2,0,2,0,0,0,0,2,0,0,0,0,0,2,0,2,0,0,0,0,MAC,Macao (Chine),FALSE,FALSE,FALSE
2017,Asie,NEPAL,215,155,77,37,0,2,12,26,60,25,7,9,2,52,191,93,48,0,2,14,32,80,28,8,9,2,64,NPL,Népal,FALSE,FALSE,FALSE
2017,Asie,OMAN,250,56,42,9,0,0,2,2,17,7,7,2,6,15,63,48,9,0,0,2,5,19,9,7,2,8,16,OMN,Oman,FALSE,FALSE,FALSE
2015,Asie,QATAR,248,94,69,2,0,9,0,12,43,6,2,0,5,39,98,70,2,0,9,2,14,45,7,2,0,5,40,QAT,Qatar,FALSE,FALSE,FALSE
2017,Asie,QATAR,248,77,62,5,0,0,0,10,16,2,2,2,6,50,83,64,6,0,0,0,13,19,2,2,2,6,53,QAT,Qatar,FALSE,FALSE,FALSE
2015,Asie,SRI LANKA,235,90,48,2,0,0,2,36,54,5,7,2,2,19,499,315,12,7,17,2,145,378,17,21,15,11,57,LKA,Sri Lanka,FALSE,FALSE,FALSE
2015,Asie,TAIWAN,236,893,448,143,2,18,121,162,402,162,35,50,32,212,999,484,152,2,22,157,183,462,178,39,53,36,231,TWN,Taïwan,FALSE,FALSE,FALSE
2015,Asie,THAILANDE,219,473,319,59,2,10,9,72,131,71,89,23,8,151,587,388,63,5,15,11,105,170,85,99,35,11,187,THA,Thaïlande,FALSE,FALSE,FALSE
2017,Asie,TIMOR ORIENTAL,262,2,0,2,0,0,0,0,0,0,0,0,0,2,2,0,2,0,0,0,0,0,0,0,0,0,2,TLS,Timor oriental,FALSE,FALSE,FALSE
2016,Asie,TURKMENISTAN,260,28,23,2,0,0,0,2,6,2,7,2,2,7,33,26,2,0,0,0,2,7,5,8,2,2,8,TKM,Turkménistan,FALSE,FALSE,FALSE
2017,Asie,TURKMENISTAN,260,27,22,2,0,0,0,2,8,2,7,2,2,6,30,25,2,0,0,0,2,8,2,7,2,2,7,TKM,Turkménistan,FALSE,FALSE,FALSE
2017,Asie,TURQUIE,208,2238,1698,95,2,26,76,339,848,296,212,290,69,523,3947,2782,132,9,66,122,836,1464,445,287,542,156,1053,TUR,Turquie,TRUE,TRUE,FALSE
2016,Asie,YEMEN,251,128,97,2,7,2,2,16,19,8,11,9,10,71,138,102,2,8,2,2,19,24,9,11,10,11,73,YEM,Yémen,FALSE,FALSE,FALSE
2015,Europe,ALBANIE,125,517,426,9,2,13,32,33,161,95,52,61,12,136,713,573,16,2,17,36,67,198,137,66,102,16,194,ALB,Albanie,TRUE,FALSE,FALSE
2016,Europe,AUTRICHE,110,446,267,62,0,5,8,104,204,66,24,40,7,105,540,323,78,0,8,9,122,239,74,36,51,9,131,AUT,Autriche,TRUE,TRUE,TRUE
2015,Europe,BIELORUSSIE,148,313,269,14,0,2,7,20,82,45,17,22,11,136,410,336,19,2,7,12,34,108,54,29,32,20,167,BLR,Biélorussie,TRUE,FALSE,FALSE
2015,Europe,BOSNIE-HERZEGOVINE,118,79,53,6,0,2,2,16,32,10,2,8,2,21,180,125,9,0,2,2,42,46,43,10,32,6,43,BIH,Bosnie-Herzégovine,TRUE,FALSE,FALSE
2016,Europe,BULGARIE,111,1183,1001,38,2,20,46,74,288,173,144,226,44,308,1382,1131,51,5,26,57,112,356,192,164,242,55,373,BGR,Bulgarie,TRUE,FALSE,TRUE
2016,Europe,DANEMARK,101,186,115,33,2,2,5,31,90,28,22,9,5,32,261,166,42,2,2,7,41,116,38,31,16,6,54,DNK,Danemark,TRUE,TRUE,TRUE
2016,Europe,ESPAGNE,134,5958,4180,425,64,533,129,627,1722,852,926,525,189,1744,7417,5142,532,74,624,166,879,2108,993,1236,623,244,2213,ESP,Espagne,TRUE,TRUE,TRUE
2015,Europe,HONGRIE,112,574,443,30,2,8,11,81,236,87,36,56,27,132,635,482,34,2,13,13,92,260,100,39,61,28,147,HUN,Hongrie,FALSE,TRUE,TRUE
2017,Europe,HONGRIE,112,515,371,31,2,8,15,89,219,71,33,43,26,123,598,419,37,2,13,19,109,252,80,43,49,29,145,HUN,Hongrie,FALSE,TRUE,TRUE
2015,Europe,ISLANDE,102,25,20,2,0,0,2,0,13,5,2,2,2,2,30,21,2,0,2,2,2,14,2,2,2,2,6,ISL,Islande,TRUE,TRUE,FALSE
2016,Europe,ITALIE,127,9951,7060,1101,26,293,266,1205,4240,1514,652,653,217,2675,12193,8562,1296,38,353,332,1612,4883,1918,840,834,324,3394,ITA,Italie,TRUE,TRUE,TRUE
2017,Europe,KOSOVO,157,105,71,2,0,2,2,28,18,41,2,18,0,25,397,252,2,2,5,8,126,47,118,7,96,17,112,XKX,Kosovo,FALSE,FALSE,FALSE
2015,Europe,LETTONIE,107,165,121,18,0,2,10,12,49,31,12,15,5,53,213,156,21,0,5,15,16,62,39,13,17,6,76,LVA,Lettonie,TRUE,TRUE,TRUE
2015,Europe,LITUANIE,108,301,224,12,2,2,12,51,134,57,24,23,6,57,349,253,15,2,2,15,63,151,62,33,29,7,67,LTU,Lituanie,TRUE,TRUE,TRUE
2015,Europe,MALTE,144,19,13,2,0,0,0,2,9,5,0,2,0,2,26,19,2,0,0,0,2,11,5,2,2,2,6,MLT,Malte,TRUE,FALSE,TRUE
2017,Europe,MOLDAVIE,151,549,467,14,2,28,9,29,125,93,33,114,23,161,750,600,19,2,35,16,76,256,97,44,130,27,196,MDA,Moldavie,TRUE,FALSE,FALSE
2016,Europe,MONACO,138,178,131,21,0,2,5,20,32,14,6,0,2,125,344,223,43,2,12,7,58,59,27,21,6,8,223,MCO,Monaco,FALSE,FALSE,FALSE
2017,Europe,MONACO,138,187,127,32,0,2,11,15,42,9,6,2,2,126,367,228,54,2,15,16,53,75,31,19,6,10,226,MCO,Monaco,FALSE,FALSE,FALSE
2015,Europe,ROYAUME-UNI,132,2104,1571,167,0,23,70,273,689,364,210,142,42,657,3987,3002,298,2,77,88,518,953,538,548,205,100,1643,GBR,Royaume-Uni,TRUE,TRUE,FALSE
2017,Europe,ROYAUME-UNI,132,2081,1463,179,0,19,89,331,747,388,217,108,33,588,4155,2982,353,6,83,173,558,1085,605,559,168,98,1640,GBR,Royaume-Uni,TRUE,TRUE,FALSE
2015,Europe,RUSSIE,123,3757,2852,329,11,52,117,396,1532,541,240,352,142,950,4976,3760,392,16,78,149,581,1886,675,390,489,173,1363,RUS,Russie,TRUE,FALSE,FALSE
2015,Europe,SAINT-MARIN,128,2,2,0,0,0,0,2,2,0,0,0,0,0,5,2,0,0,0,0,2,2,0,0,0,2,0,SMR,Saint-Marin,FALSE,FALSE,FALSE
2017,Europe,SAINT-MARIN,128,2,2,0,0,0,0,2,2,0,0,0,0,0,5,2,0,0,0,0,2,2,0,0,0,2,2,SMR,Saint-Marin,FALSE,FALSE,FALSE
2017,Europe,SERBIE,121,462,368,18,0,2,11,63,170,55,38,67,16,116,721,545,32,0,8,23,113,312,80,45,99,27,158,SRB,Serbie,TRUE,FALSE,FALSE
2015,Europe,SLOVENIE,145,91,63,10,0,2,2,15,36,13,2,7,2,29,103,70,10,0,2,2,20,39,14,5,11,2,30,SVN,Slovénie,TRUE,TRUE,TRUE
2017,Europe,SUEDE,104,486,257,64,12,25,53,75,217,115,23,42,10,79,608,328,81,13,32,61,93,278,129,31,46,14,110,SWE,Suède,TRUE,TRUE,TRUE
2016,Europe,UKRAINE,155,1434,1176,72,2,12,49,123,431,236,119,171,60,417,1822,1440,95,2,25,64,195,588,276,143,199,77,539,UKR,Ukraine,TRUE,FALSE,FALSE
2017,Océanie,FIDJI,508,2,2,2,0,0,0,2,2,0,2,0,0,0,9,2,2,0,2,0,2,2,0,2,0,0,2,FJI,Fidji,FALSE,FALSE,FALSE
2016,Afrique subsaharienne,AFRIQUE DU SUD,303,144,77,44,2,2,2,18,57,15,22,13,2,35,201,104,49,2,2,2,38,77,21,29,14,5,55,ZAF,Afrique du Sud,FALSE,FALSE,FALSE
2018,Afrique subsaharienne,AFRIQUE DU SUD,303,193,88,56,2,0,14,34,85,18,25,19,8,38,256,120,61,2,5,19,50,104,20,36,23,12,61,ZAF,Afrique du Sud,FALSE,FALSE,FALSE
2017,Afrique subsaharienne,ANGOLA,395,323,228,6,11,24,2,51,57,55,19,26,53,113,748,513,21,11,25,10,168,177,104,55,61,89,262,AGO,Angola,FALSE,FALSE,FALSE
2018,Afrique subsaharienne,BOTSWANA,347,9,5,2,0,0,2,2,2,2,0,0,2,2,10,5,2,0,0,2,2,5,2,0,0,2,2,BWA,Botswana,FALSE,FALSE,FALSE
2018,Afrique subsaharienne,BURUNDI,321,509,452,11,6,2,2,34,59,52,46,28,110,214,567,491,17,6,6,2,43,75,56,47,31,121,237,BDI,Burundi,FALSE,FALSE,FALSE
2016,Afrique subsaharienne,CAMEROUN,322,4898,3097,569,247,468,18,499,1143,435,288,615,480,1937,6908,4421,696,262,558,26,945,1995,585,384,779,660,2505,CMR,Cameroun,FALSE,FALSE,FALSE
2018,Afrique subsaharienne,CAMEROUN,322,5384,3010,863,174,577,48,712,1635,541,344,663,424,1777,7445,4248,1114,187,671,67,1158,2549,698,451,845,605,2297,CMR,Cameroun,FALSE,FALSE,FALSE
2017,Afrique subsaharienne,CAP-VERT,396,55,34,0,0,0,2,20,17,2,9,2,7,16,230,135,2,0,2,2,87,140,7,11,7,20,45,CPV,Cap Vert,FALSE,FALSE,FALSE
2018,Afrique subsaharienne,CONGO,324,3420,2676,240,44,59,29,372,945,392,259,310,459,1055,5546,4075,365,54,101,45,906,1910,534,345,415,737,1605,COG,Congo,FALSE,FALSE,FALSE
2016,Afrique subsaharienne,COTE D'IVOIRE,326,5566,4329,595,68,103,50,421,1311,749,687,399,400,2020,7108,5317,708,73,145,67,798,1989,844,801,471,543,2460,CIV,Côte dIvoire,FALSE,FALSE,FALSE
2017,Afrique subsaharienne,COTE D'IVOIRE,326,6391,4839,831,63,119,62,477,1641,882,690,498,504,2176,8060,5854,966,68,170,91,911,2448,1004,798,580,628,2602,CIV,Côte dIvoire,FALSE,FALSE,FALSE
2018,Afrique subsaharienne,COTE D'IVOIRE,326,7140,5280,1005,82,167,85,521,1837,983,772,518,629,2401,8924,6340,1203,87,209,119,966,2675,1097,880,622,778,2872,CIV,Côte dIvoire,FALSE,FALSE,FALSE
2018,Afrique subsaharienne,DJIBOUTI,399,935,860,37,2,5,5,24,110,89,143,57,130,406,1093,979,42,2,12,5,51,126,103,164,66,152,482,DJI,Djibouti,FALSE,FALSE,FALSE
2016,Afrique subsaharienne,GAMBIE,304,11,7,2,0,0,0,2,6,2,2,0,0,2,27,17,2,0,0,0,8,17,2,2,0,2,2,GMB,Gambie,FALSE,FALSE,FALSE
2018,Afrique subsaharienne,GAMBIE,304,16,10,2,0,2,0,2,8,2,2,2,2,2,31,19,2,0,2,0,8,19,2,2,2,2,2,GMB,Gambie,FALSE,FALSE,FALSE
2018,Afrique subsaharienne,GUINEE-BISSAO,392,32,26,2,0,2,0,2,11,5,2,2,0,8,76,57,5,0,2,0,13,40,7,5,5,2,17,GNB,Guinée-Bissau,FALSE,FALSE,FALSE
2018,Afrique subsaharienne,LESOTHO,348,2,2,0,0,2,0,0,0,0,0,0,2,2,2,2,0,0,2,0,0,0,0,0,0,2,2,LSO,Lesotho,FALSE,FALSE,FALSE
2017,Afrique subsaharienne,LIBERIA,302,13,7,2,0,0,2,2,6,0,2,5,2,0,16,10,2,0,0,2,2,8,0,2,5,2,0,LBR,Liberia,FALSE,FALSE,FALSE
2018,Afrique subsaharienne,LIBERIA,302,10,2,0,0,0,5,2,5,0,0,2,0,2,18,6,0,0,2,10,2,13,0,0,2,0,2,LBR,Liberia,FALSE,FALSE,FALSE
2016,Afrique subsaharienne,MOZAMBIQUE,393,47,41,2,0,0,0,2,10,5,7,2,2,23,55,47,2,0,0,0,6,11,6,7,2,2,27,MOZ,Mozambique,FALSE,FALSE,FALSE
2016,Afrique subsaharienne,NAMIBIE,311,9,2,2,0,0,0,2,8,0,0,0,0,2,10,2,2,0,0,0,2,9,0,0,0,0,2,NAM,Namibie,FALSE,FALSE,FALSE
2017,Afrique subsaharienne,NAMIBIE,311,10,2,2,0,0,2,2,5,2,0,0,0,2,12,2,2,0,0,2,6,5,2,2,0,0,5,NAM,Namibie,FALSE,FALSE,FALSE
2017,Afrique subsaharienne,RWANDA,340,360,304,12,2,2,8,31,57,70,39,27,53,114,616,477,20,2,13,12,91,127,108,50,48,100,183,RWA,Rwanda,FALSE,FALSE,FALSE
2016,Afrique subsaharienne,SOUDAN,343,128,109,5,0,0,0,14,37,13,7,10,13,48,170,143,5,0,2,0,21,42,18,9,12,19,70,SDN,Soudan,FALSE,FALSE,FALSE
2016,Amérique,COLOMBIE,419,3389,2500,227,67,140,102,353,1087,526,393,316,59,1008,3919,2839,262,70,179,125,444,1287,566,439,326,68,1233,COL,Colombie,FALSE,TRUE,FALSE
2016,Amérique,COSTA RICA,406,165,122,7,0,2,2,30,43,15,39,14,2,50,187,134,8,0,2,5,36,52,17,39,16,5,58,CRI,Costa Rica,FALSE,FALSE,FALSE
2017,Amérique,CUBA,407,118,105,0,0,2,2,9,46,19,7,8,2,36,155,131,2,0,2,6,15,59,23,12,10,2,47,CUB,Cuba,FALSE,FALSE,FALSE
2017,Amérique,HAITI,410,1223,1071,6,2,2,6,134,456,93,126,47,60,441,2411,1924,22,7,18,12,428,961,127,185,89,90,959,HTI,Haïti,FALSE,FALSE,FALSE
2016,Amérique,MEXIQUE,405,2653,1868,197,21,156,63,348,645,470,314,239,147,838,2947,2015,226,21,182,87,416,745,507,350,257,155,933,MEX,Mexique,FALSE,TRUE,FALSE
2017,Amérique,MEXIQUE,405,2805,1870,231,15,159,116,414,806,481,344,260,206,708,3112,2022,259,17,191,140,483,916,514,381,288,213,800,MEX,Mexique,FALSE,TRUE,FALSE
2016,Amérique,NICARAGUA,412,46,40,2,2,0,0,2,11,8,11,2,0,14,58,49,2,2,0,0,7,12,11,13,2,2,18,NIC,Nicaragua,FALSE,FALSE,FALSE
2017,Amérique,REPUBLIQUE DOMINICAINE,408,154,69,55,2,2,5,22,20,24,67,8,2,34,201,93,57,2,2,9,37,29,30,75,10,2,53,DOM,République dominicaine,FALSE,FALSE,FALSE
2017,Amérique,SURINAME,437,14,2,0,0,0,0,10,0,0,0,2,0,13,201,153,2,0,0,0,45,8,5,5,2,13,167,SUR,Suriname,FALSE,FALSE,FALSE
2017,Amérique,URUGUAY,423,86,64,2,0,2,2,12,32,14,10,7,2,20,97,72,2,0,2,2,14,35,14,12,7,2,26,URY,Uruguay,FALSE,FALSE,FALSE
2016,Asie,BHOUTAN,214,2,2,0,0,0,0,2,2,0,0,0,0,2,2,2,0,0,0,0,2,2,0,0,0,0,2,BTN,Bhoutan,FALSE,FALSE,FALSE
2016,Asie,CAMBODGE,234,640,534,14,5,13,2,70,85,361,53,10,19,112,779,636,19,7,14,2,99,155,376,57,15,20,156,KHM,Cambodge,FALSE,FALSE,FALSE
2017,Asie,CHYPRE,254,214,177,7,0,2,15,13,48,35,39,32,11,49,232,187,7,0,2,18,16,56,38,39,34,13,52,CYP,Chypre,TRUE,FALSE,TRUE
2016,Asie,COREE DU SUD,239,2674,1714,138,0,21,441,360,1196,420,155,252,43,608,3141,1962,158,2,35,556,428,1414,469,174,276,51,757,KOR,Corée du Sud,FALSE,TRUE,FALSE
2017,Asie,INDE,223,3913,1221,1616,2,123,157,793,1560,574,333,219,174,1053,4232,1365,1675,7,135,165,885,1738,598,346,230,191,1129,IND,Inde,FALSE,FALSE,FALSE
2016,Océanie,ILES MARSHALL,515,0,0,0,0,0,0,0,0,0,0,0,0,0,2,0,0,0,2,0,0,2,0,0,0,0,0,MHL,Îles Marshall,FALSE,FALSE,FALSE
2018,Afrique subsaharienne,MALI,335,2482,2142,111,32,47,12,138,857,356,222,176,155,716,3024,2429,139,36,55,21,344,1217,375,243,189,191,809,MLI,Mali,FALSE,FALSE,FALSE
2018,Afrique subsaharienne,NAMIBIE,311,10,2,2,0,0,2,2,7,2,0,0,0,2,12,2,2,0,0,2,2,7,2,0,0,0,2,NAM,Namibie,FALSE,FALSE,FALSE
2018,Afrique subsaharienne,NIGERIA,338,525,309,113,0,8,11,84,191,96,37,27,23,151,651,388,122,2,10,13,116,229,100,42,33,40,207,NGA,Nigéria,FALSE,FALSE,FALSE
2018,Afrique subsaharienne,OUGANDA,339,49,24,10,2,2,0,11,12,14,6,5,5,7,54,26,11,2,2,2,12,12,16,6,5,6,9,UGA,Uganda,FALSE,FALSE,FALSE
2018,Afrique subsaharienne,SIERRA LEONE,342,14,11,0,0,0,2,2,2,2,2,0,0,5,26,19,2,0,0,2,2,12,2,2,2,2,7,SLE,Sierra Leone,FALSE,FALSE,FALSE
2018,Amérique,ANTIGUA-ET-BARBUDA,441,2,2,0,2,0,0,0,2,0,0,0,0,2,8,2,2,2,0,0,2,2,2,0,0,0,5,ATG,Antigua-et-Barbuda,FALSE,FALSE,FALSE
2018,Amérique,BAHAMAS,436,2,2,0,0,0,2,2,2,2,2,0,0,0,8,2,2,0,0,2,2,2,2,2,0,0,2,BHS,Bahamas,FALSE,FALSE,FALSE
2018,Amérique,BOLIVIE,418,355,249,31,2,29,16,29,108,90,50,18,24,65,439,316,35,2,33,18,36,153,93,55,22,27,89,BOL,Bolivie,FALSE,FALSE,FALSE
2018,Amérique,CANADA,401,1794,1100,259,0,44,89,302,786,335,152,164,39,318,2122,1287,300,2,60,109,363,934,370,172,178,50,418,CAN,Canada,FALSE,TRUE,FALSE
2018,Amérique,CHILI,417,822,520,73,5,68,29,127,358,121,88,35,38,182,927,594,83,5,72,36,137,390,135,96,37,40,229,CHL,Chili,FALSE,TRUE,FALSE
2018,Amérique,COSTA RICA,406,172,129,9,2,2,2,27,51,23,24,12,2,59,184,135,10,2,5,2,28,56,23,25,15,2,61,CRI,Costa Rica,FALSE,FALSE,FALSE
2018,Amérique,DOMINIQUE,438,36,31,0,0,0,2,2,18,5,0,2,2,11,87,72,0,0,0,2,13,21,8,2,2,2,51,DMA,Dominique,FALSE,FALSE,FALSE
2018,Amérique,MEXIQUE,405,2934,1915,302,20,197,117,383,867,471,348,288,242,718,3199,2052,323,21,220,141,442,961,493,376,323,254,792,MEX,Mexique,FALSE,TRUE,FALSE
2018,Amérique,SAINT-CHRISTOPHE-ET-NIEVES,442,2,2,0,0,0,0,2,2,0,0,0,0,2,6,2,0,2,0,0,2,2,0,0,2,0,2,KNA,Saint-Christophe-et-Niévès,FALSE,FALSE,FALSE
2018,Amérique,URUGUAY,423,99,75,7,0,2,2,11,43,7,15,10,2,21,105,79,9,0,2,2,11,45,8,16,10,2,23,URY,Uruguay,FALSE,FALSE,FALSE
2018,Amérique,VENEZUELA,424,784,600,46,2,22,42,70,293,130,107,61,21,172,896,661,49,5,34,55,92,335,138,116,62,33,212,VEN,Venezuela,FALSE,FALSE,FALSE
2018,Asie,AFGHANISTAN,212,267,196,9,0,6,2,54,83,47,28,28,26,55,437,302,17,2,11,5,98,121,68,43,67,38,100,AFG,Afghanistan,FALSE,FALSE,FALSE
2018,Asie,ARABIE SAOUDITE,201,537,457,35,5,2,9,30,140,73,45,58,29,192,591,493,39,5,2,11,41,164,75,47,60,30,215,SAU,Arabie Saoudite,FALSE,FALSE,FALSE
2018,Asie,BIRMANIE,224,34,17,2,0,0,2,13,13,2,5,2,2,11,37,18,2,0,0,2,15,16,2,5,2,2,11,MMR,Birmanie,FALSE,FALSE,FALSE
2018,Asie,CAMBODGE,234,576,440,19,5,11,2,99,153,256,34,13,27,93,699,531,23,6,12,9,118,210,269,42,21,29,128,KHM,Cambodge,FALSE,FALSE,FALSE
2018,Asie,EMIRATS ARABES UNIS,247,158,144,5,2,2,2,2,112,9,14,2,2,19,170,149,7,2,2,2,7,114,10,15,2,2,25,ARE,Emirats arabes unis,FALSE,FALSE,FALSE
2018,Asie,INDONESIE,231,963,702,127,0,2,50,81,239,148,181,58,52,285,1022,730,137,2,2,54,96,268,154,187,61,52,300,IDN,Indonésie,FALSE,FALSE,FALSE
2018,Asie,IRAK,203,281,232,10,2,7,5,26,75,43,22,33,26,82,432,343,13,2,11,8,56,98,63,33,55,35,148,IRQ,Irak,FALSE,FALSE,FALSE
2018,Asie,KAZAKHSTAN,256,521,387,49,2,18,18,48,116,84,65,104,27,125,591,442,52,2,19,18,59,130,89,83,117,31,141,KAZ,Kazakhstan,TRUE,FALSE,FALSE
2018,Asie,LAOS,241,81,55,5,0,2,2,16,26,19,13,5,6,12,102,63,6,0,2,2,27,36,24,12,7,7,16,LAO,Laos,FALSE,FALSE,FALSE
2018,Asie,MALDIVES,229,16,16,0,0,0,0,0,2,0,12,0,0,2,19,18,2,0,0,0,0,2,0,12,0,0,2,MDV,Maldives,FALSE,FALSE,FALSE
2018,Asie,NEPAL,215,218,83,62,2,2,6,63,106,27,17,7,2,59,264,97,73,2,5,7,81,137,30,17,7,2,69,NPL,Népal,FALSE,FALSE,FALSE
2018,Asie,TADJIKISTAN,259,10,9,2,0,0,0,0,5,0,2,2,0,2,13,11,2,0,0,0,0,6,2,2,2,0,2,TJK,Tadjikistan,FALSE,FALSE,FALSE
2018,Asie,TURKMENISTAN,260,29,22,2,0,0,0,2,11,2,6,2,2,6,30,23,2,0,0,0,2,11,2,6,2,2,7,TKM,Turkménistan,FALSE,FALSE,FALSE
2018,Asie,VIETNAM,243,5040,3755,347,28,323,111,476,1446,789,544,280,351,1630,5593,4071,401,36,355,142,588,1651,843,583,305,376,1835,VNM,Viêt Nam,FALSE,FALSE,FALSE
2018,Europe,BULGARIE,111,915,730,61,2,18,30,74,269,130,107,154,50,205,1131,885,71,2,24,43,105,348,160,127,168,57,271,BGR,Bulgarie,TRUE,FALSE,TRUE
2018,Europe,ESTONIE,106,79,52,5,0,2,2,19,29,8,12,8,2,18,96,62,6,0,2,2,22,34,12,12,8,5,25,EST,Estonie,TRUE,TRUE,TRUE
2018,Europe,FINLANDE,105,330,187,84,0,6,20,33,114,69,32,31,8,76,402,223,94,0,13,31,41,146,76,35,38,13,94,FIN,Finlande,TRUE,TRUE,TRUE
2018,Europe,GRECE,126,2577,2212,76,7,26,65,191,1001,202,330,285,80,679,2722,2308,84,7,30,78,215,1062,217,339,300,89,715,GRC,Grèce,TRUE,TRUE,TRUE
2018,Europe,HONGRIE,112,472,312,40,0,9,29,82,215,73,33,34,23,94,569,373,46,0,15,31,104,254,82,42,41,26,124,HUN,Hongrie,FALSE,TRUE,TRUE
2018,Europe,KOSOVO,157,110,64,2,0,2,2,40,25,39,2,20,2,20,458,275,2,5,2,7,167,53,139,11,107,21,127,XKX,Kosovo,FALSE,FALSE,FALSE
2018,Europe,MALTE,144,11,8,2,0,0,0,2,2,2,0,2,0,2,19,15,2,0,0,2,2,7,5,0,2,0,5,MLT,Malte,TRUE,FALSE,TRUE
2018,Europe,MONTENEGRO,120,41,29,2,0,0,2,2,18,6,0,7,0,10,59,40,5,0,2,2,9,22,8,0,17,0,12,MNE,Monténégro,TRUE,FALSE,FALSE
2018,Europe,NORVEGE,103,431,194,103,0,55,12,67,129,80,122,10,10,80,488,234,107,0,60,16,71,144,90,134,10,12,98,NOR,Norvège,TRUE,TRUE,FALSE
2018,Europe,PAYS-BAS,135,720,403,149,2,2,22,140,309,99,76,61,45,130,1403,865,207,9,32,46,244,433,190,179,104,83,414,NLD,Pays-Bas,TRUE,TRUE,TRUE
2018,Europe,POLOGNE,122,1494,1060,143,2,19,75,195,611,192,127,126,65,373,2309,1628,180,11,43,106,341,1064,256,167,172,111,539,POL,Pologne,TRUE,TRUE,TRUE
2018,Europe,ROUMANIE,114,2874,2389,107,12,54,56,256,1244,314,228,301,102,685,4021,3225,147,22,81,92,454,1851,382,292,365,136,995,ROU,Roumanie,TRUE,FALSE,TRUE
2018,Europe,SUISSE,140,1445,979,144,2,11,124,185,551,240,99,244,22,289,2120,1403,243,10,27,177,260,704,421,154,313,34,494,CHE,Suisse,TRUE,TRUE,FALSE
2018,Maghreb,LIBYE,316,316,286,9,0,2,2,15,61,26,30,45,43,111,373,326,11,2,5,2,26,74,36,36,53,46,128,LBY,Libye,FALSE,FALSE,FALSE
2018,Océanie,AUSTRALIE,501,399,253,48,2,5,26,66,142,120,18,37,9,73,447,283,53,2,9,30,71,165,124,24,37,10,87,AUS,Australie,FALSE,TRUE,FALSE
2018,Océanie,NOUVELLE ZELANDE,502,80,55,11,0,0,6,8,31,23,7,2,2,13,96,65,13,0,0,7,11,35,25,9,2,2,21,NZL,Nouvelle-Zélande,FALSE,TRUE,FALSE
2018,Océanie,TUVALU,511,2,2,0,0,0,0,0,0,2,0,0,0,0,2,2,0,0,0,0,0,0,2,0,0,0,0,TUV,Tuvalu,FALSE,FALSE,FALSE
2019,Afrique subsaharienne,CAMEROUN,322,5872,3039,1050,178,680,54,871,1828,567,338,831,422,1886,7952,4196,1350,193,764,77,1372,2784,740,436,968,587,2437,CMR,Cameroun,FALSE,FALSE,FALSE
2019,Afrique subsaharienne,ETHIOPIE,315,241,179,5,5,8,2,40,34,59,52,15,9,72,307,222,7,6,10,5,57,51,72,57,18,12,97,ETH,Ethiopie,FALSE,FALSE,FALSE
2019,Afrique subsaharienne,MAURICE,390,1483,1056,57,12,39,117,202,506,146,131,65,51,584,1809,1222,86,17,47,143,294,633,173,161,85,60,697,MUS,Ile Maurice,FALSE,FALSE,FALSE
2019,Afrique subsaharienne,NIGER,337,1040,836,90,13,23,11,67,187,163,144,72,95,379,1128,877,103,13,30,16,89,219,173,152,75,103,406,NER,Niger,FALSE,FALSE,FALSE
2019,Afrique subsaharienne,SAO TOME-ET-PRINCIPE,394,6,5,0,0,2,0,0,2,2,0,2,0,2,7,5,0,0,2,0,0,2,2,2,2,0,2,STP,Sao Tomé-et-Principe,FALSE,FALSE,FALSE
2019,Afrique subsaharienne,SOUDAN,343,281,246,8,2,2,6,19,76,25,21,14,28,117,347,295,8,2,2,7,33,88,31,24,18,38,148,SDN,Soudan,FALSE,FALSE,FALSE
2019,Amérique,BAHAMAS,436,2,2,2,0,0,2,2,2,2,2,0,0,0,6,2,2,0,0,2,2,2,2,2,0,0,2,BHS,Bahamas,FALSE,FALSE,FALSE
2019,Amérique,BELIZE,429,5,2,2,0,0,2,2,2,0,2,2,0,2,5,2,2,0,0,2,2,2,0,2,2,0,2,BLZ,Belize,FALSE,FALSE,FALSE
2019,Amérique,CHILI,417,818,526,73,9,64,41,105,353,112,92,36,43,182,930,595,92,9,67,46,121,387,126,99,39,46,233,CHL,Chili,FALSE,TRUE,FALSE
2019,Amérique,ETATS-UNIS,404,5772,2839,708,5,35,363,1822,3010,692,321,678,116,955,6686,3196,887,6,72,398,2127,3382,806,367,786,150,1195,USA,Etats-Unis,FALSE,TRUE,FALSE
2019,Amérique,HAITI,410,1754,1565,14,2,7,9,156,483,123,155,98,86,809,3235,2622,38,6,18,16,535,1069,156,214,146,120,1530,HTI,Haïti,FALSE,FALSE,FALSE
2019,Amérique,PARAGUAY,421,83,54,5,0,2,2,19,49,9,9,2,0,13,100,67,5,0,2,5,21,56,10,11,2,0,19,PRY,Paraguay,FALSE,FALSE,FALSE
2019,Asie,ARMENIE,252,1045,968,10,0,2,15,51,85,770,19,64,10,97,1770,1506,26,2,8,22,205,172,861,91,232,66,348,ARM,Arménie,TRUE,FALSE,FALSE
2019,Asie,COREE DU SUD,239,2838,1526,316,2,47,622,324,1460,395,207,187,65,524,3191,1710,349,2,58,708,362,1642,432,221,213,72,611,KOR,Corée du Sud,FALSE,TRUE,FALSE
2019,Asie,IRAK,203,291,232,10,2,2,7,37,68,51,23,27,27,95,476,358,18,2,7,12,80,106,74,33,60,35,168,IRQ,Irak,FALSE,FALSE,FALSE
2019,Asie,MALDIVES,229,15,15,0,0,0,0,0,0,0,15,0,0,0,19,17,2,0,0,0,0,2,0,15,0,2,2,MDV,Maldives,FALSE,FALSE,FALSE
2019,Asie,PHILIPPINES,220,295,166,59,0,2,12,55,101,37,68,8,13,68,446,246,71,2,9,21,98,190,48,77,8,17,106,PHL,Philippines,FALSE,FALSE,FALSE
2019,Asie,SRI LANKA,235,179,76,22,2,14,7,58,75,21,25,6,6,46,797,457,32,7,40,13,248,578,26,42,41,11,99,LKA,Sri Lanka,FALSE,FALSE,FALSE
2019,Asie,SYRIE,206,1849,1537,45,9,30,100,128,557,302,162,238,71,519,2358,1924,56,13,49,118,198,690,382,195,294,102,695,SYR,Syrie,FALSE,FALSE,FALSE
2019,Asie,TADJIKISTAN,259,10,8,2,0,0,0,2,6,2,0,0,2,2,14,11,2,0,0,0,2,7,2,2,0,2,2,TJK,Tadjikistan,FALSE,FALSE,FALSE
2019,Europe,ALLEMAGNE,109,6889,4538,1167,47,155,164,818,2644,795,477,1093,248,1632,8239,5426,1364,55,210,202,982,3041,951,616,1381,295,1955,DEU,Allemagne,TRUE,TRUE,TRUE
2019,Europe,BIELORUSSIE,148,277,205,28,0,2,15,26,89,26,19,27,14,102,387,280,33,2,6,24,43,121,33,27,41,22,143,BLR,Biélorussie,TRUE,FALSE,FALSE
2019,Europe,BOSNIE-HERZEGOVINE,118,130,97,2,0,2,5,24,39,18,11,13,7,42,258,184,8,0,2,6,57,54,51,15,59,9,70,BIH,Bosnie-Herzégovine,TRUE,FALSE,FALSE
2019,Europe,FINLANDE,105,304,184,58,0,2,22,36,112,59,31,23,10,69,378,216,76,0,7,30,49,139,72,35,31,14,87,FIN,Finlande,TRUE,TRUE,TRUE
2019,Europe,KOSOVO,157,111,56,2,0,2,2,48,22,32,2,15,5,35,558,325,5,6,2,9,210,49,164,10,151,29,155,XKX,Kosovo,FALSE,FALSE,FALSE
2019,Europe,MOLDAVIE,151,408,328,13,2,19,15,32,93,81,18,72,30,114,646,482,25,2,22,20,94,269,88,24,81,36,148,MDA,Moldavie,TRUE,FALSE,FALSE
2019,Europe,UKRAINE,155,1293,993,94,2,40,52,111,434,227,108,145,69,310,1763,1328,126,2,48,71,186,664,269,138,184,82,426,UKR,Ukraine,TRUE,FALSE,FALSE
2019,Maghreb,LIBYE,316,272,250,2,0,2,2,14,56,31,21,38,28,98,339,296,9,2,7,2,23,74,43,26,44,32,120,LBY,Libye,FALSE,FALSE,FALSE
2019,Océanie,AUSTRALIE,501,389,236,50,2,5,25,72,154,94,31,29,13,68,434,256,59,2,7,31,80,173,100,35,30,14,82,AUS,Australie,FALSE,TRUE,FALSE
2019,Océanie,KIRIBATI,513,2,2,0,0,0,0,0,0,0,0,0,2,0,2,2,0,0,0,0,0,0,0,0,0,2,0,KIR,Kiribati,FALSE,FALSE,FALSE
2019,Océanie,NOUVELLE ZELANDE,502,89,57,16,0,0,6,10,31,34,8,2,2,12,107,68,19,0,0,6,14,38,37,9,2,2,19,NZL,Nouvelle-Zélande,FALSE,TRUE,FALSE
2019,Océanie,SAMOA OCCIDENTALES,506,2,0,2,0,0,0,0,0,2,0,0,0,0,2,2,2,0,0,0,0,2,2,2,0,0,0,WSM,Samoa,FALSE,FALSE,FALSE
2019,Océanie,TONGA,509,2,2,0,0,0,0,0,2,0,0,0,0,0,2,2,0,0,0,0,0,2,0,0,0,0,2,TON,Tonga,FALSE,FALSE,FALSE
2020,Afrique subsaharienne,AFRIQUE DU SUD,303,209,111,56,2,2,14,23,80,21,25,14,13,56,267,136,67,2,5,20,37,97,30,28,16,16,80,ZAF,Afrique du Sud,FALSE,FALSE,FALSE
2020,Afrique subsaharienne,BENIN,327,3793,2846,299,43,298,43,264,930,533,344,287,298,1401,4260,3074,378,46,318,51,393,1148,581,372,318,331,1510,BEN,Bénin,FALSE,FALSE,FALSE
2020,Afrique subsaharienne,BURKINA,331,2036,1464,162,63,142,22,183,466,382,214,134,169,671,2329,1617,199,66,159,29,259,573,417,231,151,197,760,BFA,Burkina Faso,FALSE,FALSE,FALSE
2020,Afrique subsaharienne,GUINEE,330,3323,2922,129,39,45,16,172,661,457,316,295,338,1256,4173,3415,174,41,61,23,459,958,536,373,350,467,1489,GIN,Guinée,FALSE,FALSE,FALSE
2020,Afrique subsaharienne,KENYA,332,172,106,12,2,5,8,40,62,17,15,12,5,61,207,124,21,2,7,8,46,73,27,16,12,6,73,KEN,Kenya,FALSE,FALSE,FALSE
2020,Afrique subsaharienne,LIBERIA,302,12,8,0,0,0,2,2,2,2,0,2,2,2,17,10,0,0,0,2,5,6,2,0,2,2,2,LBR,Liberia,FALSE,FALSE,FALSE
2020,Afrique subsaharienne,MADAGASCAR,333,3389,2673,232,65,79,51,289,1059,423,385,150,146,1226,4614,3352,334,82,130,73,643,1472,551,491,238,199,1663,MDG,Madagascar,FALSE,FALSE,FALSE
2020,Afrique subsaharienne,MOZAMBIQUE,393,51,44,2,0,2,0,5,10,5,10,6,2,19,58,49,2,0,2,0,7,11,5,12,8,2,21,MOZ,Mozambique,FALSE,FALSE,FALSE
2020,Afrique subsaharienne,OUGANDA,339,49,26,2,2,2,2,13,21,9,2,5,9,2,53,28,2,2,2,2,15,23,9,2,6,9,2,UGA,Uganda,FALSE,FALSE,FALSE
2020,Afrique subsaharienne,SIERRA LEONE,342,19,14,2,0,2,0,2,8,6,0,2,0,2,36,23,2,0,2,0,7,17,6,0,2,2,8,SLE,Sierra Leone,FALSE,FALSE,FALSE
2020,Amérique,BAHAMAS,436,2,0,2,0,0,2,2,2,0,0,0,2,2,7,0,2,0,0,2,2,2,2,0,0,2,2,BHS,Bahamas,FALSE,FALSE,FALSE
2020,Amérique,CUBA,407,114,85,2,2,2,6,17,40,13,11,5,6,39,161,119,9,2,2,7,23,52,17,14,10,8,60,CUB,Cuba,FALSE,FALSE,FALSE
2020,Amérique,ETATS-UNIS,404,3331,1189,622,2,25,321,1170,2059,264,151,290,96,471,4126,1444,846,8,62,372,1394,2430,407,190,348,135,616,USA,Etats-Unis,FALSE,TRUE,FALSE
2020,Amérique,GUATEMALA,409,170,111,11,2,10,7,28,44,44,19,7,11,45,216,132,22,2,10,10,39,55,50,23,11,12,65,GTM,Guatemala,FALSE,FALSE,FALSE
2020,Amérique,JAMAIQUE,426,42,38,0,0,0,2,2,8,2,2,2,2,25,53,45,2,0,0,2,5,11,5,2,2,2,31,JAM,Jamaïque,FALSE,FALSE,FALSE
2020,Amérique,PEROU,422,966,595,76,33,100,53,109,382,130,93,81,46,234,1201,760,102,35,112,64,128,468,150,119,94,56,314,PER,Pérou,FALSE,FALSE,FALSE
2020,Amérique,SAINT-VINCENT-ET-LES-GRENADINES,440,2,2,0,0,0,0,0,2,0,0,0,0,0,2,2,0,0,0,0,0,2,0,0,0,0,0,VCT,Saint-Vincent-et-les-Grenadines,FALSE,FALSE,FALSE
2020,Amérique,SAINTE-LUCIE,439,33,28,0,0,0,2,2,2,0,0,2,0,28,63,43,2,0,0,2,18,7,2,2,2,0,52,LCA,Sainte-Lucie,FALSE,FALSE,FALSE
2020,Amérique,SALVADOR,414,179,122,21,0,11,7,18,46,57,28,6,5,37,244,157,34,0,15,11,27,60,70,31,29,8,46,SLV,Salvador,FALSE,FALSE,FALSE
2020,Amérique,SURINAME,437,16,5,0,0,0,2,10,0,0,0,0,0,16,185,136,2,0,0,2,45,6,6,6,8,8,151,SUR,Suriname,FALSE,FALSE,FALSE
2020,Amérique,TRINITE-ET-TOBAGO,433,31,20,6,0,2,2,2,7,7,2,0,2,10,32,21,6,0,2,2,2,7,7,2,0,2,11,TTO,Trinité et Tobago,FALSE,FALSE,FALSE
2020,Amérique,VENEZUELA,424,747,559,39,5,19,58,67,261,103,116,50,29,188,857,610,52,5,36,63,91,312,114,125,53,33,220,VEN,Venezuela,FALSE,FALSE,FALSE
2020,Asie,AZERBAIDJAN,253,812,762,16,2,2,8,22,50,34,34,610,8,76,930,855,21,2,2,10,39,72,44,41,638,15,120,AZE,Azerbaïdjan,TRUE,FALSE,FALSE
2020,Asie,CAMBODGE,234,671,582,7,2,19,9,50,117,349,51,17,33,104,794,656,14,5,24,14,81,177,367,59,25,35,131,KHM,Cambodge,FALSE,FALSE,FALSE
2020,Asie,COREE DU SUD,239,2037,1049,151,2,13,635,186,1141,210,142,132,46,366,2333,1201,185,2,24,699,221,1326,241,151,149,48,418,KOR,Corée du Sud,FALSE,TRUE,FALSE
2020,Asie,EMIRATS ARABES UNIS,247,184,169,6,0,2,2,5,126,10,23,7,2,17,208,187,8,0,2,2,7,142,12,24,7,2,21,ARE,Emirats arabes unis,FALSE,FALSE,FALSE
2020,Asie,GEORGIE,255,341,258,31,0,0,11,41,135,36,41,43,12,74,736,571,42,2,5,19,96,231,75,66,99,37,228,GEO,Géorgie,TRUE,FALSE,FALSE
2020,Asie,INDONESIE,231,907,633,129,2,8,51,85,230,86,195,73,66,257,983,670,149,2,10,57,96,258,104,203,76,68,274,IDN,Indonésie,FALSE,FALSE,FALSE
2020,Asie,IRAK,203,275,210,8,2,7,8,39,62,44,25,26,30,88,524,383,16,5,10,11,99,118,77,38,66,47,178,IRQ,Irak,FALSE,FALSE,FALSE
2020,Asie,OUZBEKISTAN,258,116,89,11,2,2,5,9,46,13,10,16,5,26,135,100,15,2,2,5,13,51,15,12,19,6,32,UZB,Ouzbékistan,FALSE,FALSE,FALSE
2020,Asie,TURKMENISTAN,260,29,24,2,0,0,2,2,10,2,2,2,2,10,33,25,2,0,0,2,2,11,2,2,2,2,12,TKM,Turkménistan,FALSE,FALSE,FALSE
2020,Asie,YEMEN,251,212,189,2,2,2,5,9,26,56,27,24,12,67,230,201,2,2,2,6,13,32,58,29,26,12,73,YEM,Yémen,FALSE,FALSE,FALSE
2020,Europe,CROATIE,119,173,115,31,0,2,2,22,63,21,6,17,8,58,208,140,35,0,2,2,27,79,24,9,20,9,67,HRV,Croatie,TRUE,FALSE,TRUE
2020,Europe,GRECE,126,2501,2171,85,2,31,44,167,964,164,193,498,70,612,2692,2297,110,2,35,56,191,1036,198,207,521,77,653,GRC,Grèce,TRUE,TRUE,TRUE
2020,Europe,IRLANDE,136,517,321,106,2,2,18,67,154,76,47,88,13,139,720,454,146,2,9,25,84,209,100,79,98,20,214,IRL,Irlande,TRUE,TRUE,TRUE
2020,Europe,LIECHTENSTEIN,113,2,2,2,0,0,0,0,0,2,0,0,0,2,2,2,2,0,0,0,0,0,2,0,0,0,2,LIE,Liechtenstein,TRUE,FALSE,FALSE
2020,Europe,POLOGNE,122,1184,791,135,2,16,71,168,520,138,103,92,50,281,2067,1422,193,13,50,96,293,990,225,155,146,88,463,POL,Pologne,TRUE,TRUE,TRUE
2020,Europe,ROUMANIE,114,2337,1883,91,8,40,68,247,1096,218,169,278,78,498,3827,2981,158,23,84,99,482,1880,323,256,358,127,883,ROU,Roumanie,TRUE,FALSE,TRUE
2020,Europe,ROYAUME-UNI,132,1733,1135,207,2,19,104,267,716,244,172,86,39,476,3677,2467,407,17,87,187,512,1016,460,505,145,112,1439,GBR,Royaume-Uni,TRUE,TRUE,FALSE
2020,Europe,SLOVAQUIE,117,220,143,15,2,2,14,44,85,32,23,34,2,42,299,195,23,2,8,16,54,101,53,30,51,6,58,SVK,Slovaquie,TRUE,TRUE,TRUE
2020,Europe,SUEDE,104,370,164,83,7,7,42,67,200,41,21,31,15,62,509,231,118,8,12,54,86,260,63,35,36,25,90,SWE,Suède,TRUE,TRUE,TRUE
2020,Nationalite non connue,SANS NATIONALITE,995,10,10,0,0,0,0,0,2,0,2,2,0,2,21,19,0,0,2,0,2,7,2,2,2,2,5,NA,NA,NA,NA,NA
2020,Océanie,NAURU,507,2,0,2,0,0,0,0,0,0,0,0,0,2,2,0,2,0,0,0,0,0,0,0,0,0,2,NRU,Nauru,FALSE,FALSE,FALSE
2020,Océanie,REP. DES ILES PALAOS,517,2,0,0,0,0,0,2,2,0,0,0,0,0,2,0,2,0,0,0,2,2,0,0,0,0,0,PLW,Palaos,FALSE,FALSE,FALSE
2021,Afrique subsaharienne,AFRIQUE DU SUD,303,223,107,61,2,5,15,34,88,29,25,14,13,54,269,129,64,2,6,19,49,108,31,29,14,18,69,ZAF,Afrique du Sud,FALSE,FALSE,FALSE
2021,Afrique subsaharienne,ANGOLA,395,393,247,15,18,38,5,70,65,90,27,40,43,128,896,566,38,22,44,15,211,231,187,52,78,80,268,AGO,Angola,FALSE,FALSE,FALSE
2021,Afrique subsaharienne,ERYTHREE,317,23,17,0,0,0,0,6,2,2,0,2,0,12,68,50,2,2,2,2,11,14,10,2,10,2,30,ERI,Erythrée,FALSE,FALSE,FALSE
2021,Afrique subsaharienne,GAMBIE,304,13,5,2,0,2,0,2,2,2,2,0,2,2,35,13,5,0,2,2,15,20,2,2,0,2,6,GMB,Gambie,FALSE,FALSE,FALSE
2021,Afrique subsaharienne,GUINEE-BISSAO,392,27,20,2,0,0,0,6,12,2,2,2,0,8,80,48,8,0,2,0,22,41,6,2,2,5,21,GNB,Guinée-Bissau,FALSE,FALSE,FALSE
2021,Afrique subsaharienne,MALAWI,334,2,2,0,0,0,0,2,0,2,0,0,0,2,2,2,0,0,0,0,2,0,2,0,0,0,2,MWI,Malawi,FALSE,FALSE,FALSE
2021,Afrique subsaharienne,MALI,335,2466,1944,240,21,73,7,181,882,284,203,157,174,766,3168,2250,319,23,89,12,475,1348,312,235,187,218,868,MLI,Mali,FALSE,FALSE,FALSE
2021,Afrique subsaharienne,MAURICE,390,1234,866,69,24,33,144,98,385,128,134,57,57,473,1589,1091,107,25,45,164,157,554,165,159,68,71,572,MUS,Ile Maurice,FALSE,FALSE,FALSE
2021,Afrique subsaharienne,REP. DEM. CONGO,312,1508,1091,140,2,16,19,238,456,213,106,99,175,459,2775,1849,236,8,35,20,627,1079,339,151,164,317,725,COD,Congo (Rép. dém.),FALSE,FALSE,FALSE
2021,Afrique subsaharienne,SIERRA LEONE,342,15,8,2,0,2,0,2,7,2,2,0,2,2,33,19,2,0,2,0,9,15,2,2,2,5,9,SLE,Sierra Leone,FALSE,FALSE,FALSE
2021,Afrique subsaharienne,SWAZILAND,391,5,2,0,0,0,0,2,2,0,2,0,0,2,6,2,2,0,0,0,2,2,0,2,0,0,2,SWZ,Eswatini,FALSE,FALSE,FALSE
2021,Afrique subsaharienne,TOGO,345,3480,2840,212,53,85,12,278,684,378,379,326,376,1337,3989,3143,296,55,105,19,371,899,424,412,376,409,1469,TGO,Togo,FALSE,FALSE,FALSE
2021,Afrique subsaharienne,ZIMBABWE,310,59,40,2,0,2,5,10,17,13,6,2,2,16,66,45,2,0,2,5,11,17,14,7,5,2,19,ZWE,Zimbabwe,FALSE,FALSE,FALSE
2021,Amérique,BAHAMAS,436,7,2,2,0,0,2,2,2,2,0,0,0,2,10,2,2,0,0,2,2,2,2,0,0,2,2,BHS,Bahamas,FALSE,FALSE,FALSE
2021,Amérique,CHILI,417,786,510,76,2,49,44,105,317,114,103,45,33,174,900,584,90,2,51,53,119,353,135,109,53,36,214,CHL,Chili,FALSE,TRUE,FALSE
2021,Amérique,CUBA,407,157,129,2,2,2,6,17,40,13,39,8,6,51,205,163,5,2,2,7,25,56,17,41,12,6,73,CUB,Cuba,FALSE,FALSE,FALSE
2021,Amérique,DOMINIQUE,438,50,40,2,2,0,2,6,14,2,2,2,2,24,126,103,2,2,2,2,18,24,11,8,7,5,71,DMA,Dominique,FALSE,FALSE,FALSE
2021,Amérique,GRENADE,435,17,7,0,0,2,0,9,12,0,0,0,0,5,23,7,0,0,2,0,15,18,0,0,0,0,5,GRD,Grenade,FALSE,FALSE,FALSE
2021,Amérique,GUYANA,428,16,7,2,0,0,2,6,5,2,2,0,0,6,88,58,2,2,0,2,25,18,2,12,2,5,46,GUY,Guyana,FALSE,FALSE,FALSE
2021,Amérique,JAMAIQUE,426,47,44,2,0,0,0,2,8,2,2,2,2,29,55,48,2,0,0,0,2,11,5,5,2,2,30,JAM,Jamaïque,FALSE,FALSE,FALSE
2021,Amérique,PANAMA,413,76,45,14,0,2,2,12,24,13,17,2,2,16,87,52,18,0,2,2,12,24,13,21,6,5,18,PAN,Panama,FALSE,FALSE,FALSE
2021,Amérique,PEROU,422,994,644,127,15,50,53,105,416,105,102,81,48,242,1223,819,145,15,54,61,129,498,124,135,92,57,317,PER,Pérou,FALSE,FALSE,FALSE
2021,Amérique,SAINT-CHRISTOPHE-ET-NIEVES,442,2,2,2,0,0,0,0,2,0,0,0,0,2,7,6,2,0,0,0,0,2,2,0,2,0,2,KNA,Saint-Christophe-et-Niévès,FALSE,FALSE,FALSE
2021,Asie,AFGHANISTAN,212,345,262,14,0,6,2,60,109,48,32,21,32,103,598,437,24,2,8,7,121,170,80,40,67,61,180,AFG,Afghanistan,FALSE,FALSE,FALSE
2021,Asie,ARABIE SAOUDITE,201,576,484,53,2,2,6,30,133,76,47,49,37,234,627,518,60,2,2,9,37,153,84,53,50,37,250,SAU,Arabie Saoudite,FALSE,FALSE,FALSE
2021,Asie,BHOUTAN,214,5,2,2,0,2,0,2,2,2,0,0,2,2,6,2,2,0,2,0,2,2,2,0,0,2,2,BTN,Bhoutan,FALSE,FALSE,FALSE
2021,Asie,BIRMANIE,224,44,23,7,0,2,6,7,18,2,5,5,2,11,49,25,9,0,2,6,8,20,2,6,6,2,12,MMR,Birmanie,FALSE,FALSE,FALSE
2021,Asie,CAMBODGE,234,600,493,28,2,14,12,51,161,262,44,11,18,104,720,566,38,2,19,15,79,226,279,51,18,22,124,KHM,Cambodge,FALSE,FALSE,FALSE
2021,Asie,CHINE,216,24670,10201,9439,281,1725,1050,1974,8444,2708,1830,1374,1881,8433,27467,11480,10115,327,1888,1205,2452,10109,2903,1915,1460,1953,9127,CHN,Chine,FALSE,FALSE,FALSE
2021,Asie,KIRGHIZISTAN,257,95,86,2,0,0,2,2,24,18,6,9,6,32,123,106,2,0,2,2,8,32,19,7,13,10,42,KGZ,Kirghizistan,FALSE,FALSE,FALSE
2021,Asie,MONGOLIE,242,95,58,5,0,2,12,19,35,11,10,12,2,25,265,184,12,2,2,17,47,83,30,21,19,14,98,MNG,Mongolie,FALSE,FALSE,FALSE
2021,Asie,PHILIPPINES,220,282,123,78,0,2,14,65,130,33,19,7,18,75,488,234,97,2,6,16,133,267,38,27,8,21,127,PHL,Philippines,FALSE,FALSE,FALSE
2021,Europe,ALBANIE,125,653,469,36,0,25,27,96,147,169,52,64,29,192,1322,920,56,2,36,37,270,215,341,106,184,71,405,ALB,Albanie,TRUE,FALSE,FALSE
2021,Europe,ALLEMAGNE,109,6924,4417,1312,25,147,194,829,2774,782,423,953,212,1780,8185,5230,1484,39,203,236,993,3144,941,550,1204,265,2081,DEU,Allemagne,TRUE,TRUE,TRUE
2021,Europe,BOSNIE-HERZEGOVINE,118,94,64,5,0,0,2,23,31,9,9,11,7,27,221,147,11,0,2,2,57,42,53,15,50,9,52,BIH,Bosnie-Herzégovine,TRUE,FALSE,FALSE
2021,Europe,BULGARIE,111,682,520,50,2,8,38,64,226,96,77,108,30,145,969,725,69,2,15,45,111,337,129,99,133,40,231,BGR,Bulgarie,TRUE,FALSE,TRUE
2021,Europe,CROATIE,119,197,112,47,0,2,6,28,78,20,16,8,9,66,235,139,50,0,6,7,33,96,25,18,13,11,72,HRV,Croatie,TRUE,FALSE,TRUE
2021,Europe,ESPAGNE,134,7251,4760,846,66,364,198,1017,2518,960,1129,573,298,1773,11256,7546,1104,93,491,283,1739,3364,1378,2142,785,512,3075,ESP,Espagne,TRUE,TRUE,TRUE
2021,Europe,MONACO,138,172,124,18,2,2,5,19,40,7,10,2,6,108,325,186,51,8,13,19,48,78,19,22,8,13,185,MCO,Monaco,FALSE,FALSE,FALSE
2021,Europe,PORTUGAL,139,1854,886,306,5,31,79,547,809,212,166,169,72,426,7835,5094,671,41,145,195,1689,3386,889,686,468,252,2154,PRT,Portugal,TRUE,TRUE,TRUE
2021,Europe,REPUBLIQUE TCHEQUE,116,467,314,48,2,9,14,78,175,76,32,45,19,120,567,374,59,2,15,18,97,208,89,45,54,29,142,CZE,République tchèque,TRUE,TRUE,TRUE
2021,Europe,SUISSE,140,1476,862,254,2,8,141,207,637,235,97,234,20,253,2185,1269,400,7,25,191,293,827,451,140,303,34,430,CHE,Suisse,TRUE,TRUE,FALSE
2021,Nationalite non connue,"AUTRE PAYS, ETRANGER SANS AUTRE INDICATION",999,2585,14,261,0,45,203,2062,775,244,242,206,245,873,4618,30,300,0,202,223,3863,1322,524,386,303,432,1651,NA,NA,NA,NA,NA
2021,Océanie,NOUVELLE ZELANDE,502,51,28,10,0,0,5,8,27,2,6,2,0,11,66,39,12,0,0,5,10,29,6,9,2,2,18,NZL,Nouvelle-Zélande,FALSE,TRUE,FALSE
2022,Afrique subsaharienne,ANGOLA,395,381,269,17,22,37,2,32,57,75,31,53,39,126,914,574,49,27,43,9,212,237,173,63,88,86,267,AGO,Angola,FALSE,FALSE,FALSE
2022,Afrique subsaharienne,BENIN,327,5102,3773,382,50,429,47,421,1243,620,569,351,418,1901,5667,4043,520,52,449,55,548,1567,660,597,376,442,2025,BEN,Bénin,FALSE,FALSE,FALSE
2022,Afrique subsaharienne,BURUNDI,321,1127,1007,19,8,19,2,70,111,103,233,83,178,419,1217,1062,27,8,22,6,92,129,113,246,96,191,442,BDI,Burundi,FALSE,FALSE,FALSE
2022,Afrique subsaharienne,CAP-VERT,396,42,30,5,0,2,0,6,18,6,2,2,6,7,254,168,10,0,2,2,73,160,16,7,6,12,53,CPV,Cap Vert,FALSE,FALSE,FALSE
2022,Afrique subsaharienne,EGYPTE,301,2400,1913,184,18,52,65,168,960,451,178,123,94,594,2930,2251,234,21,79,73,272,1278,482,197,200,116,657,EGY,Egypte,FALSE,FALSE,FALSE
2022,Afrique subsaharienne,ETHIOPIE,315,268,200,17,2,2,2,41,28,52,63,17,17,91,324,241,17,6,8,5,47,39,59,67,22,20,117,ETH,Ethiopie,FALSE,FALSE,FALSE
2022,Afrique subsaharienne,GUINEE EQUATORIALE,314,56,38,2,0,2,2,11,14,7,2,2,7,20,86,60,6,0,2,2,17,24,9,8,7,8,30,GNQ,Guinée-Équatoriale,FALSE,FALSE,FALSE
2022,Afrique subsaharienne,KENYA,332,181,112,25,2,2,8,31,74,22,20,9,6,50,207,130,28,2,2,8,36,80,24,22,11,6,64,KEN,Kenya,FALSE,FALSE,FALSE
2022,Afrique subsaharienne,LESOTHO,348,13,11,0,0,0,0,2,0,2,0,0,2,8,13,11,0,0,0,0,2,0,2,0,0,2,8,LSO,Lesotho,FALSE,FALSE,FALSE
2022,Afrique subsaharienne,NIGER,337,1077,807,118,14,37,9,92,234,167,121,70,107,378,1199,879,138,15,43,10,114,276,186,135,77,115,410,NER,Niger,FALSE,FALSE,FALSE
2022,Afrique subsaharienne,REP. DEM. CONGO,312,1593,1162,140,9,32,20,230,447,220,114,117,181,514,2882,1904,230,11,49,29,659,1042,376,160,190,307,807,COD,Congo (Rép. dém.),FALSE,FALSE,FALSE
2022,Afrique subsaharienne,TOGO,345,4083,3288,286,60,94,17,338,786,419,450,368,405,1655,4645,3604,394,62,108,23,454,1011,477,499,426,449,1783,TGO,Togo,FALSE,FALSE,FALSE
2022,Amérique,ARGENTINE,415,768,448,78,2,76,36,129,353,87,59,54,29,186,874,506,96,2,87,41,142,394,105,74,55,33,213,ARG,Argentine,FALSE,FALSE,FALSE
2022,Amérique,BRESIL,416,4849,2716,388,97,990,149,509,1767,866,399,311,402,1104,5682,3296,451,100,1038,174,623,2053,948,481,346,438,1416,BRA,Brésil,FALSE,FALSE,FALSE
2022,Amérique,COSTA RICA,406,217,146,24,2,6,5,35,78,36,38,13,20,32,242,160,30,2,6,5,40,89,37,39,16,23,38,CRI,Costa Rica,FALSE,FALSE,FALSE
2022,Amérique,EQUATEUR,420,611,431,71,2,15,33,60,180,131,113,35,32,120,687,470,89,2,15,38,72,211,143,119,45,33,136,ECU,Equateur,FALSE,FALSE,FALSE
2022,Amérique,GUATEMALA,409,165,99,20,2,6,11,26,47,33,27,9,7,42,211,124,31,2,6,16,31,60,41,29,17,9,55,GTM,Guatemala,FALSE,FALSE,FALSE
2022,Amérique,JAMAIQUE,426,45,36,5,0,0,0,2,13,2,7,2,2,22,55,41,5,0,0,0,9,17,2,7,2,2,27,JAM,Jamaïque,FALSE,FALSE,FALSE
2022,Amérique,PEROU,422,1055,686,176,6,32,45,110,418,119,107,88,63,260,1294,844,204,6,34,56,150,501,146,136,102,77,332,PER,Pérou,FALSE,FALSE,FALSE
2022,Amérique,SAINTE-LUCIE,439,39,37,2,2,0,0,0,2,0,2,2,0,34,65,56,2,2,0,0,6,2,0,2,2,2,57,LCA,Sainte-Lucie,FALSE,FALSE,FALSE
2022,Amérique,TRINITE-ET-TOBAGO,433,33,23,2,0,0,2,2,10,6,2,2,2,10,34,24,2,0,0,2,2,11,6,2,2,2,10,TTO,Trinité et Tobago,FALSE,FALSE,FALSE
2022,Asie,ARMENIE,252,1246,1186,22,0,2,9,28,108,946,85,42,7,58,2245,1885,61,2,9,21,265,263,1094,214,252,72,350,ARM,Arménie,TRUE,FALSE,FALSE
2022,Asie,BANGLADESH,246,326,243,28,0,2,6,47,109,36,24,31,22,104,618,430,37,6,9,7,129,324,46,32,47,26,143,BGD,Bangladesh,FALSE,FALSE,FALSE
2022,Asie,BRUNEI,225,8,2,2,0,0,2,2,2,0,2,0,2,2,8,2,2,0,0,2,2,2,0,2,0,2,2,BRN,Brunei,FALSE,FALSE,FALSE
2022,Asie,CAMBODGE,234,637,504,36,2,26,9,59,211,229,32,17,25,123,757,582,38,2,36,12,86,269,251,41,25,29,142,KHM,Cambodge,FALSE,FALSE,FALSE
2022,Asie,COREE DU SUD,239,2362,1220,309,2,37,556,238,1256,372,135,122,56,421,2686,1381,366,2,48,615,273,1449,396,138,132,60,511,KOR,Corée du Sud,FALSE,TRUE,FALSE
2022,Asie,EMIRATS ARABES UNIS,247,260,234,16,2,2,2,5,182,16,17,8,8,29,274,241,20,2,2,2,8,190,19,17,8,8,32,ARE,Emirats arabes unis,FALSE,FALSE,FALSE
2022,Asie,GEORGIE,255,377,275,43,0,0,9,50,130,48,55,43,7,94,838,613,62,0,6,17,140,243,84,91,111,42,267,GEO,Géorgie,TRUE,FALSE,FALSE
2022,Asie,INDONESIE,231,960,577,219,2,9,39,115,242,112,140,65,81,320,1019,610,231,2,12,42,123,266,119,142,67,84,341,IDN,Indonésie,FALSE,FALSE,FALSE
2022,Asie,ISRAEL,207,188,103,24,0,2,32,27,123,10,9,22,7,17,231,130,33,0,2,36,30,144,15,10,29,9,24,ISR,Israël,FALSE,TRUE,FALSE
2022,Asie,JORDANIE,222,170,121,18,2,5,2,21,52,27,27,13,8,43,195,140,22,2,5,2,23,65,34,27,16,8,45,JOR,Jordanie,FALSE,FALSE,FALSE
2022,Asie,KAZAKHSTAN,256,526,353,67,2,7,25,70,152,81,56,102,19,116,621,412,84,2,9,28,84,183,86,63,114,24,151,KAZ,Kazakhstan,TRUE,FALSE,FALSE
2022,Asie,KIRGHIZISTAN,257,86,73,2,0,2,2,8,21,19,6,2,2,34,122,93,12,0,2,2,11,29,25,7,9,6,46,KGZ,Kirghizistan,FALSE,FALSE,FALSE
2022,Asie,KOWEIT,240,104,87,12,0,0,2,2,23,16,29,14,2,19,117,98,13,0,0,2,5,26,17,34,16,2,21,KWT,Koweït,FALSE,FALSE,FALSE
2022,Asie,MONGOLIE,242,97,68,8,0,0,8,13,39,7,12,11,2,24,261,188,17,0,5,11,40,80,28,21,20,13,99,MNG,Mongolie,FALSE,FALSE,FALSE
2022,Asie,OMAN,250,74,67,2,0,0,0,2,7,15,16,6,7,23,83,72,7,0,2,0,2,11,17,16,6,7,26,OMN,Oman,FALSE,FALSE,FALSE
2022,Asie,OUZBEKISTAN,258,121,94,11,0,0,5,11,45,16,15,13,2,29,141,110,12,0,2,5,13,48,19,17,16,5,36,UZB,Ouzbékistan,FALSE,FALSE,FALSE
2022,Asie,PAKISTAN,213,546,364,74,0,2,8,97,157,89,41,52,50,157,964,618,95,2,12,9,229,457,102,49,80,71,205,PAK,Pakistan,FALSE,FALSE,FALSE
2022,Asie,SRI LANKA,235,188,90,35,0,17,11,35,79,16,9,11,2,69,1061,650,59,6,42,15,289,785,35,23,45,17,156,LKA,Sri Lanka,FALSE,FALSE,FALSE
2022,Asie,TADJIKISTAN,259,22,15,2,0,0,0,5,2,6,2,2,0,8,35,24,2,0,2,0,8,8,10,2,2,2,10,TJK,Tadjikistan,FALSE,FALSE,FALSE
2022,Asie,TIMOR ORIENTAL,262,2,2,2,0,0,0,0,0,0,0,0,2,2,2,2,2,0,0,0,0,0,0,0,0,2,2,TLS,Timor oriental,FALSE,FALSE,FALSE
2022,Asie,YEMEN,251,216,180,9,8,5,6,8,33,53,24,25,17,64,255,206,11,9,5,11,13,46,57,31,27,22,72,YEM,Yémen,FALSE,FALSE,FALSE
2022,Europe,BIELORUSSIE,148,218,148,28,6,5,15,16,70,31,18,23,7,69,293,199,34,8,6,21,25,89,41,27,27,11,98,BLR,Biélorussie,TRUE,FALSE,FALSE
2022,Europe,ESTONIE,106,87,46,9,0,2,8,23,51,6,9,6,2,13,107,54,15,0,2,9,28,61,9,9,6,2,20,EST,Estonie,TRUE,TRUE,TRUE
2022,Europe,HONGRIE,112,551,313,81,2,12,30,113,275,54,48,37,26,111,662,374,101,2,15,31,138,314,75,50,45,29,149,HUN,Hongrie,FALSE,TRUE,TRUE
2022,Europe,LIECHTENSTEIN,113,2,2,2,0,0,0,0,2,0,0,2,0,0,2,2,2,0,0,0,0,2,0,0,2,0,2,LIE,Liechtenstein,TRUE,FALSE,FALSE
2022,Europe,LUXEMBOURG,137,1448,1234,88,2,7,25,91,374,45,166,634,44,185,1792,1512,116,2,14,32,115,424,65,178,860,47,218,LUX,Luxembourg,TRUE,TRUE,TRUE
2022,Maghreb,LIBYE,316,171,141,21,0,2,2,6,44,16,30,20,19,42,262,209,28,0,9,2,14,75,34,33,28,22,70,LBY,Libye,FALSE,FALSE,FALSE
2022,Maghreb,MAROC,350,38479,21662,6368,1847,4257,625,3720,9786,5614,3584,3247,4100,12148,45165,24468,8055,1950,4776,698,5218,12136,6195,4730,3702,4655,13747,MAR,Maroc,FALSE,FALSE,FALSE
2022,Nationalite non connue,"AUTRE PAYS, ETRANGER SANS AUTRE INDICATION",999,2456,27,116,0,34,394,1885,984,215,205,122,187,743,3988,41,222,0,67,445,3213,1312,385,355,221,296,1419,NA,NA,NA,NA,NA
2022,Océanie,MICRONESIE,516,0,0,0,0,0,0,0,0,0,0,0,0,0,2,2,0,0,0,0,0,0,0,2,0,0,0,FSM,Micronésie,FALSE,FALSE,FALSE
2022,Océanie,SAMOA OCCIDENTALES,506,0,0,0,0,0,0,0,0,0,0,0,0,0,2,0,0,0,0,2,2,0,0,2,0,0,2,WSM,Samoa,FALSE,FALSE,FALSE
2022,Océanie,TONGA,509,2,2,0,0,0,0,0,2,0,0,0,0,0,2,2,0,0,2,0,2,2,0,0,0,0,2,TON,Tonga,FALSE,FALSE,FALSE
2022,Océanie,TUVALU,511,0,0,0,0,0,0,0,0,0,0,0,0,0,0,0,0,0,0,0,0,0,0,0,0,0,0,TUV,Tuvalu,FALSE,FALSE,FALSE
2023,Afrique subsaharienne,BURUNDI,321,1134,996,29,9,20,7,73,131,104,226,76,155,442,1226,1059,37,9,23,8,90,154,113,238,92,163,466,BDI,Burundi,FALSE,FALSE,FALSE
2023,Afrique subsaharienne,GHANA,329,455,329,58,0,12,2,52,88,57,55,33,38,184,511,356,66,0,12,2,73,112,67,58,39,40,195,GHA,Ghana,FALSE,FALSE,FALSE
2023,Afrique subsaharienne,REP. DEM. CONGO,312,1731,1207,183,12,48,19,262,490,195,165,101,225,555,3138,1971,334,17,68,29,719,1136,369,207,171,369,886,COD,Congo (Rép. dém.),FALSE,FALSE,FALSE
2023,Afrique subsaharienne,SIERRA LEONE,342,18,15,0,0,0,0,2,2,2,2,2,2,7,28,21,2,0,0,0,5,6,2,2,2,2,10,SLE,Sierra Leone,FALSE,FALSE,FALSE
2023,Afrique subsaharienne,TOGO,345,4705,3589,438,66,134,17,461,957,488,508,424,472,1856,5424,3941,646,69,148,24,596,1277,555,568,492,518,2014,TGO,Togo,FALSE,FALSE,FALSE
2023,Amérique,ARGENTINE,415,658,380,69,2,60,34,113,293,89,49,56,28,143,751,433,86,2,65,42,122,327,100,63,57,30,174,ARG,Argentine,FALSE,FALSE,FALSE
2023,Amérique,COLOMBIE,419,3538,2171,596,62,221,134,354,1272,488,489,284,140,865,3979,2418,653,64,254,162,428,1473,537,526,304,151,988,COL,Colombie,FALSE,TRUE,FALSE
2023,Amérique,GRENADE,435,16,2,2,0,0,0,9,13,0,0,0,0,2,21,2,2,0,0,0,14,18,0,0,0,0,2,GRD,Grenade,FALSE,FALSE,FALSE
2023,Amérique,NICARAGUA,412,74,58,8,0,0,6,2,11,13,20,2,2,24,89,70,10,0,0,6,2,14,18,21,2,2,30,NIC,Nicaragua,FALSE,FALSE,FALSE
2023,Amérique,PEROU,422,1028,641,195,5,27,55,105,423,124,98,63,61,259,1283,806,223,6,29,72,147,523,149,132,78,69,332,PER,Pérou,FALSE,FALSE,FALSE
2023,Amérique,VENEZUELA,424,613,455,49,5,15,47,42,185,81,114,49,39,145,769,537,63,5,47,51,66,248,95,131,57,43,195,VEN,Venezuela,FALSE,FALSE,FALSE
2023,Asie,AFGHANISTAN,212,654,559,24,0,6,11,54,139,141,34,54,77,209,1023,800,43,2,8,21,150,240,176,54,119,114,320,AFG,Afghanistan,FALSE,FALSE,FALSE
2023,Asie,ARMENIE,252,1643,1556,24,2,2,18,43,111,1339,86,24,12,71,2738,2311,75,6,10,35,301,274,1518,189,241,73,443,ARM,Arménie,TRUE,FALSE,FALSE
2023,Asie,BANGLADESH,246,350,247,28,2,2,10,63,139,38,19,24,19,111,689,456,36,8,11,11,167,390,46,35,36,25,157,BGD,Bangladesh,FALSE,FALSE,FALSE
2023,Asie,BHOUTAN,214,2,2,2,0,0,0,0,2,2,0,0,0,0,7,2,2,0,0,0,2,5,2,0,0,0,2,BTN,Bhoutan,FALSE,FALSE,FALSE
2023,Asie,CAMBODGE,234,495,370,32,2,26,7,57,172,151,39,13,25,95,607,437,36,2,39,10,81,230,171,47,21,27,111,KHM,Cambodge,FALSE,FALSE,FALSE
2023,Asie,COREE DU NORD,238,106,7,19,0,2,46,33,60,18,2,8,0,19,115,9,19,0,2,48,38,65,20,2,8,0,21,PRK,Corée du Nord,FALSE,FALSE,FALSE
2023,Asie,COREE DU SUD,239,2208,1155,264,2,44,504,239,1153,323,135,128,52,417,2518,1307,299,5,60,577,270,1329,344,141,142,57,505,KOR,Corée du Sud,FALSE,TRUE,FALSE
2023,Asie,JORDANIE,222,181,124,23,2,6,2,25,62,26,25,10,12,46,213,147,27,2,6,2,30,76,33,25,12,16,51,JOR,Jordanie,FALSE,FALSE,FALSE
2023,Asie,KIRGHIZISTAN,257,91,74,5,0,0,5,7,18,18,8,6,5,36,126,92,12,0,2,5,15,31,19,9,13,7,47,KGZ,Kirghizistan,FALSE,FALSE,FALSE
2023,Asie,QATAR,248,225,216,5,0,0,0,2,24,2,2,2,2,194,231,220,6,0,0,2,2,26,2,2,2,2,196,QAT,Qatar,FALSE,FALSE,FALSE
2023,Asie,YEMEN,251,187,153,8,5,10,5,6,30,47,20,22,13,55,236,193,10,6,10,5,12,39,53,27,29,19,69,YEM,Yémen,FALSE,FALSE,FALSE
2023,Europe,ALLEMAGNE,109,6993,4450,1261,25,143,211,903,2933,851,465,865,240,1639,8244,5212,1408,44,192,275,1113,3328,960,571,1116,286,1983,DEU,Allemagne,TRUE,TRUE,TRUE
2023,Europe,ANDORRE,130,289,223,5,0,15,5,41,29,19,209,2,2,28,329,248,8,2,16,8,48,36,26,225,5,2,35,AND,Andorre,TRUE,FALSE,FALSE
2023,Europe,AUTRICHE,110,566,254,155,2,5,27,123,338,53,27,35,20,93,659,306,166,2,12,31,141,382,60,30,42,27,118,AUT,Autriche,TRUE,TRUE,TRUE
2023,Europe,FINLANDE,105,337,162,109,0,2,18,44,123,65,43,25,9,72,416,206,123,0,6,24,57,153,76,52,30,11,94,FIN,Finlande,TRUE,TRUE,TRUE
2023,Europe,IRLANDE,136,828,512,187,2,6,27,95,231,156,98,129,22,192,1058,674,218,2,12,30,120,296,189,123,142,25,283,IRL,Irlande,TRUE,TRUE,TRUE
2023,Europe,SLOVAQUIE,117,284,183,27,2,2,13,57,117,30,20,34,15,68,359,239,32,2,2,15,68,140,43,25,47,20,84,SVK,Slovaquie,TRUE,TRUE,TRUE
2023,Europe,SLOVENIE,145,108,48,27,0,2,10,22,55,7,5,10,10,21,122,58,29,0,2,10,23,58,9,5,11,11,28,SVN,Slovénie,TRUE,TRUE,TRUE
2023,Océanie,MICRONESIE,516,0,0,0,0,0,0,0,0,0,0,0,0,0,2,2,0,0,0,0,0,0,0,2,0,0,0,FSM,Micronésie,FALSE,FALSE,FALSE
2024,Afrique subsaharienne,BURKINA,331,1980,1360,214,49,139,14,204,493,332,164,113,184,694,2255,1518,249,55,152,19,262,599,360,188,130,199,779,BFA,Burkina Faso,FALSE,FALSE,FALSE
2024,Afrique subsaharienne,CAP-VERT,396,43,30,5,2,0,0,6,14,7,2,5,6,7,252,150,17,2,0,2,82,158,21,6,6,16,45,CPV,Cap Vert,FALSE,FALSE,FALSE
2024,Afrique subsaharienne,GABON,328,4579,2719,711,66,288,41,754,926,583,615,289,484,1682,5761,3378,879,72,335,51,1046,1246,738,732,378,576,2091,GAB,Gabon,FALSE,FALSE,FALSE
2024,Afrique subsaharienne,KENYA,332,213,149,22,0,5,2,34,65,37,28,17,6,60,246,169,26,0,6,2,42,74,38,31,17,7,79,KEN,Kenya,FALSE,FALSE,FALSE
2024,Afrique subsaharienne,MADAGASCAR,333,4818,3580,388,78,97,100,575,1566,566,562,210,174,1740,6324,4526,548,94,163,125,868,2074,727,712,339,226,2246,MDG,Madagascar,FALSE,FALSE,FALSE
2024,Afrique subsaharienne,MALAWI,334,18,12,2,0,0,2,2,5,2,0,0,2,8,19,13,2,0,0,2,2,5,2,0,0,2,9,MWI,Malawi,FALSE,FALSE,FALSE
2024,Afrique subsaharienne,TCHAD,344,2544,2141,157,23,58,10,155,421,363,309,207,198,1046,2841,2328,183,27,70,14,219,512,396,329,230,213,1161,TCD,Tchad,FALSE,FALSE,FALSE
2024,Amérique,CANADA,401,1980,1178,341,11,37,110,303,806,420,158,147,65,384,2352,1356,446,12,58,121,359,1013,466,174,163,80,456,CAN,Canada,FALSE,TRUE,FALSE
2024,Amérique,CUBA,407,136,108,2,0,2,5,18,43,25,12,12,6,38,189,149,8,0,2,5,26,55,27,24,17,11,55,CUB,Cuba,FALSE,FALSE,FALSE
2024,Amérique,SAINTE-LUCIE,439,25,24,0,2,0,0,0,0,0,0,0,0,25,51,40,0,2,0,2,9,2,0,2,0,0,49,LCA,Sainte-Lucie,FALSE,FALSE,FALSE
2024,Amérique,URUGUAY,423,113,59,15,2,22,2,13,44,8,14,6,9,32,123,64,17,2,23,2,14,46,10,16,7,11,33,URY,Uruguay,FALSE,FALSE,FALSE
2024,Asie,ARABIE SAOUDITE,201,529,397,74,0,2,8,48,150,74,44,52,37,172,595,435,92,0,2,8,56,178,80,47,54,38,198,SAU,Arabie Saoudite,FALSE,FALSE,FALSE
2024,Asie,BAHREIN,249,49,41,5,0,0,0,2,19,7,5,2,2,13,51,43,5,0,0,0,2,19,7,6,5,2,13,BHR,Bahreïn,FALSE,FALSE,FALSE
2024,Asie,BHOUTAN,214,5,2,2,0,0,0,0,2,0,0,0,0,2,9,6,2,0,0,0,2,5,0,0,0,0,2,BTN,Bhoutan,FALSE,FALSE,FALSE
2024,Asie,BIRMANIE,224,75,41,19,0,0,7,8,25,9,11,2,2,22,86,47,22,0,0,9,8,31,10,11,5,2,25,MMR,Birmanie,FALSE,FALSE,FALSE
2024,Asie,BRUNEI,225,8,2,2,0,0,2,0,2,0,2,2,0,2,10,5,2,0,0,2,0,2,0,2,2,2,2,BRN,Brunei,FALSE,FALSE,FALSE
2024,Asie,GEORGIE,255,536,334,100,0,2,33,66,202,55,60,44,25,150,1171,791,132,0,9,48,191,362,133,116,127,54,379,GEO,Géorgie,TRUE,FALSE,FALSE
2024,Asie,IRAK,203,200,166,2,2,2,5,23,48,39,10,24,17,62,666,480,9,2,14,12,147,112,114,31,105,60,244,IRQ,Irak,FALSE,FALSE,FALSE
2024,Asie,KIRGHIZISTAN,257,99,77,13,0,0,5,2,22,24,8,2,2,39,128,96,17,0,0,5,10,27,25,8,11,5,52,KGZ,Kirghizistan,FALSE,FALSE,FALSE
2024,Asie,KOWEIT,240,91,80,7,0,0,2,2,18,14,19,12,2,25,103,87,9,0,0,2,6,24,14,24,12,2,25,KWT,Koweït,FALSE,FALSE,FALSE
2024,Asie,LAOS,241,62,47,2,2,0,2,8,16,9,12,2,2,22,78,57,2,2,2,2,11,18,13,16,2,2,25,LAO,Laos,FALSE,FALSE,FALSE
2024,Asie,MALAISIE,227,679,339,96,30,136,9,69,84,82,169,66,56,222,704,351,102,30,139,12,70,94,85,172,67,56,230,MYS,Malaisie,FALSE,FALSE,FALSE
2024,Asie,MALDIVES,229,14,12,2,0,0,0,2,2,0,12,0,0,0,15,13,2,0,0,0,2,2,2,12,0,0,0,MDV,Maldives,FALSE,FALSE,FALSE
2024,Asie,MONGOLIE,242,116,76,19,0,0,14,7,50,11,11,7,7,30,267,181,26,0,2,19,38,84,21,23,16,17,106,MNG,Mongolie,FALSE,FALSE,FALSE
2024,Asie,PALESTINE,261,237,194,5,0,2,2,31,97,37,29,19,21,34,311,260,9,0,2,2,34,105,40,37,35,33,61,PSE,Territoires palestiniens,FALSE,FALSE,FALSE
2024,Asie,QATAR,248,245,233,7,0,0,0,5,30,2,2,2,2,205,249,235,7,0,0,2,6,33,2,2,2,5,205,QAT,Qatar,FALSE,FALSE,FALSE
2024,Asie,SYRIE,206,1156,973,36,12,16,32,87,296,203,83,158,59,357,2515,2036,63,29,50,50,287,496,423,179,397,168,852,SYR,Syrie,FALSE,FALSE,FALSE
2024,Asie,YEMEN,251,169,134,7,5,10,2,9,37,34,20,20,12,46,216,176,7,6,10,2,13,45,38,26,27,18,62,YEM,Yémen,FALSE,FALSE,FALSE
2024,Europe,ANDORRE,130,277,220,8,2,15,2,29,31,12,202,2,2,28,321,245,13,2,18,5,38,37,18,221,6,2,38,AND,Andorre,TRUE,FALSE,FALSE
2024,Europe,BIELORUSSIE,148,219,163,19,2,2,13,19,67,35,16,29,10,62,317,225,27,2,7,18,38,97,43,30,35,14,98,BLR,Biélorussie,TRUE,FALSE,FALSE
2024,Europe,FINLANDE,105,339,152,104,0,2,17,64,132,69,42,13,17,66,415,194,122,0,2,22,74,162,81,46,18,19,89,FIN,Finlande,TRUE,TRUE,TRUE
2024,Europe,HONGRIE,112,643,333,113,2,6,39,148,283,87,55,44,32,142,811,435,139,5,14,44,174,346,109,75,57,36,188,HUN,Hongrie,FALSE,TRUE,TRUE
2024,Europe,KOSOVO,157,58,33,2,0,0,2,19,16,15,2,6,2,17,663,431,21,2,2,7,199,54,185,13,219,29,163,XKX,Kosovo,FALSE,FALSE,FALSE
2024,Europe,LUXEMBOURG,137,1604,1318,123,2,14,45,100,433,66,199,663,54,189,2032,1664,172,5,19,49,123,517,87,209,941,64,214,LUX,Luxembourg,TRUE,TRUE,TRUE
2024,Europe,MACEDOINE,156,84,70,8,0,0,2,5,20,9,11,12,2,31,134,101,13,0,2,2,17,29,19,12,25,6,43,MKD,Macédoine du Nord,TRUE,FALSE,FALSE
2024,Europe,MALTE,144,36,16,5,0,0,8,7,18,2,2,2,2,7,42,18,7,0,2,8,7,22,2,2,2,2,9,MLT,Malte,TRUE,FALSE,TRUE
2024,Europe,ROUMANIE,114,2673,2067,144,6,33,90,333,1413,299,227,206,90,438,5163,3777,299,24,98,161,804,2715,485,367,328,174,1094,ROU,Roumanie,TRUE,FALSE,TRUE
2024,Europe,SLOVAQUIE,117,320,207,40,2,2,11,60,140,41,19,35,18,67,404,266,47,2,5,13,72,177,51,24,48,22,82,SVK,Slovaquie,TRUE,TRUE,TRUE
2024,Europe,SLOVENIE,145,100,49,20,0,2,9,21,55,11,5,2,2,23,118,56,27,0,2,10,23,64,14,6,5,2,26,SVN,Slovénie,TRUE,TRUE,TRUE
2024,Océanie,KIRIBATI,513,2,2,0,0,0,0,0,2,0,0,0,0,0,2,2,2,0,0,0,0,2,0,0,0,0,2,KIR,Kiribati,FALSE,FALSE,FALSE
2024,Océanie,NOUVELLE ZELANDE,502,61,40,7,0,0,2,11,31,14,5,2,2,8,72,47,8,0,0,2,14,33,17,7,2,2,11,NZL,Nouvelle-Zélande,FALSE,TRUE,FALSE
2014,Afrique subsaharienne,ANGOLA,395,230,187,6,2,6,2,25,37,31,35,23,22,82,521,408,12,2,11,5,83,125,71,60,49,42,174,AGO,Angola,FALSE,FALSE,FALSE
2015,Afrique subsaharienne,ANGOLA,395,278,217,9,5,11,2,33,53,47,28,36,23,91,630,492,14,5,13,5,101,162,95,62,67,42,202,AGO,Angola,FALSE,FALSE,FALSE
2015,Afrique subsaharienne,BENIN,327,2344,1937,52,23,153,12,167,576,343,191,168,207,859,2677,2107,80,26,173,15,276,722,369,218,193,231,944,BEN,Bénin,FALSE,FALSE,FALSE
2013,Afrique subsaharienne,BOTSWANA,347,10,8,0,0,0,0,2,2,2,2,0,0,6,14,10,2,0,2,0,2,2,2,2,0,0,6,BWA,Botswana,FALSE,FALSE,FALSE
2015,Afrique subsaharienne,CAP-VERT,396,72,58,2,0,0,2,9,18,8,10,2,12,20,208,156,2,0,2,5,44,119,11,11,10,15,42,CPV,Cap Vert,FALSE,FALSE,FALSE
2015,Afrique subsaharienne,COMORES,397,1290,1181,2,11,6,2,88,592,93,76,39,38,452,2531,2166,7,12,9,2,336,759,215,181,87,69,1220,COM,Comores,FALSE,FALSE,FALSE
2013,Afrique subsaharienne,CONGO,324,2044,1703,49,15,43,25,209,659,202,143,217,203,620,3371,2667,99,22,67,32,484,1312,295,200,288,340,936,COG,Congo,FALSE,FALSE,FALSE
2014,Afrique subsaharienne,GABON,328,3247,2728,119,56,158,12,174,486,338,427,303,391,1302,3946,3162,177,62,181,15,349,656,415,499,342,462,1572,GAB,Gabon,FALSE,FALSE,FALSE
2013,Afrique subsaharienne,GAMBIE,304,6,5,0,0,0,0,2,2,2,0,2,2,2,16,13,0,0,0,0,2,5,2,2,2,2,2,GMB,Gambie,FALSE,FALSE,FALSE
2014,Afrique subsaharienne,GHANA,329,194,166,8,0,0,2,19,38,27,14,41,8,66,261,222,10,0,0,2,28,61,30,15,46,9,100,GHA,Ghana,FALSE,FALSE,FALSE
2014,Afrique subsaharienne,GUINEE EQUATORIALE,314,39,37,0,0,0,0,2,9,8,2,6,6,6,53,44,2,0,0,0,8,12,10,8,8,7,8,GNQ,Guinée-Équatoriale,FALSE,FALSE,FALSE
2015,Afrique subsaharienne,LESOTHO,348,5,2,0,0,0,0,2,2,2,2,0,0,2,6,5,0,0,0,0,2,2,2,2,0,0,2,LSO,Lesotho,FALSE,FALSE,FALSE
2013,Afrique subsaharienne,LIBERIA,302,10,10,0,0,0,0,0,5,2,0,2,0,2,13,12,0,0,2,0,0,6,2,0,2,0,2,LBR,Liberia,FALSE,FALSE,FALSE
2015,Afrique subsaharienne,LIBERIA,302,10,7,0,0,0,0,2,5,0,0,2,2,2,17,13,2,0,0,0,2,10,2,0,2,2,2,LBR,Liberia,FALSE,FALSE,FALSE
2015,Afrique subsaharienne,NIGER,337,811,691,27,17,19,5,52,146,92,116,63,63,331,893,741,34,19,23,6,70,175,96,124,70,72,356,NER,Niger,FALSE,FALSE,FALSE
2013,Afrique subsaharienne,REP. CENTRAFRICAINE,323,363,322,2,2,2,0,33,93,33,31,28,38,140,613,507,11,2,10,2,81,183,56,50,44,60,220,CAF,République centrafricaine,FALSE,FALSE,FALSE
2013,Afrique subsaharienne,REP. DEM. CONGO,312,650,561,11,2,2,0,72,258,55,25,99,83,130,1123,885,24,2,9,2,200,534,87,35,125,125,217,COD,Congo (Rép. dém.),FALSE,FALSE,FALSE
2013,Afrique subsaharienne,SOMALIE,318,23,19,0,0,0,0,2,6,2,2,2,2,8,55,48,0,0,0,0,7,9,10,6,2,2,23,SOM,Somalie,FALSE,FALSE,FALSE
2015,Afrique subsaharienne,SOMALIE,318,15,14,0,0,0,0,2,6,2,0,2,0,5,57,52,0,0,0,0,5,7,5,8,5,2,31,SOM,Somalie,FALSE,FALSE,FALSE
2013,Afrique subsaharienne,TANZANIE,309,32,24,5,0,0,0,2,9,2,7,2,2,9,39,29,7,0,0,0,2,11,2,8,2,2,11,TZA,Tanzanie,FALSE,FALSE,FALSE
2013,Afrique subsaharienne,TOGO,345,1249,1032,48,2,51,6,108,288,159,103,138,198,363,1607,1273,63,6,71,8,186,451,188,124,167,235,442,TGO,Togo,FALSE,FALSE,FALSE
2014,Afrique subsaharienne,TOGO,345,1344,1082,45,2,67,7,141,308,189,132,165,158,392,1747,1355,62,2,84,9,234,471,224,157,207,205,483,TGO,Togo,FALSE,FALSE,FALSE
2015,Afrique subsaharienne,ZIMBABWE,310,28,19,2,0,0,0,5,16,2,2,0,2,5,38,26,2,2,0,0,7,17,2,2,2,2,9,ZWE,Zimbabwe,FALSE,FALSE,FALSE
2014,Amérique,BELIZE,429,2,2,2,0,0,2,2,2,0,0,0,0,2,5,2,2,0,0,2,2,2,0,0,0,0,2,BLZ,Belize,FALSE,FALSE,FALSE
2015,Amérique,BOLIVIE,418,304,200,17,2,23,11,51,99,63,48,13,10,71,386,243,21,2,26,14,79,131,72,60,17,13,93,BOL,Bolivie,FALSE,FALSE,FALSE
2013,Amérique,BRESIL,416,4529,2894,68,160,834,112,461,1811,805,385,276,249,1003,5141,3277,99,163,919,143,540,2084,840,443,299,272,1203,BRA,Brésil,FALSE,FALSE,FALSE
2014,Amérique,CANADA,401,1625,1074,188,8,28,34,293,705,307,132,142,34,305,1919,1234,228,10,52,44,351,808,360,163,151,51,386,CAN,Canada,FALSE,TRUE,FALSE
2014,Amérique,COLOMBIE,419,3018,2188,217,32,156,74,351,1147,514,310,267,78,702,3467,2475,239,34,187,102,430,1378,547,352,277,92,821,COL,Colombie,FALSE,TRUE,FALSE
2015,Amérique,DOMINIQUE,438,41,40,0,0,0,0,2,10,5,2,2,0,20,93,85,2,0,0,2,6,12,7,2,10,2,59,DMA,Dominique,FALSE,FALSE,FALSE
2013,Amérique,EQUATEUR,420,401,314,17,2,2,15,47,145,107,60,19,6,64,526,388,27,5,9,19,78,209,120,64,32,10,91,ECU,Equateur,FALSE,FALSE,FALSE
2014,Amérique,EQUATEUR,420,411,319,22,2,5,9,53,180,87,59,17,9,59,521,386,34,2,10,11,76,235,106,64,26,14,76,ECU,Equateur,FALSE,FALSE,FALSE
2013,Amérique,GRENADE,435,2,2,0,0,0,0,0,0,0,2,0,0,2,5,2,2,0,0,0,2,2,0,2,0,2,2,GRD,Grenade,FALSE,FALSE,FALSE
2014,Amérique,GUYANA,428,6,2,0,0,0,0,2,2,0,0,0,2,2,82,67,0,2,2,0,11,17,2,5,10,2,42,GUY,Guyana,FALSE,FALSE,FALSE
2015,Amérique,HAITI,410,1071,932,7,5,2,12,113,462,84,97,40,58,330,2066,1672,14,9,17,15,339,897,124,144,80,78,743,HTI,Haïti,FALSE,FALSE,FALSE
2014,Amérique,HONDURAS,411,65,51,2,0,2,2,6,14,12,16,2,2,20,80,61,6,0,2,2,8,15,14,23,2,2,24,HND,Honduras,FALSE,FALSE,FALSE
2014,Amérique,NICARAGUA,412,32,27,0,2,0,0,2,8,5,2,2,2,13,40,35,0,2,0,0,2,8,9,2,2,2,15,NIC,Nicaragua,FALSE,FALSE,FALSE
2015,Amérique,NICARAGUA,412,35,29,0,2,0,0,5,8,6,10,2,2,7,44,37,0,2,0,0,6,8,9,13,2,2,9,NIC,Nicaragua,FALSE,FALSE,FALSE
2013,Amérique,REPUBLIQUE DOMINICAINE,408,161,122,16,2,10,2,8,42,31,19,14,2,54,185,137,16,2,10,5,16,47,34,26,14,2,62,DOM,République dominicaine,FALSE,FALSE,FALSE
2014,Amérique,SAINTE-LUCIE,439,28,26,0,0,0,0,2,2,2,2,0,0,20,61,53,0,0,0,0,8,2,2,5,0,0,48,LCA,Sainte-Lucie,FALSE,FALSE,FALSE
2015,Amérique,SAINTE-LUCIE,439,25,22,0,0,0,0,2,2,0,2,0,0,22,57,47,2,0,0,0,9,5,2,2,0,0,49,LCA,Sainte-Lucie,FALSE,FALSE,FALSE
2014,Amérique,SALVADOR,414,200,166,8,2,2,5,14,40,64,32,12,7,45,231,186,9,5,6,5,20,47,77,33,13,11,50,SLV,Salvador,FALSE,FALSE,FALSE
2015,Amérique,TRINITE-ET-TOBAGO,433,25,19,2,0,0,0,2,8,2,2,2,2,7,26,20,2,0,0,0,2,9,2,2,2,2,7,TTO,Trinité et Tobago,FALSE,FALSE,FALSE
2013,Amérique,VENEZUELA,424,690,516,26,2,23,21,102,245,145,101,41,15,143,813,595,34,2,29,26,127,287,168,109,47,22,180,VEN,Venezuela,FALSE,FALSE,FALSE
2013,Asie,AFGHANISTAN,212,120,87,2,0,2,2,27,25,25,10,8,11,41,203,147,2,2,2,2,45,57,28,15,24,17,62,AFG,Afghanistan,FALSE,FALSE,FALSE
2015,Asie,ARABIE SAOUDITE,201,526,453,18,2,2,2,47,159,71,39,51,36,170,590,487,21,2,9,2,67,189,73,47,55,40,186,SAU,Arabie Saoudite,FALSE,FALSE,FALSE
2014,Asie,ARMENIE,252,757,690,13,0,0,10,44,125,442,39,39,11,101,1149,998,18,2,5,12,115,189,498,84,104,32,242,ARM,Arménie,TRUE,FALSE,FALSE
2013,Asie,AZERBAIDJAN,253,216,190,9,0,0,2,14,58,25,22,55,7,49,259,224,10,0,0,2,21,70,31,28,61,8,61,AZE,Azerbaïdjan,TRUE,FALSE,FALSE
2013,Asie,BRUNEI,225,15,14,0,0,2,0,0,2,0,6,0,2,6,21,20,0,0,2,0,0,5,0,7,0,2,8,BRN,Brunei,FALSE,FALSE,FALSE
2014,Asie,CHINE,216,27191,16380,4274,648,2186,1217,2486,8018,4312,2564,2041,1974,8282,29759,17223,4733,684,2528,1573,3018,9399,4463,2674,2135,2073,9015,CHN,Chine,FALSE,FALSE,FALSE
2013,Asie,CHYPRE,254,236,211,5,0,2,11,8,69,32,46,36,10,43,245,215,5,0,2,14,9,74,33,46,36,10,46,CYP,Chypre,TRUE,FALSE,TRUE
2014,Asie,CHYPRE,254,236,209,2,0,2,8,13,68,31,48,39,6,44,248,215,6,0,2,10,14,74,34,49,39,6,46,CYP,Chypre,TRUE,FALSE,TRUE
2015,Asie,COREE DU NORD,238,123,15,10,0,0,51,47,69,11,2,6,2,33,152,21,10,2,2,67,51,81,15,2,8,2,44,PRK,Corée du Nord,FALSE,FALSE,FALSE
2013,Asie,EMIRATS ARABES UNIS,247,188,161,17,2,2,2,7,136,2,7,2,10,27,202,169,18,2,2,2,9,141,6,8,2,10,33,ARE,Emirats arabes unis,FALSE,FALSE,FALSE
2014,Asie,EMIRATS ARABES UNIS,247,241,216,12,2,2,0,7,187,5,11,2,2,32,253,227,12,2,2,0,8,194,5,11,2,2,37,ARE,Emirats arabes unis,FALSE,FALSE,FALSE
2013,Asie,INDE,223,2149,804,821,10,61,9,444,818,336,172,104,177,542,2426,949,858,15,83,12,509,969,351,187,114,183,622,IND,Inde,FALSE,FALSE,FALSE
2014,Asie,INDONESIE,231,790,623,42,5,8,25,87,157,144,163,58,41,227,850,644,50,5,9,30,112,184,149,167,62,44,244,IDN,Indonésie,FALSE,FALSE,FALSE
2015,Asie,IRAK,203,375,333,2,2,2,6,28,79,57,30,48,25,136,473,400,5,2,8,8,50,102,72,41,56,28,174,IRQ,Irak,FALSE,FALSE,FALSE
2013,Asie,KIRGHIZISTAN,257,85,73,2,0,2,0,10,18,28,6,6,2,23,107,91,2,0,2,0,13,24,31,6,9,8,29,KGZ,Kirghizistan,FALSE,FALSE,FALSE
2013,Asie,LIBAN,205,4072,3028,184,62,213,57,528,1445,611,372,262,291,1091,4602,3311,228,70,291,71,631,1726,644,406,282,354,1190,LBN,Liban,FALSE,FALSE,FALSE
2014,Asie,MALAISIE,227,924,700,21,39,111,2,51,75,93,353,41,37,325,964,716,24,42,122,2,57,81,99,359,49,40,336,MYS,Malaisie,FALSE,FALSE,FALSE
2014,Asie,MALDIVES,229,14,14,0,0,0,0,0,2,0,11,0,0,2,20,16,0,0,2,0,2,6,0,11,0,0,2,MDV,Maldives,FALSE,FALSE,FALSE
2013,Asie,PHILIPPINES,220,111,69,21,2,2,2,18,33,18,12,7,2,37,179,110,30,2,2,2,35,74,21,15,9,7,53,PHL,Philippines,FALSE,FALSE,FALSE
2013,Asie,SINGAPOUR,226,123,52,16,0,18,2,35,67,23,7,8,2,17,160,65,17,0,22,2,52,88,26,10,9,2,26,SGP,Singapour,FALSE,FALSE,FALSE
2014,Asie,THAILANDE,219,537,385,65,0,13,10,64,133,81,118,29,11,165,638,447,70,2,17,14,89,169,94,126,40,17,192,THA,Thaïlande,FALSE,FALSE,FALSE
2014,Asie,TURKMENISTAN,260,28,24,0,0,0,2,2,8,2,5,2,2,2,33,28,0,0,0,2,2,8,5,6,2,2,7,TKM,Turkménistan,FALSE,FALSE,FALSE
2013,Asie,VIETNAM,243,5589,4551,116,26,294,56,546,1650,809,834,238,223,1835,6228,4942,159,32,324,74,697,1935,870,881,273,262,2007,VNM,Viêt Nam,FALSE,FALSE,FALSE
2013,Asie,YEMEN,251,153,115,11,0,8,2,17,36,9,7,9,11,81,163,122,13,0,7,2,19,41,11,8,9,12,82,YEM,Yémen,FALSE,FALSE,FALSE
2013,Europe,ALBANIE,125,471,385,8,2,12,29,34,184,59,47,52,7,122,624,493,14,5,20,38,54,226,84,56,85,10,163,ALB,Albanie,TRUE,FALSE,FALSE
2013,Europe,ANDORRE,130,225,209,8,0,0,2,6,14,5,191,2,2,12,294,248,9,0,12,2,22,25,10,236,2,2,19,AND,Andorre,TRUE,FALSE,FALSE
2013,Europe,BELGIQUE,131,2355,1797,152,15,59,119,213,844,239,245,211,308,508,4013,2914,279,30,166,146,478,1273,431,483,325,501,1000,BEL,Belgique,TRUE,TRUE,TRUE
2014,Europe,BELGIQUE,131,2497,1849,202,8,68,119,251,885,248,261,210,332,561,4294,3082,344,27,171,153,517,1320,464,514,356,550,1090,BEL,Belgique,TRUE,TRUE,TRUE
2013,Europe,BIELORUSSIE,148,326,284,9,0,2,10,21,90,46,17,18,15,140,402,340,13,2,2,13,31,114,54,22,20,22,170,BLR,Biélorussie,TRUE,FALSE,FALSE
2014,Europe,ESTONIE,106,119,84,6,0,0,5,24,50,12,9,15,2,29,132,96,6,0,0,6,24,55,14,13,15,2,31,EST,Estonie,TRUE,TRUE,TRUE
2013,Europe,FINLANDE,105,294,217,24,0,12,7,34,107,51,21,30,8,77,359,260,26,2,16,10,45,133,55,26,33,12,100,FIN,Finlande,TRUE,TRUE,TRUE
2013,Europe,HONGRIE,112,640,513,31,2,14,9,71,246,100,39,71,48,136,718,551,38,2,21,12,94,286,112,42,74,50,154,HUN,Hongrie,FALSE,TRUE,TRUE
2014,Europe,LETTONIE,107,169,124,15,0,2,13,13,52,29,12,19,2,54,209,149,20,0,2,17,19,64,37,14,21,5,68,LVA,Lettonie,TRUE,TRUE,TRUE
2014,Europe,LIECHTENSTEIN,113,2,2,0,0,0,2,0,2,0,2,2,0,0,2,2,0,0,0,2,0,2,0,2,2,0,0,LIE,Liechtenstein,TRUE,FALSE,FALSE
2013,Europe,LITUANIE,108,305,244,15,0,0,12,34,102,59,24,18,11,91,345,269,18,0,2,16,40,114,63,29,24,12,103,LTU,Lituanie,TRUE,TRUE,TRUE
2014,Europe,MONTENEGRO,120,40,32,2,0,0,0,6,10,2,2,7,2,17,54,41,2,0,0,0,11,13,2,2,13,2,21,MNE,Monténégro,TRUE,FALSE,FALSE
2014,Europe,PAYS-BAS,135,614,368,81,2,8,22,133,290,79,64,46,17,118,1178,769,126,8,35,32,208,390,152,182,79,48,327,NLD,Pays-Bas,TRUE,TRUE,TRUE
2014,Europe,PORTUGAL,139,1362,873,114,0,26,66,283,627,155,123,162,35,260,4434,3048,235,22,76,86,967,2187,449,294,308,160,1036,PRT,Portugal,TRUE,TRUE,TRUE
2014,Europe,ROUMANIE,114,3632,3127,62,12,87,60,284,1503,463,237,382,155,892,4289,3610,79,15,119,75,391,1838,512,271,421,176,1071,ROU,Roumanie,TRUE,FALSE,TRUE
2014,Europe,ROYAUME-UNI,132,2115,1605,153,2,12,75,269,702,350,218,147,47,651,3954,3027,266,7,67,100,487,994,527,547,206,123,1557,GBR,Royaume-Uni,TRUE,TRUE,FALSE
2014,Europe,SERBIE,121,444,318,16,0,5,22,83,192,46,46,49,14,97,666,467,25,2,7,28,138,299,65,55,87,21,139,SRB,Serbie,TRUE,FALSE,FALSE
2013,Europe,SLOVENIE,145,85,63,5,0,0,2,15,27,12,5,13,2,25,102,73,6,0,0,2,19,30,15,5,18,5,29,SVN,Slovénie,TRUE,TRUE,TRUE
2013,Europe,VATICAN,129,2,2,0,0,0,0,0,0,0,2,0,0,0,2,2,0,0,0,0,0,0,0,2,0,0,0,VAT,Vatican,TRUE,TRUE,FALSE
2013,Maghreb,LIBYE,316,365,337,7,0,0,2,19,72,42,21,53,33,144,409,371,9,2,0,2,25,88,44,36,58,34,149,LBY,Libye,FALSE,FALSE,FALSE
2013,Maghreb,MAROC,350,26017,17672,1994,1344,2668,512,1827,6585,3835,2508,2412,2732,7945,33696,20756,2973,1512,3665,668,4122,9343,4445,3437,2902,3618,9951,MAR,Maroc,FALSE,FALSE,FALSE
2013,Maghreb,MAURITANIE,336,1280,1174,19,6,23,0,58,431,106,108,76,64,495,1450,1293,23,7,31,2,95,497,118,114,84,95,542,MRT,Mauritanie,FALSE,FALSE,FALSE
2013,Maghreb,TUNISIE,351,9946,7866,271,177,629,93,910,3913,1163,847,563,489,2971,11853,8884,402,201,847,123,1396,4871,1351,971,631,551,3478,TUN,Tunisie,FALSE,FALSE,FALSE
2013,Nationalite non connue,SANS NATIONALITE,995,77,5,72,0,0,0,0,64,0,0,0,0,13,114,12,101,0,2,0,0,68,2,0,2,2,42,NA,NA,NA,NA,NA
2013,Océanie,AUSTRALIE,501,402,303,30,0,5,14,50,124,118,25,32,9,94,460,333,33,0,8,19,67,151,125,29,33,15,107,AUS,Australie,FALSE,TRUE,FALSE
2014,Océanie,AUSTRALIE,501,422,320,47,2,5,9,40,124,109,23,56,9,101,466,346,45,2,9,16,49,138,115,23,58,12,120,AUS,Australie,FALSE,TRUE,FALSE
2014,Océanie,PAPOUASIE-NOUVELLE-GUINEE,510,0,0,0,0,0,0,0,0,0,0,0,0,0,0,0,0,0,0,0,0,0,0,0,0,0,0,PNG,Papouasie-Nouvelle-Guinée,FALSE,FALSE,FALSE
2016,Asie,KIRGHIZISTAN,257,56,42,2,0,2,2,6,13,14,7,5,2,13,89,70,6,2,2,2,7,19,19,7,8,9,27,KGZ,Kirghizistan,FALSE,FALSE,FALSE
2017,Asie,KIRGHIZISTAN,257,64,52,2,0,0,2,2,21,17,2,6,2,17,99,79,5,2,2,2,9,29,22,2,11,5,30,KGZ,Kirghizistan,FALSE,FALSE,FALSE
2016,Asie,KOWEIT,240,195,187,2,0,0,0,5,30,22,36,19,2,84,202,192,2,0,2,0,6,32,22,37,19,2,88,KWT,Koweït,FALSE,FALSE,FALSE
2017,Asie,KOWEIT,240,158,130,2,0,0,0,25,33,24,29,15,2,55,171,137,2,0,2,0,30,36,24,30,16,2,63,KWT,Koweït,FALSE,FALSE,FALSE
2015,Asie,LAOS,241,77,61,2,0,2,2,9,11,30,16,5,2,14,110,83,5,0,2,2,18,23,39,19,7,2,20,LAO,Laos,FALSE,FALSE,FALSE
2017,Asie,LAOS,241,80,57,2,0,2,2,16,26,23,13,2,0,16,104,74,2,0,2,2,22,33,29,14,2,2,22,LAO,Laos,FALSE,FALSE,FALSE
2016,Asie,LIBAN,205,4785,3501,311,96,244,74,559,1315,833,460,307,300,1570,5363,3766,392,110,317,88,690,1571,899,490,329,349,1725,LBN,Liban,FALSE,FALSE,FALSE
2017,Asie,MACAO,232,2,0,0,0,0,0,2,0,2,0,0,0,0,2,0,0,0,0,0,2,0,2,0,0,0,0,MAC,Macao (Chine),FALSE,FALSE,FALSE
2015,Asie,MALAISIE,227,868,678,13,56,80,5,36,55,92,315,42,29,335,902,692,17,56,89,6,42,61,99,324,43,30,345,MYS,Malaisie,FALSE,FALSE,FALSE
2016,Asie,MALAISIE,227,863,619,43,57,98,6,40,69,93,292,34,37,338,902,631,45,58,105,9,54,80,99,299,35,37,352,MYS,Malaisie,FALSE,FALSE,FALSE
2015,Asie,MALDIVES,229,17,17,0,0,0,0,0,0,0,15,0,0,2,24,19,2,0,2,0,0,5,2,15,0,0,2,MDV,Maldives,FALSE,FALSE,FALSE
2016,Asie,MONGOLIE,242,90,75,2,0,0,2,9,16,9,11,15,2,36,170,127,5,2,2,2,29,34,16,12,22,6,80,MNG,Mongolie,FALSE,FALSE,FALSE
2015,Asie,NEPAL,215,92,64,15,0,0,2,12,27,14,6,11,7,27,110,72,18,2,0,2,18,34,18,6,11,8,33,NPL,Népal,FALSE,FALSE,FALSE
2015,Asie,OMAN,250,48,39,5,0,0,2,2,17,6,9,2,2,11,56,46,6,0,0,2,2,19,8,9,2,5,14,OMN,Oman,FALSE,FALSE,FALSE
2015,Asie,OUZBEKISTAN,258,153,118,10,2,2,2,17,46,26,11,26,10,34,189,144,10,2,2,6,25,58,28,15,28,12,48,UZB,Ouzbékistan,FALSE,FALSE,FALSE
2016,Asie,PALESTINE,261,207,170,8,0,2,2,22,65,28,33,6,13,62,234,194,8,0,2,2,24,72,29,33,6,16,78,PSE,Territoires palestiniens,FALSE,FALSE,FALSE
2017,Asie,PALESTINE,261,213,171,6,0,6,8,22,70,36,29,6,15,57,240,192,6,0,6,8,28,76,39,31,8,19,67,PSE,Territoires palestiniens,FALSE,FALSE,FALSE
2017,Asie,SRI LANKA,235,127,56,12,2,2,8,49,57,12,7,8,2,40,620,352,21,7,20,14,206,452,15,22,34,11,86,LKA,Sri Lanka,FALSE,FALSE,FALSE
2016,Asie,TADJIKISTAN,259,20,14,2,0,0,0,2,2,2,2,2,0,9,25,18,2,0,0,0,2,2,5,2,2,2,11,TJK,Tadjikistan,FALSE,FALSE,FALSE
2017,Asie,TADJIKISTAN,259,15,11,2,0,0,0,2,5,0,2,2,0,5,18,13,2,0,0,0,2,5,2,2,2,2,6,TJK,Tadjikistan,FALSE,FALSE,FALSE
2015,Asie,VIETNAM,243,4997,3915,159,26,294,93,510,1441,712,645,290,278,1631,5636,4312,177,36,322,118,671,1695,769,699,328,309,1836,VNM,Viêt Nam,FALSE,FALSE,FALSE
2017,Europe,ALBANIE,125,612,489,22,5,17,19,60,160,146,64,71,18,153,918,699,31,5,22,43,118,201,224,84,129,26,254,ALB,Albanie,TRUE,FALSE,FALSE
2015,Europe,ALLEMAGNE,109,7104,5302,684,63,239,89,727,2388,1008,443,1180,218,1867,8504,6303,800,75,313,118,895,2741,1163,606,1460,294,2240,DEU,Allemagne,TRUE,TRUE,TRUE
2016,Europe,ALLEMAGNE,109,6925,4943,831,45,211,108,787,2087,943,456,1275,200,1964,8362,5916,961,56,272,136,1021,2440,1091,601,1575,264,2391,DEU,Allemagne,TRUE,TRUE,TRUE
2015,Europe,ANDORRE,130,288,266,7,2,2,2,8,21,5,237,2,2,19,372,314,9,2,18,2,24,33,12,290,2,5,28,AND,Andorre,TRUE,FALSE,FALSE
2016,Europe,ANDORRE,130,317,292,12,2,2,2,6,14,6,266,2,2,27,406,346,15,2,17,2,22,20,13,322,2,5,42,AND,Andorre,TRUE,FALSE,FALSE
2017,Europe,AUTRICHE,110,507,272,76,0,5,21,133,274,65,23,50,11,84,582,310,87,2,7,26,151,310,71,27,60,13,101,AUT,Autriche,TRUE,TRUE,TRUE
2016,Europe,BELGIQUE,131,2597,1861,218,15,57,119,327,852,282,271,200,315,677,4529,3133,397,29,186,154,630,1243,517,586,341,546,1296,BEL,Belgique,TRUE,TRUE,TRUE
2017,Europe,BOSNIE-HERZEGOVINE,118,87,66,2,0,2,2,14,32,8,5,11,7,24,191,147,8,0,2,2,32,53,32,8,38,8,52,BIH,Bosnie-Herzégovine,TRUE,FALSE,FALSE
2017,Europe,GRECE,126,2168,1807,69,6,32,52,202,951,195,320,260,61,381,2326,1895,85,6,37,72,231,1024,215,339,272,70,406,GRC,Grèce,TRUE,TRUE,TRUE
2017,Europe,IRLANDE,136,594,440,84,0,7,8,55,140,101,60,114,6,173,764,553,104,0,12,17,78,183,112,84,123,14,248,IRL,Irlande,TRUE,TRUE,TRUE
2016,Europe,ISLANDE,102,29,16,2,0,0,8,2,11,2,2,2,2,9,38,19,2,0,0,9,9,15,2,2,2,2,12,ISL,Islande,TRUE,TRUE,FALSE
2017,Europe,ITALIE,127,10546,7405,1333,28,280,254,1246,4951,1581,729,759,240,2286,13273,9179,1609,42,356,369,1718,5758,2091,994,973,347,3110,ITA,Italie,TRUE,TRUE,TRUE
2015,Europe,KOSOVO,157,77,51,0,0,2,2,22,11,27,2,14,2,21,270,181,0,0,2,2,85,36,76,10,70,6,72,XKX,Kosovo,FALSE,FALSE,FALSE
2016,Europe,LITUANIE,108,266,168,21,2,0,15,61,121,53,17,15,2,58,322,207,23,2,2,19,71,139,56,28,22,2,73,LTU,Lituanie,TRUE,TRUE,TRUE
2015,Europe,MOLDAVIE,151,708,612,12,2,34,12,37,176,108,49,142,30,203,878,738,17,2,38,18,64,265,120,60,156,33,244,MDA,Moldavie,TRUE,FALSE,FALSE
2017,Europe,NORVEGE,103,406,176,79,0,59,21,71,136,62,100,9,9,90,472,225,83,0,63,24,77,155,71,115,10,12,109,NOR,Norvège,TRUE,TRUE,FALSE
2016,Europe,PAYS-BAS,135,650,383,97,2,8,18,142,270,75,64,46,25,170,1262,823,148,5,33,27,226,368,160,166,85,51,432,NLD,Pays-Bas,TRUE,TRUE,TRUE
2017,Europe,PAYS-BAS,135,637,367,103,2,10,23,132,274,72,68,54,31,138,1278,793,163,6,38,43,235,388,163,171,88,62,406,NLD,Pays-Bas,TRUE,TRUE,TRUE
2016,Europe,POLOGNE,122,1600,1188,92,2,31,78,208,595,211,119,160,53,462,2316,1705,123,10,53,95,330,926,266,153,218,92,661,POL,Pologne,TRUE,TRUE,TRUE
2015,Europe,ROUMANIE,114,3472,2993,55,7,71,61,285,1449,425,228,370,139,861,4266,3571,70,9,98,80,438,1893,479,273,416,159,1046,ROU,Roumanie,TRUE,FALSE,TRUE
2016,Europe,ROYAUME-UNI,132,1996,1450,152,0,16,108,270,615,406,171,132,39,633,3957,2905,306,7,69,133,537,904,578,505,191,92,1687,GBR,Royaume-Uni,TRUE,TRUE,FALSE
2016,Europe,SAINT-MARIN,128,2,2,0,0,0,2,0,2,2,0,2,0,0,7,2,0,0,0,2,2,2,2,0,2,2,2,SMR,Saint-Marin,FALSE,FALSE,FALSE
2017,Europe,SLOVAQUIE,117,320,246,29,2,2,6,34,85,52,16,64,14,89,391,296,33,2,9,9,42,110,66,24,69,16,106,SVK,Slovaquie,TRUE,TRUE,TRUE
2015,Maghreb,ALGERIE,352,17781,16309,230,76,120,196,850,7864,1517,1667,1423,1364,3946,22596,19984,405,113,224,257,1613,9801,2094,2098,1760,1832,5011,DZA,Algérie,FALSE,FALSE,FALSE
2016,Maghreb,MAROC,350,30404,20446,2868,1566,2865,595,2064,6169,4541,3033,3217,2886,10558,37505,23481,3562,1695,3914,748,4105,8371,5104,4026,3691,3578,12735,MAR,Maroc,FALSE,FALSE,FALSE
2017,Maghreb,MAROC,350,32490,21719,3504,1432,2966,626,2243,7653,4976,3137,3418,3128,10178,39350,24695,4135,1504,3950,847,4219,9858,5575,4072,3908,3792,12145,MAR,Maroc,FALSE,FALSE,FALSE
2016,Maghreb,TUNISIE,351,10394,7633,477,247,706,151,1180,3588,1175,981,714,573,3363,12326,8684,591,263,877,192,1719,4512,1348,1083,784,638,3961,TUN,Tunisie,FALSE,FALSE,FALSE
2016,Nationalite non connue,"AUTRE PAYS, ETRANGER SANS AUTRE INDICATION",999,3346,33,744,2,554,346,1667,1293,339,187,128,741,658,5582,62,1779,2,570,437,2732,1884,514,317,208,835,1824,NA,NA,NA,NA,NA
2016,Nationalite non connue,SANS NATIONALITE,995,21,12,8,0,0,0,2,7,2,0,2,0,11,31,20,9,0,2,0,2,9,5,0,2,0,14,NA,NA,NA,NA,NA
2017,Nationalite non connue,SANS NATIONALITE,995,27,10,14,0,0,0,2,9,0,0,2,0,16,93,18,70,0,2,2,2,9,2,2,5,0,74,NA,NA,NA,NA,NA
2015,Océanie,AUSTRALIE,501,377,273,36,2,6,10,51,123,114,28,35,2,74,423,302,36,2,9,16,59,140,123,28,37,7,88,AUS,Australie,FALSE,TRUE,FALSE
2017,Océanie,ILES SALOMON,512,0,0,0,0,0,0,0,0,0,0,0,0,0,2,0,0,0,2,0,0,2,0,0,0,0,0,SLB,Îles Salomon,FALSE,FALSE,FALSE
2015,Océanie,PAPOUASIE-NOUVELLE-GUINEE,510,2,0,0,0,0,0,2,2,0,0,0,0,0,2,2,0,0,0,0,2,2,2,2,0,0,2,PNG,Papouasie-Nouvelle-Guinée,FALSE,FALSE,FALSE
2015,Océanie,SAMOA OCCIDENTALES,506,2,2,0,0,0,0,0,2,0,0,0,0,0,2,2,0,0,0,0,0,2,0,0,0,0,0,WSM,Samoa,FALSE,FALSE,FALSE
2016,Océanie,SAMOA OCCIDENTALES,506,0,0,0,0,0,0,0,0,0,0,0,0,0,2,0,0,0,0,0,2,0,0,2,0,0,0,WSM,Samoa,FALSE,FALSE,FALSE
2015,Océanie,TONGA,509,0,0,0,0,0,0,0,0,0,0,0,0,0,2,2,0,0,0,0,0,0,0,0,0,2,0,TON,Tonga,FALSE,FALSE,FALSE
2018,Afrique subsaharienne,ANGOLA,395,334,241,10,10,27,2,43,48,79,38,32,35,102,822,567,16,10,32,9,188,196,161,67,73,69,256,AGO,Angola,FALSE,FALSE,FALSE
2016,Afrique subsaharienne,BENIN,327,2591,2132,78,17,171,22,171,511,392,217,217,210,1044,2928,2306,105,21,190,27,279,650,420,242,239,241,1136,BEN,Bénin,FALSE,FALSE,FALSE
2017,Afrique subsaharienne,BENIN,327,2802,2242,139,18,183,32,188,638,435,217,243,217,1052,3170,2421,175,22,207,42,303,820,472,236,258,246,1138,BEN,Bénin,FALSE,FALSE,FALSE
2016,Afrique subsaharienne,BOTSWANA,347,7,5,2,0,0,0,2,2,0,2,0,0,2,9,6,2,0,0,0,2,2,2,2,0,0,5,BWA,Botswana,FALSE,FALSE,FALSE
2017,Afrique subsaharienne,BURKINA,331,1598,1250,101,38,62,9,138,320,337,155,129,107,550,1835,1372,111,40,72,16,224,402,362,183,148,124,616,BFA,Burkina Faso,FALSE,FALSE,FALSE
2018,Afrique subsaharienne,BURKINA,331,1772,1370,107,48,73,22,152,407,343,176,132,132,582,2022,1498,135,50,91,26,222,505,367,195,149,155,651,BFA,Burkina Faso,FALSE,FALSE,FALSE
2017,Afrique subsaharienne,CAMEROUN,322,4824,2854,664,189,487,33,597,1283,432,294,570,416,1829,6837,4124,824,210,571,49,1059,2232,590,396,717,591,2311,CMR,Cameroun,FALSE,FALSE,FALSE
2016,Afrique subsaharienne,COMORES,397,1308,1186,15,6,11,2,89,499,105,90,38,49,527,2584,2174,19,7,17,2,366,644,236,191,77,82,1354,COM,Comores,FALSE,FALSE,FALSE
2016,Afrique subsaharienne,CONGO,324,2591,2067,119,32,47,34,292,693,280,199,258,282,879,4387,3318,208,39,69,42,711,1507,406,278,371,458,1367,COG,Congo,FALSE,FALSE,FALSE
2018,Afrique subsaharienne,ERYTHREE,317,16,12,0,0,0,0,2,5,2,0,0,2,8,34,25,0,0,2,0,7,11,2,0,0,2,16,ERI,Erythrée,FALSE,FALSE,FALSE
2016,Afrique subsaharienne,ETHIOPIE,315,179,155,2,2,5,2,13,19,55,31,8,7,59,256,207,7,2,9,2,30,34,67,36,14,13,92,ETH,Ethiopie,FALSE,FALSE,FALSE
2017,Afrique subsaharienne,GAMBIE,304,16,12,2,0,0,2,2,7,2,2,2,2,2,33,23,2,0,0,2,5,20,2,2,2,2,2,GMB,Gambie,FALSE,FALSE,FALSE
2017,Afrique subsaharienne,GHANA,329,304,212,25,0,9,7,51,69,78,25,36,19,77,371,259,27,2,10,8,66,96,83,26,41,19,106,GHA,Ghana,FALSE,FALSE,FALSE
2018,Afrique subsaharienne,GHANA,329,394,268,38,2,23,5,59,76,94,32,40,37,115,471,325,40,2,24,6,74,101,97,35,47,38,153,GHA,Ghana,FALSE,FALSE,FALSE
2017,Afrique subsaharienne,GUINEE,330,3543,3266,88,31,22,14,122,744,477,380,349,325,1268,4143,3647,108,32,34,23,299,988,520,421,385,405,1424,GIN,Guinée,FALSE,FALSE,FALSE
2018,Afrique subsaharienne,GUINEE EQUATORIALE,314,55,46,2,0,0,0,5,11,10,5,5,12,12,79,61,7,0,0,0,11,21,12,8,6,13,19,GNQ,Guinée-Équatoriale,FALSE,FALSE,FALSE
2017,Afrique subsaharienne,GUINEE-BISSAO,392,36,30,2,0,0,0,2,11,2,5,2,2,11,73,52,6,2,0,0,14,35,5,6,2,2,22,GNB,Guinée-Bissau,FALSE,FALSE,FALSE
2016,Afrique subsaharienne,LESOTHO,348,5,2,2,0,0,0,0,2,2,2,2,0,0,6,5,2,0,0,0,0,2,2,2,2,0,2,LSO,Lesotho,FALSE,FALSE,FALSE
2017,Afrique subsaharienne,LESOTHO,348,2,2,0,0,2,0,0,2,2,2,0,2,0,2,2,0,0,2,0,0,2,2,2,0,2,0,LSO,Lesotho,FALSE,FALSE,FALSE
2017,Afrique subsaharienne,MALAWI,334,7,6,0,0,0,0,2,2,0,0,2,2,2,8,7,0,0,0,0,2,2,0,0,2,2,2,MWI,Malawi,FALSE,FALSE,FALSE
2017,Afrique subsaharienne,MALI,335,2450,2126,83,31,47,11,152,846,312,214,191,166,721,2969,2413,110,35,57,21,333,1180,330,245,201,202,811,MLI,Mali,FALSE,FALSE,FALSE
2017,Afrique subsaharienne,REP. CENTRAFRICAINE,323,495,402,27,6,9,5,46,116,53,36,50,58,182,784,601,37,6,15,8,117,209,75,66,70,81,283,CAF,République centrafricaine,FALSE,FALSE,FALSE
2016,Afrique subsaharienne,REP. DEM. CONGO,312,951,785,21,2,6,8,127,231,103,49,138,126,304,1843,1384,35,2,15,8,397,656,180,75,173,252,507,COD,Congo (Rép. dém.),FALSE,FALSE,FALSE
2017,Afrique subsaharienne,REP. DEM. CONGO,312,1054,872,47,2,10,6,116,263,146,65,134,120,326,2064,1533,74,5,21,13,418,774,243,95,185,239,528,COD,Congo (Rép. dém.),FALSE,FALSE,FALSE
2017,Afrique subsaharienne,SAO TOME-ET-PRINCIPE,394,9,9,0,0,0,0,0,2,2,2,0,0,2,10,9,0,0,0,0,2,2,2,2,0,0,2,STP,Sao Tomé-et-Principe,FALSE,FALSE,FALSE
2016,Afrique subsaharienne,SIERRA LEONE,342,13,11,2,0,0,0,2,5,2,2,2,2,2,22,18,2,0,0,0,2,10,2,2,2,2,2,SLE,Sierra Leone,FALSE,FALSE,FALSE
2017,Afrique subsaharienne,SOUDAN,343,245,210,12,0,2,5,17,77,26,27,11,49,55,295,251,12,0,2,5,26,85,28,32,15,58,77,SDN,Soudan,FALSE,FALSE,FALSE
2017,Afrique subsaharienne,TANZANIE,309,45,24,9,0,0,2,11,9,11,2,5,2,14,50,27,9,0,0,2,13,12,11,2,5,2,15,TZA,Tanzanie,FALSE,FALSE,FALSE
2016,Afrique subsaharienne,ZAMBIE,346,17,8,2,0,2,0,2,2,2,0,2,2,6,18,9,2,0,2,0,2,5,2,0,2,2,6,ZMB,Zambie,FALSE,FALSE,FALSE
2017,Amérique,BAHAMAS,436,5,2,0,0,0,2,2,2,2,0,0,0,2,7,2,0,0,0,2,2,2,2,0,2,0,2,BHS,Bahamas,FALSE,FALSE,FALSE
2016,Amérique,CANADA,401,1682,1047,212,2,28,57,336,672,308,122,148,32,400,1995,1220,262,2,49,75,386,794,351,148,159,47,496,CAN,Canada,FALSE,TRUE,FALSE
2017,Amérique,COLOMBIE,419,3569,2624,244,57,142,124,378,1268,583,400,317,84,917,4163,3009,280,60,177,159,478,1513,623,454,338,97,1138,COL,Colombie,FALSE,TRUE,FALSE
2016,Amérique,EQUATEUR,420,459,344,24,2,6,18,65,143,110,66,26,8,106,585,423,30,2,15,22,92,209,125,72,32,15,132,ECU,Equateur,FALSE,FALSE,FALSE
2016,Amérique,GUATEMALA,409,115,88,6,2,2,2,15,26,25,21,10,2,30,153,113,7,2,5,5,22,32,32,28,11,5,45,GTM,Guatemala,FALSE,FALSE,FALSE
2017,Amérique,JAMAIQUE,426,47,44,2,0,0,0,2,10,2,2,2,2,27,60,57,2,0,0,0,2,13,2,5,2,2,35,JAM,Jamaïque,FALSE,FALSE,FALSE
2016,Amérique,PANAMA,413,65,47,7,0,0,2,8,15,9,6,6,7,22,71,52,7,0,0,2,9,16,10,7,7,7,24,PAN,Panama,FALSE,FALSE,FALSE
2016,Amérique,PARAGUAY,421,140,120,0,0,2,2,15,60,16,24,7,0,33,154,132,0,0,2,2,17,66,16,29,7,0,36,PRY,Paraguay,FALSE,FALSE,FALSE
2017,Amérique,PEROU,422,1012,741,79,16,58,33,85,340,133,116,87,48,288,1208,862,95,17,66,50,118,421,148,126,97,60,356,PER,Pérou,FALSE,FALSE,FALSE
2016,Amérique,REPUBLIQUE DOMINICAINE,408,145,70,50,2,2,2,20,32,9,61,7,2,35,196,106,50,2,5,2,33,39,12,70,9,2,62,DOM,République dominicaine,FALSE,FALSE,FALSE
2017,Amérique,SAINT-CHRISTOPHE-ET-NIEVES,442,2,0,0,0,0,0,2,2,0,0,0,0,0,2,2,0,0,0,0,2,2,0,0,0,0,0,KNA,Saint-Christophe-et-Niévès,FALSE,FALSE,FALSE
2017,Amérique,SAINTE-LUCIE,439,26,20,0,0,0,0,6,2,2,2,0,0,22,50,35,0,0,0,2,13,2,2,2,0,2,42,LCA,Sainte-Lucie,FALSE,FALSE,FALSE
2017,Amérique,SALVADOR,414,194,147,15,2,7,7,16,42,49,40,11,2,48,240,177,19,2,7,10,24,50,62,45,23,8,52,SLV,Salvador,FALSE,FALSE,FALSE
2017,Amérique,TRINITE-ET-TOBAGO,433,35,25,5,0,0,0,5,15,2,2,2,2,11,38,27,6,0,0,0,5,16,2,2,2,2,13,TTO,Trinité et Tobago,FALSE,FALSE,FALSE
2016,Asie,AZERBAIDJAN,253,344,311,8,2,2,7,16,41,29,27,189,8,50,435,386,12,2,2,8,27,59,40,45,201,10,80,AZE,Azerbaïdjan,TRUE,FALSE,FALSE
2016,Asie,BAHREIN,249,49,42,2,0,2,0,2,12,11,2,2,2,17,52,44,2,0,2,0,2,14,11,2,2,2,17,BHR,Bahreïn,FALSE,FALSE,FALSE
2017,Asie,BAHREIN,249,46,36,5,0,0,2,2,12,14,0,2,0,19,50,38,5,0,2,2,2,14,15,2,2,0,18,BHR,Bahreïn,FALSE,FALSE,FALSE
2016,Asie,CHYPRE,254,201,168,5,2,2,12,13,51,27,36,33,8,46,216,174,6,2,2,16,16,60,30,36,33,8,49,CYP,Chypre,TRUE,FALSE,TRUE
2017,Asie,COREE DU NORD,238,149,20,18,0,0,51,60,96,2,6,8,0,37,212,23,25,2,0,94,69,154,2,8,8,2,38,PRK,Corée du Nord,FALSE,FALSE,FALSE
2017,Asie,EMIRATS ARABES UNIS,247,148,132,8,2,0,2,2,106,7,9,2,2,20,163,142,9,2,2,2,6,111,8,10,2,2,26,ARE,Emirats arabes unis,FALSE,FALSE,FALSE
2016,Asie,IRAN,204,1519,1244,48,5,10,53,159,539,229,79,203,61,408,1752,1411,58,8,14,67,194,641,247,88,231,72,473,IRN,Iran,FALSE,FALSE,FALSE
2016,Asie,JAPON,217,1799,1070,102,2,47,246,332,776,286,101,99,54,483,2005,1158,117,2,55,316,356,882,320,107,106,58,532,JPN,Japon,FALSE,TRUE,FALSE
2016,Océanie,REP. DES ILES PALAOS,517,2,0,0,0,0,0,2,0,2,0,0,0,0,2,0,0,0,0,0,2,0,2,0,0,0,0,PLW,Palaos,FALSE,FALSE,FALSE
2018,Afrique subsaharienne,REP. CENTRAFRICAINE,323,505,386,35,6,8,6,64,123,48,41,59,51,183,799,571,53,6,10,7,152,216,67,63,85,72,296,CAF,République centrafricaine,FALSE,FALSE,FALSE
2018,Afrique subsaharienne,RWANDA,340,391,319,11,2,2,2,50,74,75,45,32,50,115,626,497,15,2,14,8,88,121,112,54,54,105,180,RWA,Rwanda,FALSE,FALSE,FALSE
2018,Afrique subsaharienne,SAO TOME-ET-PRINCIPE,394,2,2,0,0,0,0,0,2,2,2,0,0,0,5,2,0,0,2,0,0,2,2,2,0,0,0,STP,Sao Tomé-et-Principe,FALSE,FALSE,FALSE
2018,Afrique subsaharienne,SENEGAL,341,10876,8742,689,303,526,57,559,3243,1214,990,997,1043,3389,12415,9387,841,311,620,80,1176,3882,1337,1074,1084,1194,3844,SEN,Sénégal,FALSE,FALSE,FALSE
2018,Afrique subsaharienne,TOGO,345,2633,2106,161,47,73,23,223,645,310,258,244,320,856,3128,2410,220,48,94,26,330,820,352,300,309,387,960,TGO,Togo,FALSE,FALSE,FALSE
2018,Afrique subsaharienne,ZAMBIE,346,19,10,2,0,2,0,2,7,2,2,0,2,8,24,13,5,0,2,0,2,9,2,2,0,2,8,ZMB,Zambie,FALSE,FALSE,FALSE
2018,Amérique,ETATS-UNIS,404,5559,2870,682,2,33,321,1649,3028,681,245,654,87,864,6422,3241,780,6,72,359,1964,3420,737,296,758,121,1090,USA,Etats-Unis,FALSE,TRUE,FALSE
2018,Amérique,GRENADE,435,13,2,0,0,0,2,11,11,0,0,0,2,0,13,2,0,0,0,2,11,11,0,0,0,2,0,GRD,Grenade,FALSE,FALSE,FALSE
2018,Amérique,HAITI,410,1544,1365,2,2,5,14,153,518,105,120,66,73,662,2880,2304,24,8,20,20,504,1102,135,179,115,100,1249,HTI,Haïti,FALSE,FALSE,FALSE
2018,Amérique,NICARAGUA,412,55,48,2,2,2,0,2,13,9,14,2,0,17,65,55,2,2,2,0,2,17,9,15,2,2,21,NIC,Nicaragua,FALSE,FALSE,FALSE
2018,Amérique,PARAGUAY,421,86,57,6,0,2,2,18,38,13,9,5,0,21,99,64,6,0,2,6,21,45,13,12,6,0,23,PRY,Paraguay,FALSE,FALSE,FALSE
2018,Amérique,SAINTE-LUCIE,439,30,22,0,0,0,2,7,2,2,2,2,0,22,58,37,0,0,0,2,19,2,2,2,2,2,48,LCA,Sainte-Lucie,FALSE,FALSE,FALSE
2018,Amérique,SURINAME,437,16,2,0,0,0,0,12,2,0,0,2,2,13,200,139,2,0,0,0,60,5,2,7,5,15,165,SUR,Suriname,FALSE,FALSE,FALSE
2018,Asie,AZERBAIDJAN,253,595,540,17,0,0,15,23,57,24,33,410,8,63,697,614,22,2,2,19,40,79,33,46,425,13,101,AZE,Azerbaïdjan,TRUE,FALSE,FALSE
2018,Asie,CHINE,216,26292,13289,6375,612,2349,1302,2365,9179,3698,2484,1840,1786,7305,28436,14257,6733,645,2543,1454,2804,10355,3841,2542,1917,1877,7904,CHN,Chine,FALSE,FALSE,FALSE
2018,Asie,CHYPRE,254,164,131,7,0,2,14,10,46,25,24,26,9,34,178,141,7,0,2,15,12,52,26,25,29,9,37,CYP,Chypre,TRUE,FALSE,TRUE
2018,Asie,GEORGIE,255,386,299,16,0,0,20,51,185,29,35,32,8,97,709,561,23,2,2,25,95,263,56,51,76,29,234,GEO,Géorgie,TRUE,FALSE,FALSE
2018,Asie,KOWEIT,240,151,133,2,0,0,2,12,40,31,28,18,2,32,168,148,2,0,0,2,14,44,33,29,19,2,41,KWT,Koweït,FALSE,FALSE,FALSE
2018,Asie,MALAISIE,227,773,442,49,81,141,17,43,77,88,253,55,23,277,799,452,51,81,148,19,48,84,91,254,59,23,288,MYS,Malaisie,FALSE,FALSE,FALSE
2018,Asie,OUZBEKISTAN,258,147,108,17,0,2,2,17,52,17,15,21,6,36,171,122,21,0,2,2,20,59,18,16,25,9,44,UZB,Ouzbékistan,FALSE,FALSE,FALSE
2018,Asie,PAKISTAN,213,527,341,55,2,5,12,113,164,95,46,46,23,153,822,521,66,2,10,15,206,384,101,51,62,38,186,PAK,Pakistan,FALSE,FALSE,FALSE
2018,Asie,QATAR,248,95,81,2,0,0,0,11,23,2,2,2,8,61,100,84,2,0,0,0,12,25,2,2,2,8,64,QAT,Qatar,FALSE,FALSE,FALSE
2018,Asie,SINGAPOUR,226,218,44,67,0,18,10,79,158,17,13,2,2,23,241,58,68,0,22,10,83,173,19,16,2,2,26,SGP,Singapour,FALSE,FALSE,FALSE
2018,Asie,THAILANDE,219,459,264,90,2,12,23,67,140,75,81,18,24,121,572,335,98,2,13,24,98,170,87,87,32,30,166,THA,Thaïlande,FALSE,FALSE,FALSE
2018,Asie,TIMOR ORIENTAL,262,2,0,2,0,0,0,0,0,0,0,0,0,2,2,0,2,0,0,0,0,0,0,0,0,0,2,TLS,Timor oriental,FALSE,FALSE,FALSE
2018,Asie,YEMEN,251,187,156,2,9,5,2,11,25,25,20,20,10,87,194,162,2,9,5,2,11,27,28,20,20,10,89,YEM,Yémen,FALSE,FALSE,FALSE
2018,Europe,ALLEMAGNE,109,7006,4712,1101,43,202,125,823,2616,887,465,1167,254,1617,8326,5601,1239,51,259,185,991,3006,1014,596,1431,304,1975,DEU,Allemagne,TRUE,TRUE,TRUE
2018,Europe,BIELORUSSIE,148,273,219,20,2,2,13,19,87,29,21,21,5,110,377,291,26,2,8,19,32,122,37,32,30,13,143,BLR,Biélorussie,TRUE,FALSE,FALSE
2018,Europe,ESPAGNE,134,6295,4272,625,60,506,171,661,2115,868,1008,569,230,1505,8418,5701,759,72,621,236,1029,2576,1066,1529,701,334,2212,ESP,Espagne,TRUE,TRUE,TRUE
2018,Europe,ISLANDE,102,34,16,2,0,0,7,8,21,2,2,2,0,2,47,20,7,0,2,9,10,25,7,2,2,2,6,ISL,Islande,TRUE,TRUE,FALSE
2018,Europe,MONACO,138,189,128,35,2,2,5,18,36,13,6,2,2,130,339,209,50,2,14,16,48,72,24,21,2,6,212,MCO,Monaco,FALSE,FALSE,FALSE
2018,Europe,SLOVAQUIE,117,314,206,30,2,9,19,47,85,44,22,64,13,86,393,261,36,5,15,22,54,109,58,30,76,14,106,SVK,Slovaquie,TRUE,TRUE,TRUE
2018,Europe,SLOVENIE,145,87,57,10,0,2,2,13,35,15,6,11,0,20,108,67,15,0,2,5,17,40,19,7,12,2,29,SVN,Slovénie,TRUE,TRUE,TRUE
2018,Europe,UKRAINE,155,1405,1114,92,2,29,49,120,475,249,102,180,64,335,1818,1402,114,2,42,71,187,676,287,129,214,76,436,UKR,Ukraine,TRUE,FALSE,FALSE
2018,Maghreb,TUNISIE,351,11083,7966,704,265,780,189,1179,4581,1275,992,727,624,2884,13025,9015,861,287,926,236,1700,5507,1473,1109,818,697,3421,TUN,Tunisie,FALSE,FALSE,FALSE
2018,Océanie,KIRIBATI,513,2,2,0,0,0,0,0,0,0,0,0,2,0,2,2,0,0,0,0,2,2,0,0,0,2,0,KIR,Kiribati,FALSE,FALSE,FALSE
2018,Océanie,PAPOUASIE-NOUVELLE-GUINEE,510,2,2,0,0,0,0,2,2,2,0,0,0,2,6,2,2,0,0,0,2,2,2,2,0,2,2,PNG,Papouasie-Nouvelle-Guinée,FALSE,FALSE,FALSE
2018,Océanie,REP. DES ILES PALAOS,517,0,0,0,0,0,0,0,0,0,0,0,0,0,0,0,0,0,0,0,0,0,0,0,0,0,0,PLW,Palaos,FALSE,FALSE,FALSE
2019,Afrique subsaharienne,AFRIQUE DU SUD,303,231,118,56,2,2,23,31,96,23,44,14,7,47,297,148,65,2,6,30,47,111,28,55,19,11,73,ZAF,Afrique du Sud,FALSE,FALSE,FALSE
2019,Afrique subsaharienne,BOTSWANA,347,12,6,2,0,0,2,2,2,2,0,0,2,5,12,6,2,0,0,2,2,2,2,0,0,2,5,BWA,Botswana,FALSE,FALSE,FALSE
2019,Afrique subsaharienne,BURKINA,331,1894,1410,130,62,94,18,180,441,367,197,129,145,615,2166,1549,166,65,109,24,253,548,402,211,142,166,697,BFA,Burkina Faso,FALSE,FALSE,FALSE
2019,Afrique subsaharienne,CONGO,324,3694,2875,305,46,61,38,369,1027,432,294,337,437,1167,5865,4236,463,57,102,61,946,2023,608,405,456,665,1708,COG,Congo,FALSE,FALSE,FALSE
2019,Afrique subsaharienne,COTE D'IVOIRE,326,7674,5542,1124,87,243,101,577,2077,1028,786,575,656,2552,9639,6603,1413,90,275,143,1115,3013,1179,885,693,796,3073,CIV,Côte dIvoire,FALSE,FALSE,FALSE
2019,Afrique subsaharienne,DJIBOUTI,399,796,721,35,2,5,2,29,83,68,147,56,104,338,939,830,42,2,13,2,47,97,84,167,70,125,396,DJI,Djibouti,FALSE,FALSE,FALSE
2019,Afrique subsaharienne,GAMBIE,304,16,8,5,0,2,0,2,7,2,0,2,2,2,33,16,6,0,2,0,10,17,2,0,2,6,6,GMB,Gambie,FALSE,FALSE,FALSE
2019,Afrique subsaharienne,GUINEE-BISSAO,392,33,25,2,0,2,0,2,9,5,2,2,0,12,80,55,8,0,2,0,16,40,7,2,5,2,20,GNB,Guinée-Bissau,FALSE,FALSE,FALSE
2019,Afrique subsaharienne,LESOTHO,348,2,2,0,0,0,0,0,0,2,0,2,0,2,2,2,0,0,0,0,0,0,2,0,2,0,2,LSO,Lesotho,FALSE,FALSE,FALSE
2019,Afrique subsaharienne,MADAGASCAR,333,3222,2546,201,60,69,44,302,1028,396,361,179,146,1112,4445,3240,289,75,127,70,644,1449,514,470,262,191,1559,MDG,Madagascar,FALSE,FALSE,FALSE
2019,Afrique subsaharienne,SEYCHELLES,398,19,18,0,0,0,0,2,2,2,2,0,2,12,27,25,0,0,0,0,2,5,2,2,0,2,16,SYC,Seychelles,FALSE,FALSE,FALSE
2019,Amérique,CANADA,401,1777,1045,287,2,29,76,339,800,347,156,129,44,301,2075,1207,350,7,47,87,377,902,401,177,151,66,378,CAN,Canada,FALSE,TRUE,FALSE
2019,Amérique,COLOMBIE,419,4015,2912,319,64,161,157,402,1348,694,509,317,100,1047,4528,3231,370,70,187,187,483,1542,737,557,333,118,1241,COL,Colombie,FALSE,TRUE,FALSE
2019,Amérique,COSTA RICA,406,172,124,9,2,2,5,29,53,26,20,13,6,54,185,131,9,2,2,7,33,55,26,23,14,7,60,CRI,Costa Rica,FALSE,FALSE,FALSE
2019,Amérique,JAMAIQUE,426,45,41,0,0,0,0,2,7,2,2,2,2,30,59,50,2,0,0,0,7,11,5,2,2,2,38,JAM,Jamaïque,FALSE,FALSE,FALSE
2019,Amérique,MEXIQUE,405,3051,1933,400,25,211,123,359,926,454,365,291,241,774,3326,2066,453,28,229,139,411,1024,484,394,328,252,844,MEX,Mexique,FALSE,TRUE,FALSE
2019,Amérique,PANAMA,413,50,26,13,2,2,2,5,19,10,6,2,2,9,57,28,16,2,2,2,6,21,10,8,2,2,11,PAN,Panama,FALSE,FALSE,FALSE
2019,Amérique,REPUBLIQUE DOMINICAINE,408,160,77,26,2,2,5,49,61,9,30,5,2,54,206,101,28,2,5,9,62,68,14,37,6,2,78,DOM,République dominicaine,FALSE,FALSE,FALSE
2019,Amérique,SAINTE-LUCIE,439,37,30,0,0,0,2,6,2,2,2,2,0,30,71,48,2,0,0,2,21,6,2,5,2,0,56,LCA,Sainte-Lucie,FALSE,FALSE,FALSE
2019,Amérique,SURINAME,437,14,7,0,0,0,0,7,0,0,0,2,2,12,209,157,0,0,0,0,52,6,2,7,10,12,170,SUR,Suriname,FALSE,FALSE,FALSE
2019,Asie,ARABIE SAOUDITE,201,546,471,39,2,2,9,23,125,73,44,58,32,214,609,497,54,2,2,11,41,143,82,45,59,33,247,SAU,Arabie Saoudite,FALSE,FALSE,FALSE
2019,Asie,BANGLADESH,246,173,126,11,2,2,5,27,68,17,28,15,2,41,356,250,12,5,5,5,79,217,24,34,21,7,53,BGD,Bangladesh,FALSE,FALSE,FALSE
2019,Asie,BHOUTAN,214,2,0,0,0,0,2,2,2,2,0,0,0,0,5,2,2,0,0,2,2,2,2,0,0,0,0,BTN,Bhoutan,FALSE,FALSE,FALSE
2019,Asie,BRUNEI,225,12,9,2,2,2,0,0,2,2,2,2,2,2,16,10,2,2,2,0,2,2,2,2,2,2,2,BRN,Brunei,FALSE,FALSE,FALSE
2019,Asie,CHYPRE,254,176,145,6,0,2,12,11,49,25,25,31,8,38,194,156,6,0,2,13,17,56,27,26,36,8,41,CYP,Chypre,TRUE,FALSE,TRUE
2019,Asie,COREE DU NORD,238,163,14,24,0,0,75,50,115,2,2,5,2,37,176,14,26,0,2,79,56,123,5,2,7,2,38,PRK,Corée du Nord,FALSE,FALSE,FALSE
2019,Asie,EMIRATS ARABES UNIS,247,81,65,9,0,2,2,2,26,15,15,2,2,21,91,69,10,0,2,2,7,29,15,17,2,2,24,ARE,Emirats arabes unis,FALSE,FALSE,FALSE
2019,Asie,JAPON,217,1652,1020,136,2,51,248,195,712,285,111,118,56,370,1830,1104,157,2,57,288,221,804,315,115,124,59,413,JPN,Japon,FALSE,TRUE,FALSE
2019,Asie,KAZAKHSTAN,256,571,434,50,2,14,21,51,116,97,68,116,35,139,644,487,53,2,17,24,62,133,104,82,129,39,157,KAZ,Kazakhstan,TRUE,FALSE,FALSE
2019,Asie,KOWEIT,240,129,117,6,0,0,2,5,31,20,41,16,2,20,138,123,8,0,0,2,6,34,23,40,17,2,23,KWT,Koweït,FALSE,FALSE,FALSE
2019,Asie,LAOS,241,79,61,7,0,2,2,6,15,28,10,5,8,13,110,72,8,2,2,2,23,31,34,11,9,9,16,LAO,Laos,FALSE,FALSE,FALSE
2019,Asie,MONGOLIE,242,100,62,2,0,0,7,28,37,9,7,10,2,34,239,163,5,2,2,9,57,62,33,13,20,15,96,MNG,Mongolie,FALSE,FALSE,FALSE
2019,Asie,OUZBEKISTAN,258,132,93,24,2,2,2,9,47,14,11,24,5,31,157,108,30,2,2,2,13,51,18,13,28,7,40,UZB,Ouzbékistan,FALSE,FALSE,FALSE
2019,Asie,PAKISTAN,213,564,334,81,0,8,6,135,180,93,60,43,33,155,878,534,97,2,16,7,222,411,102,64,63,52,186,PAK,Pakistan,FALSE,FALSE,FALSE
2019,Asie,QATAR,248,97,84,7,0,0,0,6,16,2,2,2,2,73,101,86,7,0,0,2,7,17,2,2,2,2,76,QAT,Qatar,FALSE,FALSE,FALSE
2019,Asie,VIETNAM,243,5230,3839,340,27,314,157,553,1438,791,469,249,298,1985,5781,4147,404,39,339,186,666,1653,856,509,279,321,2163,VNM,Viêt Nam,FALSE,FALSE,FALSE
2019,Europe,ALBANIE,125,667,534,25,7,20,18,63,151,172,53,75,28,188,1128,826,42,8,29,28,195,204,303,83,153,49,336,ALB,Albanie,TRUE,FALSE,FALSE
2019,Europe,ANDORRE,130,341,305,6,2,12,2,11,24,15,281,2,0,18,411,348,15,2,14,2,26,30,19,322,7,0,33,AND,Andorre,TRUE,FALSE,FALSE
2019,Europe,AUTRICHE,110,502,273,85,2,2,22,116,264,51,37,46,10,94,583,312,101,2,8,26,132,293,66,39,57,17,111,AUT,Autriche,TRUE,TRUE,TRUE
2019,Europe,BELGIQUE,131,2705,1856,279,14,56,175,325,1071,258,284,210,323,559,4692,3135,461,37,149,269,641,1556,503,572,357,563,1141,BEL,Belgique,TRUE,TRUE,TRUE
2019,Europe,ESPAGNE,134,6341,4278,639,73,425,195,731,2117,789,1027,559,267,1582,9034,6133,845,88,517,242,1209,2672,1031,1708,739,412,2472,ESP,Espagne,TRUE,TRUE,TRUE
2019,Europe,HONGRIE,112,455,297,37,0,12,28,81,202,63,39,31,13,107,558,359,50,2,17,28,103,246,73,46,36,17,140,HUN,Hongrie,FALSE,TRUE,TRUE
2019,Europe,LETTONIE,107,134,82,18,0,0,17,17,54,18,14,10,6,32,181,111,23,0,2,20,25,65,25,20,13,10,48,LVA,Lettonie,TRUE,TRUE,TRUE
2019,Europe,LITUANIE,108,252,144,24,0,2,29,54,121,40,27,14,2,46,313,178,32,0,2,35,67,141,47,39,19,5,62,LTU,Lituanie,TRUE,TRUE,TRUE
2019,Europe,MALTE,144,12,9,2,0,0,0,2,2,2,0,2,2,2,17,13,2,0,0,2,2,7,2,0,2,2,2,MLT,Malte,TRUE,FALSE,TRUE
2019,Europe,PAYS-BAS,135,658,340,155,2,5,24,132,300,65,72,52,39,130,1374,807,229,11,37,40,250,456,169,182,95,83,389,NLD,Pays-Bas,TRUE,TRUE,TRUE
2019,Océanie,FIDJI,508,6,5,0,0,0,0,2,2,0,2,0,0,2,13,8,0,0,2,0,2,5,0,2,0,0,6,FJI,Fidji,FALSE,FALSE,FALSE
2020,Afrique subsaharienne,ANGOLA,395,434,329,9,10,19,2,63,56,87,30,63,41,157,953,669,24,11,21,11,217,212,171,61,98,89,322,AGO,Angola,FALSE,FALSE,FALSE
2020,Afrique subsaharienne,BOTSWANA,347,12,2,2,0,2,2,2,8,2,0,0,2,2,13,2,2,0,2,2,2,9,2,0,0,2,2,BWA,Botswana,FALSE,FALSE,FALSE
2020,Afrique subsaharienne,CAP-VERT,396,50,20,2,0,2,2,24,27,7,2,2,2,10,285,169,2,2,2,2,107,180,17,6,5,15,62,CPV,Cap Vert,FALSE,FALSE,FALSE
2020,Afrique subsaharienne,COTE D'IVOIRE,326,8175,5613,1394,103,338,115,612,2306,1103,770,594,670,2732,10357,6792,1712,105,379,169,1200,3338,1295,906,710,813,3295,CIV,Côte dIvoire,FALSE,FALSE,FALSE
2020,Afrique subsaharienne,MALAWI,334,2,2,0,0,0,0,2,2,0,0,0,0,2,2,2,0,0,0,0,2,2,0,0,0,0,2,MWI,Malawi,FALSE,FALSE,FALSE
2020,Afrique subsaharienne,MALI,335,2426,1990,166,22,66,7,175,816,300,207,173,160,770,3102,2302,214,26,81,14,465,1274,327,237,202,196,866,MLI,Mali,FALSE,FALSE,FALSE
2020,Afrique subsaharienne,MAURICE,390,1364,976,63,20,35,150,120,426,131,140,61,52,554,1733,1191,98,22,45,169,208,594,166,172,80,66,655,MUS,Ile Maurice,FALSE,FALSE,FALSE
2020,Afrique subsaharienne,REP. CENTRAFRICAINE,323,534,399,40,9,6,2,76,123,64,47,50,48,202,939,648,64,10,10,7,200,268,103,73,85,70,340,CAF,République centrafricaine,FALSE,FALSE,FALSE
2020,Afrique subsaharienne,SOMALIE,318,21,17,2,2,0,0,2,2,0,5,2,0,10,75,60,2,2,0,2,10,10,2,10,9,2,42,SOM,Somalie,FALSE,FALSE,FALSE
2020,Afrique subsaharienne,SOUDAN,343,274,241,7,0,0,7,19,86,27,25,6,26,104,357,299,8,2,2,8,38,98,38,29,11,39,142,SDN,Soudan,FALSE,FALSE,FALSE
2020,Afrique subsaharienne,ZAMBIE,346,18,8,2,2,2,2,2,2,2,2,0,2,10,24,12,2,2,2,2,2,2,2,2,2,2,11,ZMB,Zambie,FALSE,FALSE,FALSE
2020,Afrique subsaharienne,ZIMBABWE,310,53,35,7,0,2,2,9,13,11,8,5,2,13,65,38,9,0,2,2,14,16,15,8,6,2,17,ZWE,Zimbabwe,FALSE,FALSE,FALSE
2020,Amérique,BARBADE,434,9,2,2,0,2,0,2,2,2,0,2,0,2,13,2,2,0,2,0,6,5,2,0,2,0,6,BRB,Barbade,FALSE,FALSE,FALSE
2020,Amérique,BELIZE,429,2,2,2,0,0,0,0,2,0,2,0,0,0,2,2,2,0,0,0,2,2,0,2,2,0,0,BLZ,Belize,FALSE,FALSE,FALSE
2020,Amérique,CANADA,401,1121,555,199,2,19,86,260,663,86,109,45,43,175,1432,706,279,7,38,97,305,772,145,133,63,62,257,CAN,Canada,FALSE,TRUE,FALSE
2020,Amérique,DOMINIQUE,438,45,37,2,2,0,0,5,14,2,5,2,2,18,131,107,2,2,2,2,17,25,9,10,8,2,75,DMA,Dominique,FALSE,FALSE,FALSE
2020,Amérique,HONDURAS,411,145,102,10,0,2,11,20,42,31,22,6,6,38,179,122,11,0,2,12,30,49,34,27,18,10,41,HND,Honduras,FALSE,FALSE,FALSE
2020,Amérique,MEXIQUE,405,2477,1619,294,13,179,110,262,790,317,280,229,186,675,2749,1750,344,17,193,130,315,871,358,314,259,201,746,MEX,Mexique,FALSE,TRUE,FALSE
2020,Amérique,REPUBLIQUE DOMINICAINE,408,116,47,17,2,2,5,45,29,7,15,2,0,61,167,70,18,2,2,6,69,40,9,23,2,2,88,DOM,République dominicaine,FALSE,FALSE,FALSE
2020,Amérique,SAINT-CHRISTOPHE-ET-NIEVES,442,2,2,2,0,0,0,0,2,0,0,0,0,2,7,5,2,0,0,0,2,2,0,0,2,0,2,KNA,Saint-Christophe-et-Niévès,FALSE,FALSE,FALSE
2020,Asie,BANGLADESH,246,209,149,16,2,0,6,36,84,18,20,24,10,53,434,302,18,5,5,6,98,252,27,26,34,15,80,BGD,Bangladesh,FALSE,FALSE,FALSE
2020,Asie,ISRAEL,207,157,82,31,0,0,22,22,96,13,5,17,5,21,203,101,45,0,2,26,30,116,19,9,22,8,29,ISR,Israël,FALSE,TRUE,FALSE
2020,Asie,KOWEIT,240,139,126,6,0,0,2,6,29,24,37,23,2,25,148,132,7,0,0,2,8,31,26,37,24,2,29,KWT,Koweït,FALSE,FALSE,FALSE
2020,Asie,NEPAL,215,162,91,30,2,2,7,32,62,25,10,8,5,52,185,104,33,2,2,7,37,81,26,11,8,7,52,NPL,Népal,FALSE,FALSE,FALSE
2020,Asie,PALESTINE,261,197,168,9,2,2,5,13,60,31,32,16,15,43,254,216,11,2,2,6,18,71,38,32,23,25,65,PSE,Territoires palestiniens,FALSE,FALSE,FALSE
2020,Asie,SRI LANKA,235,189,73,27,2,24,8,54,89,13,17,6,2,61,836,485,41,7,44,12,247,622,22,26,37,16,113,LKA,Sri Lanka,FALSE,FALSE,FALSE
2020,Asie,SYRIE,206,1614,1338,49,10,30,81,106,447,279,132,216,76,464,2288,1853,68,17,54,101,195,600,387,174,305,120,702,SYR,Syrie,FALSE,FALSE,FALSE
2020,Asie,TADJIKISTAN,259,13,9,2,0,2,2,2,2,2,2,2,0,2,21,16,2,0,2,2,2,7,2,2,2,2,6,TJK,Tadjikistan,FALSE,FALSE,FALSE
2020,Asie,TAIWAN,236,859,351,260,0,5,139,104,390,123,52,53,36,205,983,373,326,0,11,160,113,445,159,54,54,39,232,TWN,Taïwan,FALSE,FALSE,FALSE
2020,Europe,ALBANIE,125,638,483,28,0,27,21,79,158,159,48,79,26,168,1204,842,49,2,39,30,243,217,307,83,170,57,370,ALB,Albanie,TRUE,FALSE,FALSE
2020,Europe,BELGIQUE,131,2668,1750,354,2,53,203,305,1006,269,239,215,350,589,4697,3032,576,25,144,305,615,1489,497,546,370,596,1199,BEL,Belgique,TRUE,TRUE,TRUE
2020,Europe,BIELORUSSIE,148,253,193,20,0,5,14,21,72,25,21,19,18,98,349,258,23,2,8,22,37,103,38,29,28,25,126,BLR,Biélorussie,TRUE,FALSE,FALSE
2020,Europe,BOSNIE-HERZEGOVINE,118,76,54,2,0,2,2,16,27,8,10,8,2,20,204,142,10,0,2,2,46,40,48,14,52,2,46,BIH,Bosnie-Herzégovine,TRUE,FALSE,FALSE
2020,Europe,BULGARIE,111,703,525,54,2,11,44,68,228,98,80,106,46,145,969,722,66,2,19,53,107,329,128,98,127,57,230,BGR,Bulgarie,TRUE,FALSE,TRUE
2020,Europe,ISLANDE,102,26,11,2,0,2,2,7,16,2,2,2,0,2,33,14,5,0,2,2,7,17,2,2,2,2,2,ISL,Islande,TRUE,TRUE,FALSE
2020,Europe,MONACO,138,166,121,18,2,2,2,16,28,7,11,2,6,110,312,190,41,7,13,19,42,63,21,18,9,10,191,MCO,Monaco,FALSE,FALSE,FALSE
2020,Europe,MONTENEGRO,120,36,28,2,0,0,2,5,13,5,0,8,2,9,65,48,2,2,2,2,12,17,8,0,25,2,14,MNE,Monténégro,TRUE,FALSE,FALSE
2020,Europe,PORTUGAL,139,1424,721,184,5,23,77,414,593,151,156,148,50,326,7414,4861,552,45,119,201,1636,3241,810,671,443,242,2007,PRT,Portugal,TRUE,TRUE,TRUE
2020,Europe,REPUBLIQUE TCHEQUE,116,403,272,33,2,12,19,64,138,67,29,29,25,115,504,337,41,2,20,21,82,172,78,39,42,32,141,CZE,République tchèque,TRUE,TRUE,TRUE
2020,Europe,SERBIE,121,361,265,28,0,2,8,57,161,49,21,49,10,71,614,443,41,2,8,12,109,284,73,29,91,23,114,SRB,Serbie,TRUE,FALSE,FALSE
2020,Europe,SLOVENIE,145,73,35,8,0,2,13,15,41,6,2,6,2,15,86,42,11,0,2,14,15,47,8,2,6,2,20,SVN,Slovénie,TRUE,TRUE,TRUE
2020,Maghreb,LIBYE,316,230,209,8,0,2,2,10,44,19,28,24,31,84,307,259,11,2,9,2,25,66,30,32,31,37,111,LBY,Libye,FALSE,FALSE,FALSE
2020,Maghreb,MAURITANIE,336,895,678,54,27,83,2,51,261,102,84,71,77,300,1115,804,82,29,92,2,105,384,118,88,85,93,347,MRT,Mauritanie,FALSE,FALSE,FALSE
2020,Océanie,KIRIBATI,513,0,0,0,0,0,0,0,0,0,0,0,0,0,2,0,2,0,0,0,0,0,0,0,0,0,2,KIR,Kiribati,FALSE,FALSE,FALSE
2021,Afrique subsaharienne,BOTSWANA,347,17,7,2,0,2,2,2,8,2,0,2,0,5,17,7,2,0,2,2,2,8,2,0,2,0,5,BWA,Botswana,FALSE,FALSE,FALSE
2021,Afrique subsaharienne,BURKINA,331,2097,1512,167,71,151,18,178,462,392,235,134,168,706,2378,1665,211,73,165,24,240,564,428,255,154,194,783,BFA,Burkina Faso,FALSE,FALSE,FALSE
2021,Afrique subsaharienne,BURUNDI,321,985,888,18,7,13,6,53,95,93,196,83,172,346,1069,935,25,7,15,8,79,115,102,200,89,188,375,BDI,Burundi,FALSE,FALSE,FALSE
2021,Afrique subsaharienne,CAP-VERT,396,60,29,2,0,2,0,26,32,7,2,2,5,9,274,164,7,2,2,2,99,179,17,2,6,12,57,CPV,Cap Vert,FALSE,FALSE,FALSE
2021,Afrique subsaharienne,COMORES,397,1817,1520,25,14,14,6,238,521,160,130,40,83,883,3561,2620,52,16,22,8,843,697,308,247,96,126,2087,COM,Comores,FALSE,FALSE,FALSE
2021,Afrique subsaharienne,DJIBOUTI,399,691,597,29,2,10,2,47,95,71,139,42,82,262,819,669,39,5,11,5,90,111,87,152,49,103,317,DJI,Djibouti,FALSE,FALSE,FALSE
2021,Afrique subsaharienne,GHANA,329,402,274,58,0,15,7,48,92,54,58,26,31,141,482,320,66,0,19,7,70,119,64,63,33,37,166,GHA,Ghana,FALSE,FALSE,FALSE
2021,Afrique subsaharienne,GUINEE EQUATORIALE,314,57,45,2,0,2,0,8,8,7,5,10,8,19,93,65,6,0,2,0,19,23,11,10,13,9,27,GNQ,Guinée-Équatoriale,FALSE,FALSE,FALSE
2021,Afrique subsaharienne,MADAGASCAR,333,3412,2660,274,66,79,43,290,1101,438,403,148,152,1170,4667,3363,413,84,133,67,607,1537,564,518,232,206,1610,MDG,Madagascar,FALSE,FALSE,FALSE
2021,Afrique subsaharienne,MOZAMBIQUE,393,83,58,11,2,0,0,12,22,10,12,6,2,30,88,61,11,2,0,2,12,25,10,14,6,2,30,MOZ,Mozambique,FALSE,FALSE,FALSE
2021,Afrique subsaharienne,SAO TOME-ET-PRINCIPE,394,12,11,0,0,0,0,2,2,7,0,0,0,2,17,12,0,0,2,0,2,2,8,2,0,0,5,STP,Sao Tomé-et-Principe,FALSE,FALSE,FALSE
2021,Amérique,ARGENTINE,415,755,454,77,2,64,28,128,375,64,63,42,36,175,859,511,95,5,73,36,139,410,80,77,42,39,211,ARG,Argentine,FALSE,FALSE,FALSE
2021,Amérique,BELIZE,429,2,2,0,0,0,2,0,2,0,0,2,0,0,2,2,0,0,0,2,2,2,0,0,2,0,0,BLZ,Belize,FALSE,FALSE,FALSE
2021,Amérique,CANADA,401,1460,786,298,6,36,93,241,730,228,105,99,56,242,1781,945,372,10,51,103,300,849,275,126,116,85,330,CAN,Canada,FALSE,TRUE,FALSE
2021,Amérique,COSTA RICA,406,208,150,18,0,2,6,31,69,35,25,10,20,49,236,167,23,0,2,7,36,82,37,27,13,23,54,CRI,Costa Rica,FALSE,FALSE,FALSE
2021,Amérique,ETATS-UNIS,404,5251,2227,890,7,46,397,1684,2934,489,278,599,119,832,6179,2540,1106,9,80,445,1999,3348,610,320,702,149,1050,USA,Etats-Unis,FALSE,TRUE,FALSE
2021,Amérique,HONDURAS,411,152,118,7,0,2,9,15,42,32,23,9,6,40,197,146,8,0,2,11,28,54,37,28,22,9,47,HND,Honduras,FALSE,FALSE,FALSE
2021,Amérique,PARAGUAY,421,84,61,9,0,2,2,7,35,9,18,2,0,18,106,77,11,0,2,2,11,44,13,20,6,0,23,PRY,Paraguay,FALSE,FALSE,FALSE
2021,Amérique,SAINTE-LUCIE,439,42,37,2,0,0,0,2,2,0,0,2,0,37,71,52,2,0,0,0,18,7,2,2,2,0,61,LCA,Sainte-Lucie,FALSE,FALSE,FALSE
2021,Amérique,SALVADOR,414,210,136,32,0,10,9,23,50,56,41,11,12,40,266,172,37,0,13,11,33,63,65,43,31,15,49,SLV,Salvador,FALSE,FALSE,FALSE
2021,Amérique,TRINITE-ET-TOBAGO,433,28,20,5,0,0,2,2,5,6,2,0,5,9,33,24,6,0,0,2,2,6,6,2,0,5,13,TTO,Trinité et Tobago,FALSE,FALSE,FALSE
2021,Asie,AZERBAIDJAN,253,927,875,20,2,0,9,19,57,35,43,621,15,156,1040,958,27,5,0,10,40,84,45,50,638,22,201,AZE,Azerbaïdjan,TRUE,FALSE,FALSE
2021,Asie,CHYPRE,254,170,135,15,0,2,12,6,49,19,31,29,6,36,188,147,16,0,2,14,9,58,20,31,34,7,38,CYP,Chypre,TRUE,FALSE,TRUE
2021,Asie,EMIRATS ARABES UNIS,247,243,225,9,2,2,2,5,170,14,20,11,6,22,252,231,10,2,2,2,7,174,16,20,11,6,25,ARE,Emirats arabes unis,FALSE,FALSE,FALSE
2021,Asie,INDONESIE,231,946,646,163,2,11,40,85,243,123,138,62,78,302,1022,682,177,2,15,43,104,269,131,143,70,82,327,IDN,Indonésie,FALSE,FALSE,FALSE
2021,Asie,JAPON,217,1159,640,151,0,26,204,138,583,132,92,77,31,244,1348,706,173,2,37,265,164,692,150,98,83,35,290,JPN,Japon,FALSE,TRUE,FALSE
2021,Asie,LAOS,241,81,64,2,2,2,2,6,22,33,7,2,6,9,113,80,9,2,2,5,16,35,39,11,10,6,12,LAO,Laos,FALSE,FALSE,FALSE
2021,Asie,OUZBEKISTAN,258,135,102,18,2,0,2,10,41,17,19,11,2,45,160,118,22,2,2,2,14,49,20,21,14,2,54,UZB,Ouzbékistan,FALSE,FALSE,FALSE
2021,Asie,QATAR,248,141,134,5,0,0,0,2,11,2,2,0,2,124,144,136,5,0,0,0,2,13,2,2,0,2,124,QAT,Qatar,FALSE,FALSE,FALSE
2021,Asie,SINGAPOUR,226,239,40,109,0,16,10,64,191,7,16,5,6,14,265,45,126,0,17,12,65,201,16,18,6,6,18,SGP,Singapour,FALSE,FALSE,FALSE
2021,Asie,VIETNAM,243,4771,3433,373,17,312,172,464,1386,626,415,196,229,1919,5259,3695,451,25,327,192,569,1568,694,454,214,239,2090,VNM,Viêt Nam,FALSE,FALSE,FALSE
2021,Europe,AUTRICHE,110,529,264,115,2,2,30,116,279,64,29,40,14,103,620,314,128,2,8,38,128,321,73,33,48,21,124,AUT,Autriche,TRUE,TRUE,TRUE
2021,Europe,BIELORUSSIE,148,231,155,31,2,6,12,24,73,26,25,17,11,79,322,219,36,6,6,20,35,100,39,33,22,18,110,BLR,Biélorussie,TRUE,FALSE,FALSE
2021,Europe,DANEMARK,101,251,122,62,0,2,16,48,134,33,17,15,10,42,329,155,79,2,2,25,65,160,45,23,25,15,61,DNK,Danemark,TRUE,TRUE,TRUE
2021,Europe,MACEDOINE,156,120,83,12,0,9,2,13,35,22,14,12,2,35,167,109,26,0,9,2,19,51,27,14,19,2,54,MKD,Macédoine du Nord,TRUE,FALSE,FALSE
2021,Europe,MOLDAVIE,151,315,253,11,0,8,12,31,90,47,20,54,14,90,573,414,26,2,13,21,95,268,60,30,65,17,133,MDA,Moldavie,TRUE,FALSE,FALSE
2021,Europe,RUSSIE,123,3503,2339,496,2,67,168,430,1350,601,252,345,117,838,5441,3739,644,13,101,219,725,1897,766,420,626,178,1554,RUS,Russie,TRUE,FALSE,FALSE
2021,Europe,SUEDE,104,658,281,175,2,25,53,120,297,131,47,36,16,131,802,344,211,6,27,64,150,363,151,56,41,25,166,SWE,Suède,TRUE,TRUE,TRUE
2021,Europe,UKRAINE,155,1047,772,92,2,15,62,102,369,141,109,116,43,269,1592,1158,128,9,27,82,188,630,189,147,170,66,390,UKR,Ukraine,TRUE,FALSE,FALSE
2021,Maghreb,ALGERIE,352,25253,22323,865,157,256,301,1351,10443,2219,2034,1684,2533,6340,31031,26346,1401,198,380,365,2341,13039,2883,2481,2000,3056,7572,DZA,Algérie,FALSE,FALSE,FALSE
2021,Nationalite non connue,SANS NATIONALITE,995,8,2,0,0,0,0,5,5,0,2,0,0,2,17,10,0,0,2,0,5,8,2,2,2,2,2,NA,NA,NA,NA,NA
2022,Afrique subsaharienne,GABON,328,4481,3033,526,69,234,22,597,762,597,572,305,465,1780,5656,3667,746,74,261,36,872,1071,760,690,383,576,2176,GAB,Gabon,FALSE,FALSE,FALSE
2022,Afrique subsaharienne,GAMBIE,304,12,7,2,0,0,0,2,2,2,0,0,2,5,29,16,2,0,0,0,10,16,6,0,0,2,5,GMB,Gambie,FALSE,FALSE,FALSE
2022,Afrique subsaharienne,SENEGAL,341,13649,9942,1062,312,794,69,1470,3826,1547,1263,999,1269,4745,15251,10735,1312,338,870,77,1919,4553,1706,1348,1075,1371,5198,SEN,Sénégal,FALSE,FALSE,FALSE
2022,Afrique subsaharienne,SEYCHELLES,398,17,12,2,0,0,2,2,2,0,2,0,0,13,25,18,2,0,0,2,2,6,0,2,2,0,17,SYC,Seychelles,FALSE,FALSE,FALSE
2022,Afrique subsaharienne,SIERRA LEONE,342,12,7,2,0,2,0,2,2,2,2,0,2,2,26,14,2,0,2,0,9,7,2,2,2,2,9,SLE,Sierra Leone,FALSE,FALSE,FALSE
2022,Afrique subsaharienne,SOUDAN,343,237,218,2,0,0,2,13,68,27,14,9,33,86,360,314,2,2,2,9,30,97,48,19,14,47,135,SDN,Soudan,FALSE,FALSE,FALSE
2022,Amérique,BARBADE,434,2,2,0,0,0,0,2,2,0,0,0,0,2,2,2,0,0,0,0,2,2,0,2,0,0,2,BRB,Barbade,FALSE,FALSE,FALSE
2022,Amérique,CHILI,417,827,508,90,2,74,41,113,327,129,95,45,41,190,934,567,107,2,77,52,129,357,152,105,47,46,227,CHL,Chili,FALSE,TRUE,FALSE
2022,Amérique,CUBA,407,144,122,2,0,2,5,13,48,14,27,9,7,39,191,160,5,0,2,5,18,65,15,31,16,8,56,CUB,Cuba,FALSE,FALSE,FALSE
2022,Amérique,ETATS-UNIS,404,5855,2506,853,12,83,477,1924,3231,558,370,740,107,849,6754,2825,1062,15,114,521,2217,3602,679,404,850,139,1080,USA,Etats-Unis,FALSE,TRUE,FALSE
2022,Amérique,GRENADE,435,14,6,0,0,0,0,8,10,0,0,0,0,2,19,6,0,0,0,0,13,15,0,0,0,0,2,GRD,Grenade,FALSE,FALSE,FALSE
2022,Amérique,GUYANA,428,7,6,0,0,0,2,0,2,0,0,0,0,2,71,55,0,2,0,2,14,11,2,5,8,2,42,GUY,Guyana,FALSE,FALSE,FALSE
2022,Amérique,NICARAGUA,412,83,65,9,2,0,5,2,21,14,23,2,2,19,95,75,10,2,0,5,2,24,17,24,2,5,23,NIC,Nicaragua,FALSE,FALSE,FALSE
2022,Amérique,SURINAME,437,2,2,0,0,0,0,2,0,0,0,0,0,2,170,112,0,0,0,2,57,2,2,2,9,6,147,SUR,Suriname,FALSE,FALSE,FALSE
2022,Amérique,URUGUAY,423,114,61,9,0,17,9,18,52,10,15,10,8,19,127,70,10,0,17,10,20,55,11,18,11,10,22,URY,Uruguay,FALSE,FALSE,FALSE
2022,Asie,AFGHANISTAN,212,503,426,22,0,6,7,42,147,96,40,32,53,135,834,635,37,2,9,13,137,237,126,54,90,83,244,AFG,Afghanistan,FALSE,FALSE,FALSE
2022,Asie,BAHREIN,249,67,59,2,0,0,2,2,12,5,2,2,2,44,75,62,2,0,0,2,7,16,5,2,2,2,46,BHR,Bahreïn,FALSE,FALSE,FALSE
2022,Asie,BIRMANIE,224,70,40,11,0,0,10,9,21,14,10,8,2,15,78,46,12,0,0,11,9,23,14,11,9,2,19,MMR,Birmanie,FALSE,FALSE,FALSE
2022,Asie,COREE DU NORD,238,108,6,31,0,0,30,41,76,2,2,12,0,17,135,6,34,0,0,47,48,85,18,2,13,0,18,PRK,Corée du Nord,FALSE,FALSE,FALSE
2022,Asie,IRAN,204,2356,1824,89,5,21,96,321,722,411,195,452,95,481,2671,2049,104,8,27,108,375,853,435,216,486,112,569,IRN,Iran,FALSE,FALSE,FALSE
2022,Asie,MALAISIE,227,694,394,100,40,93,9,58,86,82,178,48,46,254,730,410,108,44,95,10,63,95,86,190,50,47,262,MYS,Malaisie,FALSE,FALSE,FALSE
2022,Asie,MALDIVES,229,11,7,2,0,0,2,0,2,2,7,0,0,0,14,10,2,0,0,2,0,2,2,7,0,0,0,MDV,Maldives,FALSE,FALSE,FALSE
2022,Asie,PALESTINE,261,198,166,10,0,2,2,16,75,25,23,14,16,45,262,217,12,0,5,2,26,86,32,26,28,24,66,PSE,Territoires palestiniens,FALSE,FALSE,FALSE
2022,Asie,PHILIPPINES,220,395,204,120,0,0,13,58,146,47,64,13,25,100,631,325,136,6,2,19,141,296,53,76,14,29,163,PHL,Philippines,FALSE,FALSE,FALSE
2022,Asie,TURQUIE,208,2979,2303,175,6,74,140,281,1189,374,306,375,114,621,4733,3366,262,15,112,175,803,1798,573,382,621,205,1154,TUR,Turquie,TRUE,TRUE,FALSE
2022,Europe,AUTRICHE,110,570,284,129,2,2,27,125,308,65,33,32,15,117,669,337,150,2,9,32,138,363,75,39,36,19,137,AUT,Autriche,TRUE,TRUE,TRUE
2022,Europe,ESPAGNE,134,6930,4580,805,46,360,225,914,2453,902,1102,532,269,1672,11594,7702,1057,93,498,305,1939,3414,1361,2352,791,518,3158,ESP,Espagne,TRUE,TRUE,TRUE
2022,Europe,KOSOVO,157,68,42,9,0,2,2,15,19,14,2,13,5,16,663,431,23,2,2,2,199,54,164,15,253,32,145,XKX,Kosovo,FALSE,FALSE,FALSE
2022,Europe,NORVEGE,103,556,263,135,2,47,29,81,163,120,120,26,15,112,622,302,154,2,48,31,86,188,129,132,26,17,130,NOR,Norvège,TRUE,TRUE,FALSE
2022,Europe,POLOGNE,122,1420,887,206,2,24,80,219,628,208,161,85,65,273,2340,1519,261,15,60,100,385,1092,294,224,133,114,483,POL,Pologne,TRUE,TRUE,TRUE
2022,Europe,REPUBLIQUE TCHEQUE,116,502,340,43,5,13,15,86,181,90,41,34,19,137,624,414,58,5,20,22,105,221,106,50,46,27,174,CZE,République tchèque,TRUE,TRUE,TRUE
2022,Europe,SUEDE,104,700,283,201,6,19,67,124,334,139,57,43,7,120,856,356,235,8,23,82,152,405,153,71,48,15,164,SWE,Suède,TRUE,TRUE,TRUE
2022,Océanie,KIRIBATI,513,0,0,0,0,0,0,0,0,0,0,0,0,0,2,0,2,0,0,0,0,0,0,0,0,0,2,KIR,Kiribati,FALSE,FALSE,FALSE
2022,Océanie,REP. DES ILES PALAOS,517,2,0,2,0,0,0,0,0,0,0,0,0,2,2,0,2,0,0,0,0,0,0,0,0,0,2,PLW,Palaos,FALSE,FALSE,FALSE
2022,Océanie,VANUATU,514,8,2,2,2,2,0,0,2,2,2,2,0,2,21,11,2,2,2,0,2,2,2,2,2,2,6,VUT,Vanuatu,FALSE,FALSE,FALSE
2023,Afrique subsaharienne,BENIN,327,6291,4552,555,70,521,57,536,1615,734,653,390,520,2379,7003,4850,760,71,546,75,701,2034,799,686,414,558,2512,BEN,Bénin,FALSE,FALSE,FALSE
2023,Afrique subsaharienne,CONGO,324,5914,4080,709,45,118,41,921,1796,645,364,466,521,2122,8307,5396,1030,57,152,70,1602,2964,860,454,590,723,2716,COG,Congo,FALSE,FALSE,FALSE
2023,Afrique subsaharienne,GABON,328,4558,2836,625,69,245,35,748,858,576,594,309,442,1779,5813,3482,862,74,291,52,1052,1192,743,728,384,564,2202,GAB,Gabon,FALSE,FALSE,FALSE
2023,Afrique subsaharienne,GUINEE-BISSAO,392,31,22,2,0,2,0,2,16,2,2,2,0,8,93,50,10,0,2,0,30,51,11,2,2,2,23,GNB,Guinée-Bissau,FALSE,FALSE,FALSE
2023,Afrique subsaharienne,LESOTHO,348,6,2,0,0,0,2,2,0,2,0,0,2,2,8,6,0,0,0,2,2,0,2,0,0,2,2,LSO,Lesotho,FALSE,FALSE,FALSE
2023,Afrique subsaharienne,NAMIBIE,311,7,2,2,0,0,2,2,5,2,0,0,0,0,9,2,2,0,0,2,2,5,2,0,0,0,2,NAM,Namibie,FALSE,FALSE,FALSE
2023,Afrique subsaharienne,SOMALIE,318,35,31,0,2,0,0,2,7,2,2,5,2,18,123,89,2,2,0,2,30,24,8,10,13,7,61,SOM,Somalie,FALSE,FALSE,FALSE
2023,Afrique subsaharienne,SWAZILAND,391,5,2,2,0,0,0,0,0,2,2,0,0,2,6,2,2,0,0,0,2,2,2,2,0,0,2,SWZ,Eswatini,FALSE,FALSE,FALSE
2023,Afrique subsaharienne,TCHAD,344,2557,2210,113,14,49,14,157,381,326,332,246,202,1070,2849,2388,152,17,60,16,216,474,357,352,271,218,1177,TCD,Tchad,FALSE,FALSE,FALSE
2023,Afrique subsaharienne,ZAMBIE,346,20,12,2,2,2,0,2,2,2,2,2,2,10,23,15,2,2,2,0,2,2,2,2,2,2,13,ZMB,Zambie,FALSE,FALSE,FALSE
2023,Amérique,BARBADE,434,2,2,2,0,0,0,0,2,0,0,0,0,2,2,2,2,0,0,0,2,2,0,2,0,0,2,BRB,Barbade,FALSE,FALSE,FALSE
2023,Amérique,CHILI,417,832,517,87,2,69,40,118,293,126,107,46,45,215,941,574,103,2,77,52,133,324,150,119,48,54,246,CHL,Chili,FALSE,TRUE,FALSE
2023,Amérique,EQUATEUR,420,619,430,71,2,15,31,68,170,123,115,37,39,135,702,479,83,2,15,46,75,208,134,122,49,42,147,ECU,Equateur,FALSE,FALSE,FALSE
2023,Amérique,GUYANA,428,11,6,2,0,0,2,2,6,0,0,2,0,2,63,40,2,0,0,2,17,12,0,5,5,2,39,GUY,Guyana,FALSE,FALSE,FALSE
2023,Amérique,HONDURAS,411,159,115,13,2,5,9,16,34,30,30,8,7,50,199,144,17,2,2,11,22,42,33,36,22,9,57,HND,Honduras,FALSE,FALSE,FALSE
2023,Amérique,PARAGUAY,421,70,50,6,0,2,2,9,20,7,20,5,0,18,92,60,8,0,5,2,16,34,9,21,7,0,21,PRY,Paraguay,FALSE,FALSE,FALSE
2023,Asie,GEORGIE,255,468,329,67,0,0,20,52,173,52,62,39,17,125,1015,723,90,0,7,32,163,312,101,114,126,42,320,GEO,Géorgie,TRUE,FALSE,FALSE
2023,Asie,INDONESIE,231,960,555,268,2,6,36,94,277,114,120,62,79,308,1036,588,284,2,13,44,106,301,123,127,67,81,337,IDN,Indonésie,FALSE,FALSE,FALSE
2023,Asie,IRAN,204,2707,2125,111,7,24,120,320,775,498,275,485,112,562,3032,2345,133,10,30,142,372,908,524,296,519,137,648,IRN,Iran,FALSE,FALSE,FALSE
2023,Asie,MALAISIE,227,658,354,79,34,126,9,56,83,81,179,60,49,206,697,380,84,34,130,11,58,90,87,194,62,50,214,MYS,Malaisie,FALSE,FALSE,FALSE
2023,Asie,MALDIVES,229,9,8,2,0,0,0,0,0,2,8,0,0,0,11,10,2,0,0,0,0,0,2,8,0,0,0,MDV,Maldives,FALSE,FALSE,FALSE
2023,Asie,SINGAPOUR,226,280,50,128,0,12,5,85,207,19,18,6,2,27,307,55,142,0,16,7,87,219,26,18,8,2,33,SGP,Singapour,FALSE,FALSE,FALSE
2023,Asie,TADJIKISTAN,259,22,17,2,0,0,2,2,7,6,2,0,2,2,42,30,2,0,2,2,5,12,13,2,2,7,8,TJK,Tadjikistan,FALSE,FALSE,FALSE
2023,Asie,TAIWAN,236,1084,402,430,0,5,126,121,467,215,31,72,60,239,1158,430,447,0,7,144,130,508,224,32,72,62,260,TWN,Taïwan,FALSE,FALSE,FALSE
2023,Europe,BULGARIE,111,668,463,70,2,5,42,86,286,89,72,82,30,109,1034,694,94,2,12,52,178,419,127,101,115,43,229,BGR,Bulgarie,TRUE,FALSE,TRUE
2023,Europe,GRECE,126,3173,2760,134,2,24,65,188,1259,200,254,731,72,657,3408,2922,155,2,32,80,217,1365,227,273,754,86,703,GRC,Grèce,TRUE,TRUE,TRUE
2023,Europe,LETTONIE,107,135,60,34,0,2,13,26,67,15,11,8,10,24,194,87,41,2,6,18,41,88,23,20,12,11,40,LVA,Lettonie,TRUE,TRUE,TRUE
2023,Europe,LITUANIE,108,269,128,42,2,2,24,73,140,35,20,22,12,40,336,166,55,2,2,31,81,160,42,26,27,16,65,LTU,Lituanie,TRUE,TRUE,TRUE
2023,Europe,MONTENEGRO,120,41,32,2,0,0,2,6,12,8,5,9,2,6,68,52,2,0,0,2,12,18,8,5,26,2,10,MNE,Monténégro,TRUE,FALSE,FALSE
2023,Europe,REPUBLIQUE TCHEQUE,116,487,323,51,2,9,19,83,195,71,31,33,17,140,612,399,65,2,16,26,104,241,87,40,41,24,179,CZE,République tchèque,TRUE,TRUE,TRUE
2023,Europe,ROUMANIE,114,2518,1967,130,8,30,84,299,1258,259,230,236,81,454,4716,3508,248,26,86,139,709,2431,425,364,336,152,1008,ROU,Roumanie,TRUE,FALSE,TRUE
2023,Europe,RUSSIE,123,3406,2124,562,5,60,221,434,1543,496,265,306,117,679,5506,3557,701,17,94,292,845,2112,710,464,626,193,1401,RUS,Russie,TRUE,FALSE,FALSE
2023,Europe,SERBIE,121,326,210,34,0,2,19,62,165,35,31,28,16,51,606,384,51,0,10,25,136,303,62,37,75,24,105,SRB,Serbie,TRUE,FALSE,FALSE
2023,Europe,UKRAINE,155,3098,2410,191,7,26,235,229,967,389,233,405,177,927,3836,2895,228,14,41,285,373,1290,467,281,459,210,1129,UKR,Ukraine,TRUE,FALSE,FALSE
2023,Maghreb,LIBYE,316,150,121,20,0,0,2,8,47,12,32,16,18,25,263,198,27,0,9,2,26,77,32,37,30,21,66,LBY,Libye,FALSE,FALSE,FALSE
2023,Maghreb,MAROC,350,36816,19783,6754,1866,4226,585,3602,10117,5102,3438,3126,3800,11233,43357,22497,8397,1976,4674,692,5121,12426,5698,4522,3591,4326,12794,MAR,Maroc,FALSE,FALSE,FALSE
2023,Maghreb,MAURITANIE,336,895,594,79,47,81,2,93,249,96,68,66,93,323,1095,720,102,47,91,2,131,347,111,82,78,104,373,MRT,Mauritanie,FALSE,FALSE,FALSE
2023,Maghreb,TUNISIE,351,12445,7890,1250,327,1139,200,1639,5379,1584,1290,605,676,2911,15224,9447,1597,366,1281,245,2288,6644,1924,1445,819,797,3595,TUN,Tunisie,FALSE,FALSE,FALSE
2023,Océanie,REP. DES ILES PALAOS,517,2,0,2,0,0,0,0,0,0,0,0,0,2,2,0,2,0,0,0,0,0,0,0,0,0,2,PLW,Palaos,FALSE,FALSE,FALSE
2024,Afrique subsaharienne,AFRIQUE DU SUD,303,241,117,68,2,2,20,32,100,31,22,16,6,66,313,149,91,2,2,23,46,133,37,26,20,10,87,ZAF,Afrique du Sud,FALSE,FALSE,FALSE
2024,Afrique subsaharienne,BURUNDI,321,1125,984,31,11,18,8,73,167,110,182,75,151,440,1245,1068,38,11,20,9,99,195,124,201,87,163,475,BDI,Burundi,FALSE,FALSE,FALSE
2024,Afrique subsaharienne,ERYTHREE,317,11,11,0,0,0,0,0,2,2,2,2,0,2,86,63,0,2,0,2,20,15,14,5,9,7,36,ERI,Erythrée,FALSE,FALSE,FALSE
2024,Afrique subsaharienne,MALI,335,2194,1624,251,35,88,9,187,772,230,171,140,195,686,2851,1931,318,40,112,17,433,1217,261,187,176,232,778,MLI,Mali,FALSE,FALSE,FALSE
2024,Afrique subsaharienne,MAURICE,390,1206,813,113,23,24,148,85,351,116,148,57,59,475,1568,1026,158,23,37,163,161,512,156,173,81,69,577,MUS,Ile Maurice,FALSE,FALSE,FALSE
2024,Afrique subsaharienne,MOZAMBIQUE,393,138,85,15,2,7,2,29,25,23,30,11,5,44,152,94,18,2,7,2,30,31,24,32,13,5,47,MOZ,Mozambique,FALSE,FALSE,FALSE
2024,Afrique subsaharienne,REP. CENTRAFRICAINE,323,565,404,81,5,12,2,60,132,73,58,43,69,190,975,640,123,5,23,7,177,261,109,91,75,95,344,CAF,République centrafricaine,FALSE,FALSE,FALSE
2024,Afrique subsaharienne,SAO TOME-ET-PRINCIPE,394,10,10,0,0,0,0,0,0,2,0,0,0,7,10,10,0,0,0,0,0,0,2,0,0,0,7,STP,Sao Tomé-et-Principe,FALSE,FALSE,FALSE
2024,Afrique subsaharienne,SIERRA LEONE,342,24,16,2,0,2,0,2,7,2,2,0,2,6,40,23,5,0,2,0,8,13,5,2,2,6,9,SLE,Sierra Leone,FALSE,FALSE,FALSE
2024,Afrique subsaharienne,SOMALIE,318,30,28,0,0,0,0,2,6,0,2,0,0,21,144,98,2,0,0,0,42,27,10,13,12,9,73,SOM,Somalie,FALSE,FALSE,FALSE
2024,Amérique,CHILI,417,787,519,65,2,63,40,99,276,134,95,44,37,201,894,579,83,2,71,50,110,313,152,105,45,45,234,CHL,Chili,FALSE,TRUE,FALSE
2024,Amérique,DOMINIQUE,438,38,34,2,0,0,2,2,10,2,2,2,2,18,124,102,2,2,2,2,16,22,6,6,2,7,79,DMA,Dominique,FALSE,FALSE,FALSE
2024,Amérique,ETATS-UNIS,404,5483,2386,962,9,38,495,1593,3396,565,396,228,136,762,6388,2693,1237,12,58,544,1844,3908,680,434,253,161,952,USA,Etats-Unis,FALSE,TRUE,FALSE
2024,Amérique,JAMAIQUE,426,42,31,2,0,0,2,2,10,5,2,0,2,21,49,36,2,0,0,2,6,15,5,2,0,2,23,JAM,Jamaïque,FALSE,FALSE,FALSE
2024,Amérique,PANAMA,413,71,53,5,0,0,2,10,21,6,11,2,6,24,77,56,7,0,0,2,11,22,8,13,2,6,25,PAN,Panama,FALSE,FALSE,FALSE
2024,Amérique,PARAGUAY,421,68,52,2,0,2,0,9,24,5,12,6,0,21,87,64,6,0,5,2,11,32,6,16,7,0,26,PRY,Paraguay,FALSE,FALSE,FALSE
2024,Amérique,PEROU,422,1039,662,192,5,25,51,104,407,136,94,67,63,272,1322,836,231,8,36,61,150,543,155,121,80,75,348,PER,Pérou,FALSE,FALSE,FALSE
2024,Amérique,SAINT-CHRISTOPHE-ET-NIEVES,442,13,2,7,0,0,0,2,7,2,2,0,2,2,17,6,8,0,0,0,2,9,2,2,2,2,2,KNA,Saint-Christophe-et-Niévès,FALSE,FALSE,FALSE
2024,Amérique,VENEZUELA,424,584,441,34,7,14,49,39,161,83,99,57,27,157,770,549,50,7,44,58,62,223,106,132,63,33,213,VEN,Venezuela,FALSE,FALSE,FALSE
2024,Asie,CAMBODGE,234,692,546,40,2,41,9,54,242,239,46,24,28,113,814,630,48,2,48,10,75,296,261,57,30,29,141,KHM,Cambodge,FALSE,FALSE,FALSE
2024,Asie,CHINE,216,23213,11161,7305,158,1156,1117,2316,9349,2724,1684,1119,2243,6094,26326,12624,7992,188,1344,1249,2929,11520,2872,1738,1266,2354,6576,CHN,Chine,FALSE,FALSE,FALSE
2024,Asie,EMIRATS ARABES UNIS,247,334,296,29,0,2,2,7,224,35,21,12,5,37,350,303,34,0,2,2,10,229,39,21,12,6,43,ARE,Emirats arabes unis,FALSE,FALSE,FALSE
2024,Asie,TURKMENISTAN,260,19,14,2,0,2,2,0,10,0,0,2,2,2,28,20,2,0,2,2,2,12,2,0,2,2,5,TKM,Turkménistan,FALSE,FALSE,FALSE
2024,Asie,TURQUIE,208,3765,2869,269,9,87,197,334,1577,501,375,393,189,730,5337,3794,377,18,124,235,789,2141,650,441,641,266,1198,TUR,Turquie,TRUE,TRUE,FALSE
2024,Europe,AUTRICHE,110,539,264,131,2,2,26,114,316,53,20,33,17,100,638,311,152,2,7,35,132,369,65,22,41,21,120,AUT,Autriche,TRUE,TRUE,TRUE
2024,Europe,BELGIQUE,131,3144,1990,486,6,57,194,411,1409,298,281,203,361,592,5159,3277,712,16,153,268,733,1948,531,604,342,603,1131,BEL,Belgique,TRUE,TRUE,TRUE
2024,Europe,BOSNIE-HERZEGOVINE,118,87,68,7,0,2,2,9,32,8,5,5,7,30,191,145,9,0,2,2,34,46,40,5,47,8,45,BIH,Bosnie-Herzégovine,TRUE,FALSE,FALSE
2024,Europe,ESTONIE,106,125,57,29,0,2,12,24,71,15,9,6,2,20,151,70,34,0,2,15,29,79,18,11,8,5,30,EST,Estonie,TRUE,TRUE,TRUE
2024,Europe,ISLANDE,102,32,13,6,0,2,6,6,15,2,2,2,2,8,38,14,9,0,2,7,7,20,2,2,2,2,8,ISL,Islande,TRUE,TRUE,FALSE
2024,Europe,LITUANIE,108,271,122,65,0,0,23,61,140,32,30,10,11,48,350,165,79,0,2,31,74,171,43,35,16,14,71,LTU,Lituanie,TRUE,TRUE,TRUE
2024,Europe,MONTENEGRO,120,38,31,2,0,0,0,2,8,7,5,6,2,10,68,54,2,0,0,0,11,13,8,5,24,2,16,MNE,Monténégro,TRUE,FALSE,FALSE
2024,Europe,UKRAINE,155,3310,2619,180,12,34,236,229,982,420,277,389,193,1049,4243,3213,238,17,49,290,436,1370,537,345,462,224,1305,UKR,Ukraine,TRUE,FALSE,FALSE
2024,Europe,VATICAN,129,2,2,0,0,0,0,0,0,0,0,0,0,2,2,2,0,0,0,0,0,0,0,0,0,0,2,VAT,Vatican,TRUE,TRUE,FALSE
2024,Maghreb,ALGERIE,352,27675,23766,1416,158,370,278,1687,12063,2495,2187,1584,2266,7080,34757,28670,1919,205,561,327,3075,15258,3275,2745,2009,2849,8621,DZA,Algérie,FALSE,FALSE,FALSE
2024,Maghreb,TUNISIE,351,12989,8091,1326,409,1287,165,1711,5640,1629,1375,577,789,2979,15948,9844,1608,460,1454,196,2386,6904,1983,1564,842,919,3736,TUN,Tunisie,FALSE,FALSE,FALSE
2024,Océanie,AUSTRALIE,501,397,231,60,0,2,21,84,171,115,22,23,10,56,456,255,79,0,2,27,92,193,126,30,25,12,70,AUS,Australie,FALSE,TRUE,FALSE
2024,Océanie,ILES SALOMON,512,0,0,0,0,0,0,0,0,0,0,0,0,0,2,0,2,0,0,0,0,2,0,0,0,0,0,SLB,Îles Salomon,FALSE,FALSE,FALSE
2024,Océanie,PAPOUASIE-NOUVELLE-GUINEE,510,2,0,0,0,0,0,2,0,2,0,0,0,0,2,0,2,0,0,0,2,2,2,0,0,0,0,PNG,Papouasie-Nouvelle-Guinée,FALSE,FALSE,FALSE
2024,Océanie,REP. DES ILES PALAOS,517,2,0,2,0,0,0,0,0,0,0,0,0,2,2,0,2,0,0,0,0,0,0,0,0,0,2,PLW,Palaos,FALSE,FALSE,FALSE
2024,Océanie,TONGA,509,2,2,2,0,0,0,0,2,0,0,0,0,0,2,2,2,0,2,0,0,2,0,0,0,0,0,TON,Tonga,FALSE,FALSE,FALSE
